hour_start,lon_center,lat_center,point_counts,stay_hours
2023/10/31 9:00,121.75,31.25,1,0.167777778
2023/10/31 10:00,121.75,31.25,6,1
2023/10/31 11:00,121.75,31.25,6,1
2023/10/31 12:00,121.75,31.25,6,0.999722222
2023/10/31 13:00,121.75,31.25,6,1.000833333
2023/10/31 14:00,121.75,31.25,6,1
2023/10/31 15:00,121.75,31.25,6,1.000555556
2023/10/31 16:00,121.75,31.25,6,0.997777778
2023/10/31 17:00,121.75,31.25,6,1.001666667
2023/10/31 18:00,121.75,31.25,6,1.000277778
2023/10/31 19:00,121.75,31.25,6,0.998888889
2023/10/31 20:00,121.75,31.25,6,1
2023/10/31 21:00,121.75,31.25,6,1.002222222
2023/10/31 22:00,121.75,31.25,6,0.998611111
2023/10/31 23:00,121.75,31.25,6,1.000555556
2023/11/1 0:00,121.75,31.25,6,0.999722222
2023/11/1 1:00,121.75,31.25,6,0.999722222
2023/11/1 2:00,121.75,31.25,6,0.999444444
2023/11/1 3:00,121.75,31.25,6,0.999166667
2023/11/1 4:00,121.75,31.25,6,1.001944444
2023/11/1 5:00,121.75,31.25,6,0.999444444
2023/11/1 6:00,121.75,31.25,6,1
2023/11/1 7:00,121.75,31.25,6,1.000555556
2023/11/1 8:00,121.75,31.25,6,0.999722222
2023/11/1 9:00,121.75,31.25,6,0.998888889
2023/11/1 10:00,121.75,31.25,4,0.666388889
2023/11/1 10:00,122,31.25,2,0.334444444
2023/11/1 11:00,122,31.25,5,0.831666667
2023/11/1 11:00,122.25,31.25,1,0.168333333
2023/11/1 12:00,122.25,31,2,0.334722222
2023/11/1 12:00,122.25,31.25,4,0.665833333
2023/11/1 13:00,122.25,31,1,0.165
2023/11/1 13:00,122.5,31,5,0.833888889
2023/11/1 14:00,122.5,31,2,0.332777778
2023/11/1 14:00,122.75,31,4,0.668055556
2023/11/1 15:00,122.75,31,2,0.331944444
2023/11/1 15:00,123,31,4,0.667777778
2023/11/1 16:00,123,31,3,0.498611111
2023/11/1 16:00,123.25,31,3,0.5
2023/11/1 17:00,123.25,31,5,0.833055556
2023/11/1 17:00,123.5,31,1,0.166944444
2023/11/1 18:00,123.5,30.75,5,0.833888889
2023/11/1 18:00,123.5,31,1,0.1675
2023/11/1 19:00,123.5,30.75,3,0.498888889
2023/11/1 19:00,123.75,30.5,2,0.335833333
2023/11/1 19:00,123.75,30.75,1,0.166111111
2023/11/1 20:00,123.75,30.5,6,0.998611111
2023/11/1 21:00,123.75,30.25,6,1.001111111
2023/11/1 22:00,123.75,30,4,0.667777778
2023/11/1 22:00,123.75,30.25,2,0.331944444
2023/11/1 23:00,123.75,30,4,0.665277778
2023/11/1 23:00,124,29.75,1,0.166944444
2023/11/1 23:00,124,30,1,0.166666667
2023/11/2 0:00,124,29.75,6,1.001666667
2023/11/2 1:00,124.25,29.5,2,0.334444444
2023/11/2 1:00,124.25,29.75,4,0.665
2023/11/2 2:00,124.25,29.25,1,0.1675
2023/11/2 2:00,124.25,29.5,5,0.831944444
2023/11/2 3:00,124.25,29.25,6,1.001111111
2023/11/2 4:00,124.25,29,4,0.6675
2023/11/2 4:00,124.25,29.25,1,0.164444444
2023/11/2 4:00,124.5,29,1,0.167222222
2023/11/2 5:00,124.5,28.75,4,0.668333333
2023/11/2 5:00,124.5,29,2,0.3325
2023/11/2 6:00,124.5,28.5,2,0.334444444
2023/11/2 6:00,124.5,28.75,4,0.665
2023/11/2 7:00,124.5,28.5,6,1
2023/11/2 8:00,124.5,28.25,3,0.498333333
2023/11/2 8:00,124.75,28.25,3,0.500833333
2023/11/2 9:00,124.75,28,4,0.667222222
2023/11/2 9:00,124.75,28.25,2,0.332777778
2023/11/2 10:00,124.75,27.75,1,0.166944444
2023/11/2 10:00,124.75,28,5,0.832222222
2023/11/2 11:00,124.75,27.75,2,0.334166667
2023/11/2 11:00,125,27.75,4,0.668333333
2023/11/2 12:00,125,27.5,5,0.833611111
2023/11/2 12:00,125,27.75,1,0.163888889
2023/11/2 13:00,125,27.25,3,0.501944444
2023/11/2 13:00,125,27.5,3,0.5
2023/11/2 14:00,125.25,27,1,0.1675
2023/11/2 14:00,125.25,27.25,5,0.832222222
2023/11/2 15:00,125.25,27,6,1.000277778
2023/11/2 16:00,125.25,26.75,2,0.332777778
2023/11/2 16:00,125.25,27,1,0.165833333
2023/11/2 16:00,125.5,26.75,3,0.5
2023/11/2 17:00,125.5,26.5,1,0.167222222
2023/11/2 17:00,125.5,26.75,5,0.833611111
2023/11/2 18:00,125.5,26.5,6,1.000833333
2023/11/2 19:00,125.5,26.25,1,0.167222222
2023/11/2 19:00,125.5,26.5,2,0.330833333
2023/11/2 19:00,125.75,26.25,3,0.500555556
2023/11/2 20:00,125.75,26,2,0.333611111
2023/11/2 20:00,125.75,26.25,4,0.666111111
2023/11/2 21:00,125.75,26,6,1.000277778
2023/11/2 22:00,125.75,25.75,3,0.499444444
2023/11/2 22:00,125.75,26,1,0.166666667
2023/11/2 22:00,126,25.75,2,0.335555556
2023/11/2 23:00,126,25.5,3,0.501666667
2023/11/2 23:00,126,25.75,3,0.498333333
2023/11/3 0:00,126,25.5,6,1.001111111
2023/11/3 1:00,126,25.25,4,0.664166667
2023/11/3 1:00,126.25,25.25,2,0.334444444
2023/11/3 2:00,126.25,25,2,0.333333333
2023/11/3 2:00,126.25,25.25,4,0.665
2023/11/3 3:00,126.25,25,3,0.501111111
2023/11/3 3:00,126.5,25,3,0.5
2023/11/3 4:00,126.5,24.75,5,0.835277778
2023/11/3 4:00,126.5,25,1,0.164722222
2023/11/3 5:00,126.5,24.75,3,0.499444444
2023/11/3 5:00,126.75,24.5,1,0.166944444
2023/11/3 5:00,126.75,24.75,2,0.333055556
2023/11/3 6:00,126.75,24.5,6,1.000833333
2023/11/3 7:00,126.75,24.25,2,0.331944444
2023/11/3 7:00,126.75,24.5,2,0.332777778
2023/11/3 7:00,127,24.25,2,0.333333333
2023/11/3 8:00,127,24,1,0.167222222
2023/11/3 8:00,127,24.25,5,0.833055556
2023/11/3 9:00,127,24,4,0.666944444
2023/11/3 9:00,127.25,24,2,0.334444444
2023/11/3 10:00,127.25,23.75,3,0.500277778
2023/11/3 10:00,127.25,24,3,0.498055556
2023/11/3 11:00,127.25,23.75,5,0.833333333
2023/11/3 11:00,127.5,23.75,1,0.167777778
2023/11/3 12:00,127.5,23.5,5,0.833333333
2023/11/3 12:00,127.5,23.75,1,0.165555556
2023/11/3 13:00,127.5,23.25,1,0.167222222
2023/11/3 13:00,127.5,23.5,5,0.833055556
2023/11/3 14:00,127.75,23.25,6,1.001111111
2023/11/3 15:00,127.75,23,3,0.500833333
2023/11/3 15:00,127.75,23.25,3,0.498333333
2023/11/3 16:00,127.75,23,1,0.166388889
2023/11/3 16:00,128,23,5,0.835
2023/11/3 17:00,128,22.75,6,1.000277778
2023/11/3 18:00,128,22.75,1,0.165833333
2023/11/3 18:00,128.25,22.5,2,0.335277778
2023/11/3 18:00,128.25,22.75,3,0.498888889
2023/11/3 19:00,128.25,22.5,6,1
2023/11/3 20:00,128.25,22.25,1,0.1675
2023/11/3 20:00,128.25,22.5,1,0.164166667
2023/11/3 20:00,128.5,22.25,4,0.668888889
2023/11/3 21:00,128.5,22,1,0.167777778
2023/11/3 21:00,128.5,22.25,5,0.830833333
2023/11/3 22:00,128.5,22,2,0.332222222
2023/11/3 22:00,128.75,22,4,0.668333333
2023/11/3 23:00,128.75,21.75,4,0.669722222
2023/11/3 23:00,128.75,22,2,0.332222222
2023/11/4 0:00,128.75,21.75,3,0.496944444
2023/11/4 0:00,129,21.5,1,0.168055556
2023/11/4 0:00,129,21.75,2,0.334166667
2023/11/4 1:00,129,21.5,6,0.997777778
2023/11/4 2:00,129,21.5,3,0.498888889
2023/11/4 2:00,129.25,21.25,3,0.501111111
2023/11/4 3:00,129.25,21.25,6,1.000833333
2023/11/4 4:00,129.25,21,4,0.665277778
2023/11/4 4:00,129.5,21,2,0.333888889
2023/11/4 5:00,129.5,20.75,3,0.501111111
2023/11/4 5:00,129.5,21,3,0.499166667
2023/11/4 6:00,129.5,20.75,4,0.666944444
2023/11/4 6:00,129.75,20.75,2,0.333055556
2023/11/4 7:00,129.75,20.5,5,0.833888889
2023/11/4 7:00,129.75,20.75,1,0.165833333
2023/11/4 8:00,129.75,20.25,1,0.166944444
2023/11/4 8:00,129.75,20.5,4,0.666111111
2023/11/4 8:00,130,20.25,1,0.167777778
2023/11/4 9:00,130,20.25,6,0.998888889
2023/11/4 10:00,130,20,5,0.833611111
2023/11/4 10:00,130,20.25,1,0.166388889
2023/11/4 11:00,130.25,19.75,1,0.168055556
2023/11/4 11:00,130.25,20,5,0.833333333
2023/11/4 12:00,130.25,19.75,6,0.999444444
2023/11/4 13:00,130.25,19.75,1,0.165555556
2023/11/4 13:00,130.5,19.5,4,0.666666667
2023/11/4 13:00,130.5,19.75,1,0.166944444
2023/11/4 14:00,130.5,19.5,6,1.000555556
2023/11/4 15:00,130.5,19.25,2,0.331944444
2023/11/4 15:00,130.75,19.25,4,0.667777778
2023/11/4 16:00,130.75,19,2,0.335277778
2023/11/4 16:00,130.75,19.25,4,0.665555556
2023/11/4 17:00,130.75,19,3,0.498333333
2023/11/4 17:00,131,19,3,0.502222222
2023/11/4 18:00,131,18.75,5,0.835
2023/11/4 18:00,131,19,1,0.164722222
2023/11/4 19:00,131,18.75,4,0.665
2023/11/4 19:00,131.25,18.5,1,0.167222222
2023/11/4 19:00,131.25,18.75,1,0.166111111
2023/11/4 20:00,131.25,18.5,6,1.001111111
2023/11/4 21:00,131.25,18.25,2,0.332777778
2023/11/4 21:00,131.25,18.5,2,0.332222222
2023/11/4 21:00,131.5,18.25,2,0.334722222
2023/11/4 22:00,131.5,18,1,0.168055556
2023/11/4 22:00,131.5,18.25,5,0.833888889
2023/11/4 23:00,131.5,18,4,0.665
2023/11/4 23:00,131.75,18,2,0.335
2023/11/5 0:00,131.75,17.75,4,0.669722222
2023/11/5 0:00,131.75,18,2,0.33
2023/11/5 1:00,131.75,17.75,4,0.665555556
2023/11/5 1:00,132,17.5,2,0.334166667
2023/11/5 2:00,132,17.5,6,0.9975
2023/11/5 3:00,132,17.25,3,0.5
2023/11/5 3:00,132,17.5,1,0.1675
2023/11/5 3:00,132.25,17.25,2,0.333888889
2023/11/5 4:00,132.25,17,2,0.334722222
2023/11/5 4:00,132.25,17.25,4,0.665
2023/11/5 5:00,132.25,17,4,0.666111111
2023/11/5 5:00,132.5,17,2,0.335555556
2023/11/5 6:00,132.5,16.75,6,0.998333333
2023/11/5 7:00,132.5,16.75,3,0.5
2023/11/5 7:00,132.75,16.5,3,0.500555556
2023/11/5 8:00,132.75,16.25,1,0.166944444
2023/11/5 8:00,132.75,16.5,5,0.831666667
2023/11/5 9:00,132.75,16.25,3,0.499444444
2023/11/5 9:00,133,16.25,3,0.501388889
2023/11/5 10:00,133,16,4,0.667777778
2023/11/5 10:00,133,16.25,2,0.331944444
2023/11/5 11:00,133,16,3,0.499166667
2023/11/5 11:00,133.25,15.75,1,0.167777778
2023/11/5 11:00,133.25,16,2,0.333333333
2023/11/5 12:00,133.25,15.75,6,1
2023/11/5 13:00,133.25,15.5,2,0.333611111
2023/11/5 13:00,133.25,15.75,1,0.166111111
2023/11/5 13:00,133.5,15.5,3,0.499444444
2023/11/5 14:00,133.5,15.25,2,0.335555556
2023/11/5 14:00,133.5,15.5,4,0.666111111
2023/11/5 15:00,133.5,15.25,3,0.498611111
2023/11/5 15:00,133.75,15.25,3,0.500277778
2023/11/5 16:00,133.75,15,5,0.834166667
2023/11/5 16:00,133.75,15.25,1,0.165555556
2023/11/5 17:00,133.75,15,3,0.5
2023/11/5 17:00,134,14.75,3,0.500555556
2023/11/5 18:00,134,14.75,6,0.999444444
2023/11/5 19:00,134,14.5,4,0.665833333
2023/11/5 19:00,134.25,14.5,2,0.334722222
2023/11/5 20:00,134.25,14.25,3,0.500555556
2023/11/5 20:00,134.25,14.5,3,0.499722222
2023/11/5 21:00,134.25,14.25,4,0.665
2023/11/5 21:00,134.5,14.25,2,0.335
2023/11/5 22:00,134.5,14,6,0.999166667
2023/11/5 23:00,134.5,13.75,2,0.3325
2023/11/5 23:00,134.5,14,3,0.5
2023/11/5 23:00,134.75,13.75,1,0.166944444
2023/11/6 0:00,134.75,13.75,6,1.003055556
2023/11/6 1:00,134.75,13.5,5,0.830555556
2023/11/6 1:00,135,13.5,1,0.168333333
2023/11/6 2:00,135,13.25,3,0.501111111
2023/11/6 2:00,135,13.5,3,0.498333333
2023/11/6 3:00,135,13.25,6,1.000833333
2023/11/6 4:00,135.25,13,6,0.998888889
2023/11/6 5:00,135.25,12.75,2,0.334166667
2023/11/6 5:00,135.25,13,4,0.666666667
2023/11/6 6:00,135.25,12.75,1,0.165
2023/11/6 6:00,135.5,12.75,5,0.834166667
2023/11/6 7:00,135.5,12.5,4,0.667222222
2023/11/6 7:00,135.5,12.75,2,0.332777778
2023/11/6 8:00,135.5,12.5,3,0.499166667
2023/11/6 8:00,135.75,12.25,1,0.167777778
2023/11/6 8:00,135.75,12.5,2,0.333611111
2023/11/6 9:00,135.75,12.25,6,1
2023/11/6 10:00,135.75,12,1,0.165833333
2023/11/6 10:00,135.75,12.25,3,0.499166667
2023/11/6 10:00,136,12,2,0.334444444
2023/11/6 11:00,136,12,6,1.000833333
2023/11/6 12:00,136,11.75,5,0.831944444
2023/11/6 12:00,136.25,11.75,1,0.166666667
2023/11/6 13:00,136.25,11.5,3,0.500277778
2023/11/6 13:00,136.25,11.75,3,0.500277778
2023/11/6 14:00,136.25,11.5,6,0.999444444
2023/11/6 15:00,136.25,11.5,1,0.166388889
2023/11/6 15:00,136.5,11.25,5,0.835
2023/11/6 16:00,136.5,11,2,0.3325
2023/11/6 16:00,136.5,11.25,4,0.666111111
2023/11/6 17:00,136.5,11,2,0.333333333
2023/11/6 17:00,136.75,11,4,0.668055556
2023/11/6 18:00,136.75,10.75,5,0.833333333
2023/11/6 18:00,136.75,11,1,0.165833333
2023/11/6 19:00,136.75,10.75,2,0.331944444
2023/11/6 19:00,137,10.5,2,0.333055556
2023/11/6 19:00,137,10.75,2,0.334444444
2023/11/6 20:00,137,10.5,6,0.999722222
2023/11/6 21:00,137,10.25,2,0.332777778
2023/11/6 21:00,137,10.5,1,0.1675
2023/11/6 21:00,137.25,10.25,3,0.501111111
2023/11/6 22:00,137.25,10,2,0.334166667
2023/11/6 22:00,137.25,10.25,4,0.665555556
2023/11/6 23:00,137.25,10,3,0.499166667
2023/11/6 23:00,137.5,10,3,0.500277778
2023/11/7 0:00,137.5,9.75,5,0.833611111
2023/11/7 0:00,137.5,10,1,0.166944444
2023/11/7 1:00,137.5,9.5,1,0.166111111
2023/11/7 1:00,137.5,9.75,3,0.499444444
2023/11/7 1:00,137.75,9.5,2,0.334444444
2023/11/7 2:00,137.75,9.5,6,0.999722222
2023/11/7 3:00,137.75,9.25,4,0.666111111
2023/11/7 3:00,138,9.25,2,0.333888889
2023/11/7 4:00,138,9,2,0.334722222
2023/11/7 4:00,138,9.25,4,0.666111111
2023/11/7 5:00,138,9,1,0.165555556
2023/11/7 5:00,138.25,9,5,0.833888889
2023/11/7 6:00,138.25,8.75,2,0.333055556
2023/11/7 6:00,138.25,9,3,0.500555556
2023/11/7 6:00,138.5,8.75,1,0.1675
2023/11/7 7:00,138.5,8.75,6,0.999166667
2023/11/7 8:00,138.5,8.75,2,0.331666667
2023/11/7 8:00,138.75,8.5,4,0.667777778
2023/11/7 9:00,138.75,8.5,5,0.832222222
2023/11/7 9:00,139,8.5,1,0.167222222
2023/11/7 10:00,139,8.25,5,0.833055556
2023/11/7 10:00,139,8.5,1,0.166111111
2023/11/7 11:00,139,8.25,3,0.500833333
2023/11/7 11:00,139.25,8.25,3,0.501111111
2023/11/7 12:00,139.25,8,6,0.999444444
2023/11/7 13:00,139.5,7.75,1,0.1675
2023/11/7 13:00,139.5,8,5,0.833333333
2023/11/7 14:00,139.5,7.75,3,0.497777778
2023/11/7 14:00,139.75,7.75,3,0.500555556
2023/11/7 15:00,139.75,7.5,2,0.334722222
2023/11/7 15:00,139.75,7.75,4,0.666388889
2023/11/7 16:00,139.75,7.5,1,0.165277778
2023/11/7 16:00,140,7.5,5,0.833611111
2023/11/7 17:00,140,7.25,1,0.167222222
2023/11/7 17:00,140,7.5,3,0.499444444
2023/11/7 17:00,140.25,7.25,2,0.332777778
2023/11/7 18:00,140.25,7.25,6,1.0025
2023/11/7 19:00,140.25,7.25,2,0.331111111
2023/11/7 19:00,140.5,7,4,0.667222222
2023/11/7 20:00,140.5,7,5,0.833333333
2023/11/7 20:00,140.75,7,1,0.167222222
2023/11/7 21:00,140.75,6.75,5,0.833611111
2023/11/7 21:00,140.75,7,1,0.166666667
2023/11/7 22:00,140.75,6.75,2,0.331666667
2023/11/7 22:00,141,6.75,4,0.669444444
2023/11/7 23:00,141,6.5,6,0.999166667
2023/11/8 0:00,141.25,6.25,1,0.167222222
2023/11/8 0:00,141.25,6.5,5,0.831944444
2023/11/8 1:00,141.25,6.25,3,0.500277778
2023/11/8 1:00,141.5,6.25,3,0.500555556
2023/11/8 2:00,141.5,6,2,0.334444444
2023/11/8 2:00,141.5,6.25,4,0.666111111
2023/11/8 3:00,141.5,6,1,0.164166667
2023/11/8 3:00,141.75,6,5,0.835555556
2023/11/8 4:00,141.75,5.75,1,0.166111111
2023/11/8 4:00,141.75,6,4,0.666666667
2023/11/8 4:00,142,5.75,1,0.166666667
2023/11/8 5:00,142,5.75,6,1.0025
2023/11/8 6:00,142,5.75,3,0.496111111
2023/11/8 6:00,142.25,5.5,3,0.502777778
2023/11/8 7:00,142.25,5.5,6,0.998611111
2023/11/8 8:00,142.5,5.25,4,0.668055556
2023/11/8 8:00,142.5,5.5,2,0.331666667
2023/11/8 9:00,142.5,5.25,4,0.666111111
2023/11/8 9:00,142.75,5.25,2,0.333888889
2023/11/8 10:00,142.75,5,4,0.666111111
2023/11/8 10:00,142.75,5.25,2,0.333055556
2023/11/8 11:00,142.75,5,1,0.167222222
2023/11/8 11:00,143,5,5,0.834444444
2023/11/8 12:00,143,4.75,4,0.666388889
2023/11/8 12:00,143,5,1,0.165277778
2023/11/8 12:00,143.25,4.75,1,0.1675
2023/11/8 13:00,143.25,4.75,6,0.999722222
2023/11/8 14:00,143.25,4.5,2,0.3325
2023/11/8 14:00,143.5,4.5,4,0.667222222
2023/11/8 15:00,143.5,4.25,1,0.166944444
2023/11/8 15:00,143.5,4.5,5,0.833055556
2023/11/8 16:00,143.75,4.25,6,1.000555556
2023/11/8 17:00,143.75,4.25,3,0.500555556
2023/11/8 17:00,144,4,3,0.499444444
2023/11/8 18:00,144,4,6,1
2023/11/8 19:00,144.25,3.75,4,0.666944444
2023/11/8 19:00,144.25,4,2,0.332777778
2023/11/8 20:00,144.25,3.75,3,0.499722222
2023/11/8 20:00,144.5,3.75,3,0.5
2023/11/8 21:00,144.5,3.5,5,0.833888889
2023/11/8 21:00,144.5,3.75,1,0.166388889
2023/11/8 22:00,144.5,3.5,1,0.166111111
2023/11/8 22:00,144.75,3.5,5,0.835277778
2023/11/8 23:00,144.75,3.25,4,0.664444444
2023/11/8 23:00,145,3.25,2,0.334444444
2023/11/9 0:00,145,3,1,0.1675
2023/11/9 0:00,145,3.25,5,0.832222222
2023/11/9 1:00,145,3,1,0.166944444
2023/11/9 1:00,145.25,3,5,0.834444444
2023/11/9 2:00,145.25,2.75,1,0.1675
2023/11/9 2:00,145.25,3,3,0.498055556
2023/11/9 2:00,145.5,2.75,2,0.335277778
2023/11/9 3:00,145.5,2.75,6,0.998333333
2023/11/9 4:00,145.5,2.75,1,0.165277778
2023/11/9 4:00,145.75,2.5,4,0.6675
2023/11/9 4:00,145.75,2.75,1,0.1675
2023/11/9 5:00,145.75,2.5,4,0.666111111
2023/11/9 5:00,146,2.5,2,0.333611111
2023/11/9 6:00,146,2.25,6,1
2023/11/9 7:00,146,2.25,1,0.165555556
2023/11/9 7:00,146.25,2,2,0.333888889
2023/11/9 7:00,146.25,2.25,3,0.5
2023/11/9 8:00,146.25,2,3,0.499722222
2023/11/9 8:00,146.5,2,3,0.500833333
2023/11/9 9:00,146.5,1.75,4,0.668888889
2023/11/9 9:00,146.5,2,2,0.331666667
2023/11/9 10:00,146.75,1.75,6,0.999444444
2023/11/9 11:00,146.75,1.5,2,0.333333333
2023/11/9 11:00,146.75,1.75,1,0.165555556
2023/11/9 11:00,147,1.5,3,0.501388889
2023/11/9 12:00,147,1.25,1,0.168055556
2023/11/9 12:00,147,1.5,5,0.832777778
2023/11/9 13:00,147.25,1.25,6,0.997222222
2023/11/9 14:00,147.25,1.25,2,0.167777778
2023/11/13 7:00,155.25,-8.5,1,0.1675
2023/11/13 8:00,155.25,-8.5,6,1.000277778
2023/11/13 9:00,155.5,-8.75,6,1.000833333
2023/11/13 10:00,155.5,-9,5,0.834444444
2023/11/13 10:00,155.5,-8.75,1,0.165
2023/11/13 11:00,155.5,-9,1,0.166388889
2023/11/13 11:00,155.75,-9.25,3,0.500833333
2023/11/13 11:00,155.75,-9,2,0.332222222
2023/11/13 12:00,155.75,-9.5,1,0.167777778
2023/11/13 12:00,155.75,-9.25,5,0.833333333
2023/11/13 13:00,155.75,-9.5,2,0.331388889
2023/11/13 13:00,156,-9.5,4,0.667777778
2023/11/13 14:00,156,-9.75,5,0.833611111
2023/11/13 14:00,156,-9.5,1,0.165555556
2023/11/13 15:00,156,-9.75,3,0.500833333
2023/11/13 15:00,156.25,-10,3,0.500277778
2023/11/13 16:00,156.25,-10.25,2,0.335277778
2023/11/13 16:00,156.25,-10,4,0.665277778
2023/11/13 17:00,156.25,-10.25,4,0.665277778
2023/11/13 17:00,156.5,-10.25,2,0.333611111
2023/11/13 18:00,156.5,-10.5,6,1.000833333
2023/11/13 19:00,156.5,-10.75,3,0.499722222
2023/11/13 19:00,156.5,-10.5,2,0.332222222
2023/11/13 19:00,156.75,-10.75,1,0.168333333
2023/11/13 20:00,156.75,-11,1,0.167777778
2023/11/13 20:00,156.75,-10.75,5,0.831111111
2023/11/13 21:00,156.75,-11,6,1.000277778
2023/11/13 22:00,156.75,-11,1,0.165277778
2023/11/13 22:00,157,-11.25,5,0.835277778
2023/11/13 23:00,157,-11.5,3,0.501666667
2023/11/13 23:00,157,-11.25,3,0.498055556
2023/11/14 0:00,157,-11.5,3,0.499444444
2023/11/14 0:00,157.25,-11.75,1,0.168888889
2023/11/14 0:00,157.25,-11.5,2,0.333055556
2023/11/14 1:00,157.25,-11.75,6,0.999166667
2023/11/14 2:00,157.25,-12,3,0.499444444
2023/11/14 2:00,157.25,-11.75,1,0.165833333
2023/11/14 2:00,157.5,-12,2,0.335555556
2023/11/14 3:00,157.5,-12.25,3,0.500277778
2023/11/14 3:00,157.5,-12,3,0.498333333
2023/11/14 4:00,157.5,-12.25,5,0.8325
2023/11/14 4:00,157.75,-12.5,1,0.167222222
2023/11/14 5:00,157.75,-12.5,6,1.000833333
2023/11/14 6:00,157.75,-12.75,5,0.835555556
2023/11/14 6:00,157.75,-12.5,1,0.165833333
2023/11/14 7:00,157.75,-12.75,1,0.165
2023/11/14 7:00,158,-13,3,0.499722222
2023/11/14 7:00,158,-12.75,2,0.333333333
2023/11/14 8:00,158,-13,6,0.999166667
2023/11/14 9:00,158,-13.25,3,0.499166667
2023/11/14 9:00,158.25,-13.25,3,0.500555556
2023/11/14 10:00,158.25,-13.5,4,0.6675
2023/11/14 10:00,158.25,-13.25,2,0.333333333
2023/11/14 11:00,158.25,-13.5,5,0.8325
2023/11/14 11:00,158.5,-13.75,1,0.1675
2023/11/14 12:00,158.5,-13.75,6,1.001111111
2023/11/14 13:00,158.5,-14,4,0.666944444
2023/11/14 13:00,158.5,-13.75,2,0.331388889
2023/11/14 14:00,158.5,-14,1,0.166111111
2023/11/14 14:00,158.75,-14.25,2,0.335277778
2023/11/14 14:00,158.75,-14,3,0.500277778
2023/11/14 15:00,158.75,-14.25,6,0.999444444
2023/11/14 16:00,158.75,-14.5,2,0.3325
2023/11/14 16:00,159,-14.5,4,0.667222222
2023/11/14 17:00,159,-14.75,3,0.502777778
2023/11/14 17:00,159,-14.5,3,0.498611111
2023/11/14 18:00,159,-14.75,4,0.663888889
2023/11/14 18:00,159.25,-15,1,0.167222222
2023/11/14 18:00,159.25,-14.75,1,0.166666667
2023/11/14 19:00,159.25,-15,6,1.000833333
2023/11/14 20:00,159.25,-15.25,4,0.666111111
2023/11/14 20:00,159.25,-15,1,0.166388889
2023/11/14 20:00,159.5,-15.25,1,0.167777778
2023/11/14 21:00,159.5,-15.5,3,0.500555556
2023/11/14 21:00,159.5,-15.25,3,0.499444444
2023/11/14 22:00,159.5,-15.75,1,0.168333333
2023/11/14 22:00,159.5,-15.5,5,0.832777778
2023/11/14 23:00,159.5,-15.75,1,0.165
2023/11/14 23:00,159.75,-15.75,5,0.833055556
2023/11/15 0:00,159.75,-16,5,0.835833333
2023/11/15 0:00,159.75,-15.75,1,0.165833333
2023/11/15 1:00,159.75,-16,2,0.331944444
2023/11/15 1:00,160,-16.25,3,0.499722222
2023/11/15 1:00,160,-16,1,0.166944444
2023/11/15 2:00,160,-16.5,1,0.1675
2023/11/15 2:00,160,-16.25,5,0.834444444
2023/11/15 3:00,160,-16.5,3,0.4975
2023/11/15 3:00,160.25,-16.5,3,0.500833333
2023/11/15 4:00,160.25,-16.75,5,0.836944444
2023/11/15 4:00,160.25,-16.5,1,0.165
2023/11/15 5:00,160.25,-16.75,4,0.664166667
2023/11/15 5:00,160.5,-17,2,0.334166667
2023/11/15 6:00,160.5,-17,6,1
2023/11/15 7:00,160.5,-17.25,5,0.832777778
2023/11/15 7:00,160.75,-17.25,1,0.167222222
2023/11/15 8:00,160.75,-17.5,4,0.667222222
2023/11/15 8:00,160.75,-17.25,2,0.331666667
2023/11/15 9:00,160.75,-17.75,1,0.166666667
2023/11/15 9:00,160.75,-17.5,4,0.666388889
2023/11/15 9:00,161,-17.75,1,0.166666667
2023/11/15 10:00,161,-18,1,0.1675
2023/11/15 10:00,161,-17.75,5,0.833611111
2023/11/15 11:00,161,-18,6,1
2023/11/15 12:00,161.25,-18.25,5,0.835
2023/11/15 12:00,161.25,-18,1,0.165
2023/11/15 13:00,161.25,-18.5,4,0.666111111
2023/11/15 13:00,161.25,-18.25,2,0.3325
2023/11/15 14:00,161.5,-18.75,2,0.332777778
2023/11/15 14:00,161.5,-18.5,4,0.667222222
2023/11/15 15:00,161.5,-18.75,6,1.001388889
2023/11/15 16:00,161.5,-19,1,0.165
2023/11/15 16:00,161.75,-19,5,0.835833333
2023/11/15 17:00,161.75,-19.25,4,0.667777778
2023/11/15 17:00,161.75,-19,2,0.330833333
2023/11/15 18:00,161.75,-19.25,1,0.166388889
2023/11/15 18:00,162,-19.5,2,0.335
2023/11/15 18:00,162,-19.25,3,0.499166667
2023/11/15 19:00,162,-19.75,1,0.167777778
2023/11/15 19:00,162,-19.5,5,0.8325
2023/11/15 20:00,162,-19.75,5,0.832222222
2023/11/15 20:00,162.25,-19.75,1,0.168055556
2023/11/15 21:00,162.25,-20,6,1.000555556
2023/11/15 22:00,162.25,-20.25,5,0.833611111
2023/11/15 22:00,162.25,-20,1,0.165555556
2023/11/15 23:00,162.25,-20.5,4,0.668055556
2023/11/15 23:00,162.25,-20.25,2,0.332222222
2023/11/16 0:00,162.25,-20.5,1,0.164444444
2023/11/16 0:00,162.5,-20.75,4,0.667777778
2023/11/16 0:00,162.5,-20.5,1,0.168333333
2023/11/16 1:00,162.5,-21,3,0.500833333
2023/11/16 1:00,162.5,-20.75,3,0.497777778
2023/11/16 2:00,162.5,-21.25,2,0.332777778
2023/11/16 2:00,162.5,-21,4,0.666388889
2023/11/16 3:00,162.5,-21.25,1,0.168055556
2023/11/16 3:00,162.75,-21.5,2,0.334444444
2023/11/16 3:00,162.75,-21.25,3,0.499166667
2023/11/16 4:00,162.75,-21.75,2,0.335
2023/11/16 4:00,162.75,-21.5,4,0.664722222
2023/11/16 5:00,162.75,-22,1,0.167222222
2023/11/16 5:00,162.75,-21.75,5,0.832777778
2023/11/16 6:00,162.75,-22,2,0.333055556
2023/11/16 6:00,163,-22,4,0.666388889
2023/11/16 7:00,163,-22.25,6,0.999166667
2023/11/16 8:00,163,-22.5,6,1.000277778
2023/11/16 9:00,163,-22.75,6,1.000833333
2023/11/16 10:00,163,-23,6,1.000555556
2023/11/16 11:00,163,-23.25,5,0.834166667
2023/11/16 11:00,163,-23,1,0.165277778
2023/11/16 12:00,163,-23.5,5,0.834166667
2023/11/16 12:00,163,-23.25,1,0.165555556
2023/11/16 13:00,163,-23.75,5,0.834444444
2023/11/16 13:00,163,-23.5,1,0.165833333
2023/11/16 14:00,163.25,-24,5,0.833888889
2023/11/16 14:00,163.25,-23.75,1,0.165
2023/11/16 15:00,163.25,-24.25,4,0.668333333
2023/11/16 15:00,163.25,-24,2,0.333888889
2023/11/16 16:00,163.25,-24.5,4,0.666944444
2023/11/16 16:00,163.25,-24.25,2,0.331111111
2023/11/16 17:00,163.25,-24.75,4,0.668055556
2023/11/16 17:00,163.25,-24.5,2,0.333333333
2023/11/16 18:00,163.25,-25,3,0.500833333
2023/11/16 18:00,163.25,-24.75,3,0.498888889
2023/11/16 19:00,163.25,-25.25,3,0.5
2023/11/16 19:00,163.25,-25,3,0.499722222
2023/11/16 20:00,163.25,-25.5,2,0.333888889
2023/11/16 20:00,163.25,-25.25,4,0.666388889
2023/11/16 21:00,163.25,-25.75,2,0.335833333
2023/11/16 21:00,163.25,-25.5,4,0.664722222
2023/11/16 22:00,163.25,-26,1,0.168611111
2023/11/16 22:00,163.25,-25.75,5,0.831111111
2023/11/16 23:00,163.25,-26.25,1,0.167222222
2023/11/16 23:00,163.25,-26,5,0.832222222
2023/11/17 0:00,163.25,-26.25,6,0.999444444
2023/11/17 1:00,163.25,-26.5,6,1.001111111
2023/11/17 2:00,163.25,-26.75,6,0.999722222
2023/11/17 3:00,163.25,-27,5,0.833888889
2023/11/17 3:00,163.25,-26.75,1,0.166111111
2023/11/17 4:00,163.25,-27.25,4,0.669166667
2023/11/17 4:00,163.25,-27,2,0.331944444
2023/11/17 5:00,163.25,-27.5,4,0.668055556
2023/11/17 5:00,163.25,-27.25,2,0.330277778
2023/11/17 6:00,163.25,-27.75,4,0.669166667
2023/11/17 6:00,163.25,-27.5,2,0.332777778
2023/11/17 7:00,163.25,-28,4,0.665833333
2023/11/17 7:00,163.25,-27.75,2,0.331666667
2023/11/17 8:00,163.25,-28.25,4,0.666111111
2023/11/17 8:00,163.25,-28,2,0.333055556
2023/11/17 9:00,163.25,-28.5,3,0.501111111
2023/11/17 9:00,163.25,-28.25,3,0.5
2023/11/17 10:00,163.25,-28.75,3,0.499166667
2023/11/17 10:00,163.25,-28.5,3,0.499722222
2023/11/17 11:00,163.25,-29,2,0.334444444
2023/11/17 11:00,163.25,-28.75,4,0.667222222
2023/11/17 12:00,163.25,-29,6,0.998888889
2023/11/17 13:00,163,-29.25,4,0.667777778
2023/11/17 13:00,163.25,-29.25,2,0.333333333
2023/11/17 14:00,163,-29.5,4,0.666388889
2023/11/17 14:00,163,-29.25,2,0.331944444
2023/11/17 15:00,163,-29.75,3,0.500833333
2023/11/17 15:00,163,-29.5,3,0.500833333
2023/11/17 16:00,162.75,-30,2,0.332777778
2023/11/17 16:00,162.75,-29.75,1,0.1675
2023/11/17 16:00,163,-29.75,3,0.498888889
2023/11/17 17:00,162.75,-30.25,1,0.166944444
2023/11/17 17:00,162.75,-30,5,0.833611111
2023/11/17 18:00,162.75,-30.25,6,0.999722222
2023/11/17 19:00,162.5,-30.5,3,0.500555556
2023/11/17 19:00,162.75,-30.5,2,0.3325
2023/11/17 19:00,162.75,-30.25,1,0.166944444
2023/11/17 20:00,162.5,-30.75,3,0.501111111
2023/11/17 20:00,162.5,-30.5,3,0.499166667
2023/11/17 21:00,162.25,-30.75,5,0.834722222
2023/11/17 21:00,162.5,-30.75,1,0.165833333
2023/11/17 22:00,162,-31,1,0.168611111
2023/11/17 22:00,162.25,-31,5,0.832222222
2023/11/17 23:00,162,-31.25,3,0.502777778
2023/11/17 23:00,162,-31,3,0.498333333
2023/11/18 0:00,162,-31.25,6,0.997777778
2023/11/18 1:00,161.75,-31.5,2,0.336666667
2023/11/18 1:00,161.75,-31.25,4,0.665277778
2023/11/18 2:00,161.75,-31.5,6,0.998055556
2023/11/18 3:00,161.75,-31.5,6,1
2023/11/18 4:00,161.5,-31.75,4,0.668333333
2023/11/18 4:00,161.5,-31.5,1,0.166111111
2023/11/18 4:00,161.75,-31.5,1,0.165833333
2023/11/18 5:00,161.5,-31.75,6,0.999166667
2023/11/18 6:00,161.5,-32,1,0.168055556
2023/11/18 6:00,161.5,-31.75,5,0.832222222
2023/11/18 7:00,161.5,-32,6,1.001111111
2023/11/18 8:00,161.5,-32.25,1,0.166944444
2023/11/18 8:00,161.5,-32,5,0.830833333
2023/11/18 9:00,161.5,-32.25,6,1.000277778
2023/11/18 10:00,161.5,-32.25,6,1.001388889
2023/11/18 11:00,161.5,-32.5,3,0.499722222
2023/11/18 11:00,161.5,-32.25,1,0.165555556
2023/11/18 11:00,161.75,-32.5,2,0.334444444
2023/11/18 12:00,161.75,-32.5,6,1.001388889
2023/11/18 13:00,161.75,-32.5,2,0.330833333
2023/11/18 13:00,162,-32.75,4,0.667777778
2023/11/18 14:00,162,-32.75,5,0.832777778
2023/11/18 14:00,162.25,-32.75,1,0.166944444
2023/11/18 15:00,162.25,-33,5,0.835
2023/11/18 15:00,162.25,-32.75,1,0.165555556
2023/11/18 16:00,162.25,-33,3,0.498333333
2023/11/18 16:00,162.5,-33,3,0.501388889
2023/11/18 17:00,162.5,-33.25,6,0.999722222
2023/11/18 18:00,162.75,-33.5,1,0.167777778
2023/11/18 18:00,162.75,-33.25,5,0.832222222
2023/11/18 19:00,162.75,-33.5,3,0.499722222
2023/11/18 19:00,163,-33.5,3,0.499722222
2023/11/18 20:00,163,-33.75,2,0.334722222
2023/11/18 20:00,163,-33.5,4,0.666111111
2023/11/18 21:00,163.25,-33.75,6,0.999444444
2023/11/18 22:00,163.25,-33.75,3,0.499722222
2023/11/18 22:00,163.5,-34,3,0.500277778
2023/11/18 23:00,163.5,-34,6,1.002222222
2023/11/19 0:00,163.75,-34.25,4,0.666111111
2023/11/19 0:00,163.75,-34,2,0.330833333
2023/11/19 1:00,163.75,-34.25,3,0.500277778
2023/11/19 1:00,164,-34.25,3,0.500555556
2023/11/19 2:00,164,-34.5,5,0.834444444
2023/11/19 2:00,164,-34.25,1,0.165833333
2023/11/19 3:00,164.25,-34.5,6,1.001388889
2023/11/19 4:00,164.25,-34.75,2,0.331944444
2023/11/19 4:00,164.5,-34.75,4,0.667777778
2023/11/19 5:00,164.5,-34.75,4,0.665
2023/11/19 5:00,164.75,-35,1,0.167222222
2023/11/19 5:00,164.75,-34.75,1,0.166666667
2023/11/19 6:00,164.75,-35,6,1.001388889
2023/11/19 7:00,164.75,-35,1,0.164166667
2023/11/19 7:00,165,-35.25,2,0.335
2023/11/19 7:00,165,-35,3,0.500277778
2023/11/19 8:00,165,-35.25,3,0.498333333
2023/11/19 8:00,165.25,-35.25,3,0.500833333
2023/11/19 9:00,165.25,-35.5,1,0.166666667
2023/11/19 9:00,165.25,-35.25,4,0.666111111
2023/11/19 9:00,165.5,-35.5,1,0.167222222
2023/11/19 10:00,165.5,-35.5,6,1.000277778
2023/11/19 11:00,165.5,-35.5,1,0.165
2023/11/19 11:00,165.75,-35.75,2,0.335
2023/11/19 11:00,165.75,-35.5,3,0.501111111
2023/11/19 12:00,165.75,-35.75,2,0.331944444
2023/11/19 12:00,166,-35.75,4,0.667222222
2023/11/19 13:00,166,-36,1,0.165833333
2023/11/19 13:00,166,-35.75,3,0.499166667
2023/11/19 13:00,166.25,-36,2,0.335
2023/11/19 14:00,166.25,-36,5,0.831666667
2023/11/19 14:00,166.5,-36,1,0.166944444
2023/11/19 15:00,166.5,-36.25,3,0.501111111
2023/11/19 15:00,166.5,-36,3,0.5
2023/11/19 16:00,166.75,-36.25,6,1.000555556
2023/11/19 17:00,166.75,-36.25,1,0.165277778
2023/11/19 17:00,167,-36.5,4,0.666666667
2023/11/19 17:00,167,-36.25,1,0.166944444
2023/11/19 18:00,167,-36.5,2,0.333888889
2023/11/19 18:00,167.25,-36.5,4,0.666388889
2023/11/19 19:00,167.25,-36.75,1,0.166388889
2023/11/19 19:00,167.25,-36.5,1,0.166111111
2023/11/19 19:00,167.5,-36.75,4,0.668611111
2023/11/19 20:00,167.5,-36.75,3,0.4975
2023/11/19 20:00,167.75,-36.75,3,0.501666667
2023/11/19 21:00,167.75,-37,4,0.666111111
2023/11/19 21:00,168,-37,2,0.334722222
2023/11/19 22:00,168,-37,5,0.831666667
2023/11/19 22:00,168.25,-37.25,1,0.168333333
2023/11/19 23:00,168.25,-37.25,6,0.998888889
2023/11/20 0:00,168.5,-37.5,2,0.3325
2023/11/20 0:00,168.5,-37.25,4,0.666388889
2023/11/20 1:00,168.5,-37.5,1,0.166666667
2023/11/20 1:00,168.75,-37.5,5,0.835
2023/11/20 2:00,168.75,-37.5,1,0.165555556
2023/11/20 2:00,169,-37.75,3,0.499166667
2023/11/20 2:00,169,-37.5,2,0.333333333
2023/11/20 3:00,169,-37.75,2,0.334166667
2023/11/20 3:00,169.25,-37.75,4,0.666666667
2023/11/20 4:00,169.25,-38,1,0.166944444
2023/11/20 4:00,169.25,-37.75,2,0.333333333
2023/11/20 4:00,169.5,-38,3,0.500277778
2023/11/20 5:00,169.5,-38,3,0.500277778
2023/11/20 5:00,169.75,-38,3,0.498888889
2023/11/20 6:00,169.75,-38.25,6,1.001388889
2023/11/20 7:00,169.75,-38.25,3,0.498333333
2023/11/20 7:00,170,-38.5,3,0.502222222
2023/11/20 8:00,170,-38.75,1,0.166944444
2023/11/20 8:00,170,-38.5,5,0.832222222
2023/11/20 9:00,170,-38.75,6,0.999444444
2023/11/20 10:00,170,-38.75,1,0.166111111
2023/11/20 10:00,170.25,-39,5,0.835
2023/11/20 11:00,170.25,-39.25,3,0.5
2023/11/20 11:00,170.25,-39,3,0.498888889
2023/11/20 12:00,170.25,-39.5,1,0.1675
2023/11/20 12:00,170.25,-39.25,5,0.8325
2023/11/20 13:00,170.25,-39.5,2,0.333055556
2023/11/20 13:00,170.5,-39.5,4,0.665833333
2023/11/20 14:00,170.5,-39.75,4,0.666944444
2023/11/20 14:00,170.5,-39.5,2,0.333888889
2023/11/20 15:00,170.5,-39.75,6,1.001666667
2023/11/20 16:00,170.75,-40,1,0.167222222
2023/11/20 16:00,170.75,-39.75,4,0.664166667
2023/11/20 16:00,171,-40,1,0.167222222
2023/11/20 17:00,171,-40,4,0.666944444
2023/11/20 17:00,171.25,-40,2,0.333055556
2023/11/20 18:00,171.25,-40,4,0.665555556
2023/11/20 18:00,171.5,-40,2,0.334166667
2023/11/20 19:00,171.5,-40,3,0.500833333
2023/11/20 19:00,171.75,-40,3,0.499722222
2023/11/20 20:00,171.75,-40,2,0.333055556
2023/11/20 20:00,172,-40,4,0.666111111
2023/11/20 21:00,172,-40,2,0.334166667
2023/11/20 21:00,172.25,-40,4,0.667777778
2023/11/20 22:00,172.25,-40,2,0.331666667
2023/11/20 22:00,172.5,-40.25,1,0.166944444
2023/11/20 22:00,172.5,-40,3,0.500833333
2023/11/20 23:00,172.5,-40.25,1,0.165833333
2023/11/20 23:00,172.75,-40.25,5,0.834444444
2023/11/21 0:00,172.75,-40.25,1,0.165555556
2023/11/21 0:00,173,-40.25,5,0.833888889
2023/11/21 1:00,173.25,-40.25,6,0.999166667
2023/11/21 2:00,173.5,-40.25,5,0.833611111
2023/11/21 2:00,173.75,-40.25,1,0.167222222
2023/11/21 3:00,173.75,-40.25,5,0.8325
2023/11/21 3:00,174,-40.25,1,0.168055556
2023/11/21 4:00,174,-40.5,5,0.831666667
2023/11/21 4:00,174.25,-40.5,1,0.168055556
2023/11/21 5:00,174.25,-40.5,6,0.999722222
2023/11/21 6:00,174.5,-40.75,5,0.835555556
2023/11/21 6:00,174.5,-40.5,1,0.166666667
2023/11/21 7:00,174.5,-41,4,0.667222222
2023/11/21 7:00,174.5,-40.75,2,0.33
2023/11/21 8:00,174.5,-41.25,2,0.333888889
2023/11/21 8:00,174.5,-41,4,0.665833333
2023/11/21 9:00,174.5,-41.25,6,1.001111111
2023/11/21 10:00,174.5,-41.5,6,0.999722222
2023/11/21 11:00,174.5,-41.75,4,0.666111111
2023/11/21 11:00,174.5,-41.5,2,0.332777778
2023/11/21 12:00,174.25,-42,3,0.5
2023/11/21 12:00,174.25,-41.75,1,0.167222222
2023/11/21 12:00,174.5,-41.75,2,0.333333333
2023/11/21 13:00,174.25,-42,6,1.001111111
2023/11/21 14:00,174,-42.25,2,0.334444444
2023/11/21 14:00,174.25,-42.25,4,0.664722222
2023/11/21 15:00,174,-42.5,1,0.1675
2023/11/21 15:00,174,-42.25,5,0.832777778
2023/11/21 16:00,173.75,-42.5,3,0.501666667
2023/11/21 16:00,174,-42.5,3,0.498333333
2023/11/21 17:00,173.75,-42.75,3,0.502222222
2023/11/21 17:00,173.75,-42.5,3,0.498611111
2023/11/21 18:00,173.5,-42.75,4,0.668055556
2023/11/21 18:00,173.75,-42.75,2,0.330833333
2023/11/21 19:00,173.5,-43,5,0.833888889
2023/11/21 19:00,173.5,-42.75,1,0.166944444
2023/11/21 20:00,173.25,-43.25,2,0.335277778
2023/11/21 20:00,173.25,-43,3,0.498888889
2023/11/21 20:00,173.5,-43,1,0.165555556
2023/11/21 21:00,173.25,-43.25,6,0.999722222
2023/11/21 22:00,173,-43.5,4,0.667777778
2023/11/21 22:00,173,-43.25,2,0.331666667
2023/11/21 23:00,172.75,-43.5,2,0.3325
2023/11/21 23:00,173,-43.5,4,0.6675
2023/11/22 0:00,172.75,-43.5,6,0.999722222
2023/11/22 1:00,172.75,-43.5,6,1.001944444
2023/11/22 2:00,172.75,-43.5,6,0.999722222
2023/11/22 3:00,172.75,-43.5,6,0.998888889
2023/11/22 4:00,172.75,-43.5,6,0.999166667
2023/11/22 5:00,172.75,-43.5,6,1.001944444
2023/11/22 6:00,172.75,-43.5,6,0.998888889
2023/11/22 7:00,172.75,-43.5,6,0.999444444
2023/11/22 8:00,172.75,-43.5,6,1
2023/11/22 9:00,172.75,-43.5,6,1.000277778
2023/11/22 10:00,172.75,-43.5,6,1.000555556
2023/11/22 11:00,172.75,-43.5,6,1.000833333
2023/11/22 12:00,172.75,-43.5,6,0.999444444
2023/11/22 13:00,172.75,-43.5,6,0.998888889
2023/11/22 14:00,172.75,-43.5,6,1.000555556
2023/11/22 15:00,172.75,-43.5,6,0.999166667
2023/11/22 16:00,172.75,-43.5,6,1.000277778
2023/11/22 17:00,172.75,-43.5,6,1.000555556
2023/11/22 18:00,172.75,-43.5,6,1.001111111
2023/11/22 19:00,172.75,-43.5,6,0.998333333
2023/11/22 20:00,172.75,-43.5,6,1.001111111
2023/11/22 21:00,172.75,-43.5,6,1.000277778
2023/11/22 22:00,172.75,-43.5,6,0.999722222
2023/11/22 23:00,172.75,-43.5,6,1.001111111
2023/11/23 0:00,172.75,-43.5,6,0.998055556
2023/11/23 1:00,172.75,-43.5,6,1.000277778
2023/11/23 2:00,172.75,-43.5,6,1
2023/11/23 3:00,172.75,-43.5,6,0.999166667
2023/11/23 4:00,172.75,-43.5,6,1.001111111
2023/11/23 5:00,172.75,-43.5,6,1.001111111
2023/11/23 6:00,172.75,-43.5,3,0.498055556
2023/11/23 6:00,173,-43.5,3,0.501111111
2023/11/23 7:00,173,-43.5,6,1
2023/11/23 8:00,173,-43.5,6,0.999166667
2023/11/23 9:00,173,-43.5,6,1.001111111
2023/11/23 10:00,173,-43.5,6,0.998333333
2023/11/23 11:00,173,-43.5,6,0.999722222
2023/11/23 12:00,173,-43.5,6,1.001666667
2023/11/23 13:00,173,-43.5,6,0.999166667
2023/11/23 14:00,173,-43.5,6,0.999166667
2023/11/23 15:00,173,-43.5,6,1.001388889
2023/11/23 16:00,173,-43.5,6,0.999722222
2023/11/23 17:00,173,-43.5,6,1
2023/11/23 18:00,173,-43.5,6,0.999166667
2023/11/23 19:00,173,-43.5,6,1.000555556
2023/11/23 20:00,173,-43.5,6,1.001666667
2023/11/23 21:00,173,-43.5,6,0.998888889
2023/11/23 22:00,173,-43.5,6,1.001666667
2023/11/23 23:00,173,-43.5,6,0.998888889
2023/11/24 0:00,173,-43.5,6,0.999722222
2023/11/24 1:00,173,-43.5,6,1.000277778
2023/11/24 2:00,173,-43.5,6,0.999444444
2023/11/24 3:00,173,-43.5,6,0.998888889
2023/11/24 4:00,173,-43.5,6,1.000277778
2023/11/24 5:00,173,-43.5,6,1.001388889
2023/11/24 6:00,173,-43.5,6,0.999444444
2023/11/24 7:00,173,-43.5,6,1.001388889
2023/11/24 8:00,173,-43.5,6,0.997777778
2023/11/24 9:00,173,-43.5,6,1.001111111
2023/11/24 10:00,173,-43.5,6,0.999722222
2023/11/24 11:00,173,-43.5,6,0.999166667
2023/11/24 12:00,173,-43.5,6,1.000277778
2023/11/24 13:00,173,-43.5,6,1.000833333
2023/11/24 14:00,173,-43.5,6,0.999444444
2023/11/24 15:00,173,-43.5,6,1.000555556
2023/11/24 16:00,173,-43.5,6,0.999444444
2023/11/24 17:00,173,-43.5,6,1.000833333
2023/11/24 18:00,173,-43.5,6,0.998611111
2023/11/24 19:00,173,-43.5,6,1.000277778
2023/11/24 20:00,173,-43.5,3,0.5
2023/11/24 20:00,173.25,-43.5,3,0.499722222
2023/11/24 21:00,173.25,-43.5,3,0.499166667
2023/11/24 21:00,173.5,-43.5,3,0.500833333
2023/11/24 22:00,173.5,-43.75,5,0.834166667
2023/11/24 22:00,173.5,-43.5,1,0.166666667
2023/11/24 23:00,173.5,-43.75,3,0.498611111
2023/11/24 23:00,173.75,-44,2,0.336388889
2023/11/24 23:00,173.75,-43.75,1,0.167222222
2023/11/25 0:00,173.75,-44,6,0.996944444
2023/11/25 1:00,173.75,-44.25,4,0.666666667
2023/11/25 1:00,173.75,-44,1,0.167222222
2023/11/25 1:00,174,-44.25,1,0.168055556
2023/11/25 2:00,174,-44.5,2,0.334722222
2023/11/25 2:00,174,-44.25,4,0.663888889
2023/11/25 3:00,174,-44.5,6,1.000833333
2023/11/25 4:00,174,-44.5,1,0.164444444
2023/11/25 4:00,174.25,-44.75,5,0.835833333
2023/11/25 5:00,174.25,-45,3,0.501388889
2023/11/25 5:00,174.25,-44.75,3,0.498333333
2023/11/25 6:00,174.25,-45,3,0.498611111
2023/11/25 6:00,174.5,-45,3,0.501388889
2023/11/25 7:00,174.5,-45.25,6,0.999166667
2023/11/25 8:00,174.5,-45.5,1,0.167777778
2023/11/25 8:00,174.5,-45.25,5,0.8325
2023/11/25 9:00,174.5,-45.5,1,0.165833333
2023/11/25 9:00,174.75,-45.5,5,0.834444444
2023/11/25 10:00,174.75,-45.75,4,0.665833333
2023/11/25 10:00,174.75,-45.5,2,0.332222222
2023/11/25 11:00,174.75,-45.75,3,0.500833333
2023/11/25 11:00,175,-46,1,0.168055556
2023/11/25 11:00,175,-45.75,2,0.332777778
2023/11/25 12:00,175,-46,6,0.999722222
2023/11/25 13:00,175,-46.25,5,0.834166667
2023/11/25 13:00,175,-46,1,0.166388889
2023/11/25 14:00,175,-46.5,1,0.167777778
2023/11/25 14:00,175,-46.25,5,0.831944444
2023/11/25 15:00,175,-46.5,6,1.000555556
2023/11/25 16:00,175,-46.75,4,0.666111111
2023/11/25 16:00,175,-46.5,2,0.331944444
2023/11/25 17:00,175,-47,1,0.167222222
2023/11/25 17:00,175,-46.75,5,0.833611111
2023/11/25 18:00,175,-47,6,0.999166667
2023/11/25 19:00,175,-47.25,4,0.668611111
2023/11/25 19:00,175,-47,2,0.333333333
2023/11/25 20:00,175,-47.5,1,0.167222222
2023/11/25 20:00,175,-47.25,5,0.831944444
2023/11/25 21:00,175,-47.5,6,1.000277778
2023/11/25 22:00,175,-47.75,4,0.6675
2023/11/25 22:00,175,-47.5,2,0.332222222
2023/11/25 23:00,175,-48,1,0.168333333
2023/11/25 23:00,175,-47.75,5,0.833333333
2023/11/26 0:00,175,-48,6,0.998888889
2023/11/26 1:00,175,-48.25,4,0.669722222
2023/11/26 1:00,175,-48,2,0.331666667
2023/11/26 2:00,175,-48.25,6,0.998611111
2023/11/26 3:00,175,-48.5,6,1.001388889
2023/11/26 4:00,175,-48.75,2,0.333888889
2023/11/26 4:00,175,-48.5,4,0.663333333
2023/11/26 5:00,175,-48.75,6,1.0025
2023/11/26 6:00,175,-49,4,0.667777778
2023/11/26 6:00,175,-48.75,2,0.331388889
2023/11/26 7:00,175,-49,6,0.999166667
2023/11/26 8:00,175,-49.25,6,1.000277778
2023/11/26 9:00,175,-49.5,2,0.333888889
2023/11/26 9:00,175,-49.25,4,0.665277778
2023/11/26 10:00,175,-49.5,6,0.999444444
2023/11/26 11:00,175,-49.75,4,0.668055556
2023/11/26 11:00,175,-49.5,2,0.333055556
2023/11/26 12:00,175,-49.75,6,0.999166667
2023/11/26 13:00,175,-50,6,1.000277778
2023/11/26 14:00,175,-50.25,2,0.334444444
2023/11/26 14:00,175,-50,4,0.666388889
2023/11/26 15:00,175,-50.25,6,1.000555556
2023/11/26 16:00,175,-50.5,4,0.666944444
2023/11/26 16:00,175,-50.25,2,0.332222222
2023/11/26 17:00,175,-50.5,6,1.000833333
2023/11/26 18:00,175,-50.75,6,0.999166667
2023/11/26 19:00,175,-51,2,0.334444444
2023/11/26 19:00,175,-50.75,4,0.666666667
2023/11/26 20:00,175,-51,6,1
2023/11/26 21:00,175,-51.25,3,0.500555556
2023/11/26 21:00,175,-51,3,0.497777778
2023/11/26 22:00,175,-51.25,6,1
2023/11/26 23:00,175,-51.5,5,0.834722222
2023/11/26 23:00,175,-51.25,1,0.166388889
2023/11/27 0:00,175,-51.75,1,0.168055556
2023/11/27 0:00,175,-51.5,5,0.8325
2023/11/27 1:00,175,-51.75,6,0.998055556
2023/11/27 2:00,175,-52,3,0.501388889
2023/11/27 2:00,175,-51.75,3,0.500555556
2023/11/27 3:00,175,-52,6,0.997777778
2023/11/27 4:00,175,-52.25,5,0.834166667
2023/11/27 4:00,175,-52,1,0.168055556
2023/11/27 5:00,175,-52.5,2,0.334444444
2023/11/27 5:00,175,-52.25,4,0.665277778
2023/11/27 6:00,175,-52.5,6,1.001388889
2023/11/27 7:00,175,-52.75,6,0.998333333
2023/11/27 8:00,175,-53,4,0.666388889
2023/11/27 8:00,175,-52.75,2,0.331666667
2023/11/27 9:00,175,-53.25,3,0.500277778
2023/11/27 9:00,175,-53,3,0.500555556
2023/11/27 10:00,175,-53.5,3,0.501388889
2023/11/27 10:00,175,-53.25,3,0.499444444
2023/11/27 11:00,175,-53.75,2,0.334722222
2023/11/27 11:00,175,-53.5,4,0.665833333
2023/11/27 12:00,175,-54,1,0.167777778
2023/11/27 12:00,175,-53.75,5,0.831944444
2023/11/27 13:00,175,-54.25,1,0.167222222
2023/11/27 13:00,175,-54,5,0.831944444
2023/11/27 14:00,175,-54.25,6,1.000555556
2023/11/27 15:00,175,-54.5,6,1.000555556
2023/11/27 16:00,175,-54.75,5,0.835555556
2023/11/27 16:00,175,-54.5,1,0.164444444
2023/11/27 17:00,175,-55,5,0.834166667
2023/11/27 17:00,175,-54.75,1,0.165555556
2023/11/27 18:00,175,-55.25,4,0.668611111
2023/11/27 18:00,175,-55,2,0.331388889
2023/11/27 19:00,175,-55.5,4,0.668055556
2023/11/27 19:00,175,-55.25,2,0.331944444
2023/11/27 20:00,175,-55.75,4,0.666666667
2023/11/27 20:00,175,-55.5,2,0.332777778
2023/11/27 21:00,175,-56,5,0.833611111
2023/11/27 21:00,175,-55.75,1,0.165833333
2023/11/27 22:00,175,-56.25,5,0.835555556
2023/11/27 22:00,175,-56,1,0.166388889
2023/11/27 23:00,175,-56.5,5,0.834444444
2023/11/27 23:00,175,-56.25,1,0.164166667
2023/11/28 0:00,175,-56.75,5,0.835833333
2023/11/28 0:00,175,-56.5,1,0.165555556
2023/11/28 1:00,175,-57,5,0.833611111
2023/11/28 1:00,175,-56.75,1,0.165
2023/11/28 2:00,175,-57.25,4,0.668611111
2023/11/28 2:00,175,-57,2,0.331944444
2023/11/28 3:00,175,-57.5,4,0.669166667
2023/11/28 3:00,175,-57.25,2,0.331388889
2023/11/28 4:00,175.25,-57.75,3,0.502777778
2023/11/28 4:00,175.25,-57.5,3,0.498055556
2023/11/28 5:00,175.25,-58,3,0.500555556
2023/11/28 5:00,175.25,-57.75,3,0.498055556
2023/11/28 6:00,175.25,-58.25,2,0.334444444
2023/11/28 6:00,175.25,-58,4,0.666388889
2023/11/28 7:00,175.25,-58.5,1,0.168611111
2023/11/28 7:00,175.25,-58.25,4,0.664166667
2023/11/28 7:00,175.5,-58.5,1,0.167777778
2023/11/28 8:00,175.5,-58.75,1,0.167777778
2023/11/28 8:00,175.5,-58.5,5,0.830277778
2023/11/28 9:00,175.5,-59,1,0.1675
2023/11/28 9:00,175.5,-58.75,5,0.832777778
2023/11/28 10:00,175.5,-59,6,0.999722222
2023/11/28 11:00,175.5,-59.25,1,0.165833333
2023/11/28 11:00,175.75,-59.25,5,0.833611111
2023/11/28 12:00,175.75,-59.5,6,1.000833333
2023/11/28 13:00,175.75,-59.75,6,0.999444444
2023/11/28 14:00,175.75,-60,2,0.334722222
2023/11/28 14:00,175.75,-59.75,1,0.165555556
2023/11/28 14:00,176,-60,3,0.5
2023/11/28 15:00,176,-60.25,5,0.834722222
2023/11/28 15:00,176,-60,1,0.165277778
2023/11/28 16:00,176,-60.5,4,0.668611111
2023/11/28 16:00,176,-60.25,2,0.332222222
2023/11/28 17:00,176,-60.75,4,0.668888889
2023/11/28 17:00,176,-60.5,2,0.331111111
2023/11/28 18:00,176.25,-61,3,0.500277778
2023/11/28 18:00,176.25,-60.75,3,0.499166667
2023/11/28 19:00,176.25,-61.25,2,0.335
2023/11/28 19:00,176.25,-61,4,0.665
2023/11/28 20:00,176.25,-61.5,1,0.166944444
2023/11/28 20:00,176.25,-61.25,5,0.833055556
2023/11/28 21:00,176.25,-61.5,2,0.331944444
2023/11/28 21:00,176.5,-61.5,4,0.666944444
2023/11/28 22:00,176.5,-61.75,6,1.000833333
2023/11/28 23:00,176.5,-62,6,0.999722222
2023/11/29 0:00,176.5,-62.25,3,0.499722222
2023/11/29 0:00,176.5,-62,1,0.165833333
2023/11/29 0:00,176.75,-62.25,2,0.335
2023/11/29 1:00,176.75,-62.5,5,0.834166667
2023/11/29 1:00,176.75,-62.25,1,0.165555556
2023/11/29 2:00,176.75,-62.75,4,0.666944444
2023/11/29 2:00,176.75,-62.5,2,0.333333333
2023/11/29 3:00,176.75,-63,2,0.333333333
2023/11/29 3:00,176.75,-62.75,3,0.499722222
2023/11/29 3:00,177,-63,1,0.166944444
2023/11/29 4:00,177,-63.25,2,0.334444444
2023/11/29 4:00,177,-63,4,0.666388889
2023/11/29 5:00,177,-63.5,2,0.332777778
2023/11/29 5:00,177,-63.25,4,0.665833333
2023/11/29 6:00,177,-63.75,1,0.168055556
2023/11/29 6:00,177,-63.5,5,0.8325
2023/11/29 7:00,177.25,-63.75,4,0.666666667
2023/11/29 7:00,177.5,-63.75,2,0.334444444
2023/11/29 8:00,177.5,-64,1,0.167222222
2023/11/29 8:00,177.5,-63.75,2,0.330555556
2023/11/29 8:00,177.75,-64,3,0.500277778
2023/11/29 9:00,177.75,-64,1,0.166666667
2023/11/29 9:00,178,-64,4,0.666111111
2023/11/29 9:00,178.25,-64.25,1,0.167222222
2023/11/29 10:00,178.25,-64.25,3,0.500277778
2023/11/29 10:00,178.5,-64.25,3,0.500555556
2023/11/29 11:00,178.5,-64.25,2,0.3325
2023/11/29 11:00,178.75,-64.5,4,0.667777778
2023/11/29 12:00,179,-64.5,4,0.665277778
2023/11/29 12:00,179.25,-64.75,1,0.168055556
2023/11/29 12:00,179.25,-64.5,1,0.166666667
2023/11/29 13:00,179.25,-64.75,3,0.498611111
2023/11/29 13:00,179.5,-64.75,3,0.501388889
2023/11/29 14:00,179.5,-64.75,1,0.165277778
2023/11/29 14:00,179.75,-65,4,0.668055556
2023/11/29 14:00,179.75,-64.75,1,0.166388889
2023/11/29 15:00,180,-65,6,1.000555556
2023/11/29 16:00,180,-65.25,1,0.164444444
2023/11/29 16:00,180.25,-65.25,4,0.666666667
2023/11/29 16:00,180.5,-65.25,1,0.166944444
2023/11/29 17:00,180.5,-65.25,2,0.334444444
2023/11/29 17:00,180.75,-65.5,3,0.5
2023/11/29 17:00,180.75,-65.25,1,0.166666667
2023/11/29 18:00,181,-65.5,4,0.665277778
2023/11/29 18:00,181.25,-65.5,2,0.335555556
2023/11/29 19:00,181.25,-65.75,1,0.166388889
2023/11/29 19:00,181.25,-65.5,1,0.164722222
2023/11/29 19:00,181.5,-65.75,4,0.668888889
2023/11/29 20:00,181.75,-65.75,4,0.666111111
2023/11/29 20:00,182,-66,2,0.334166667
2023/11/29 21:00,182,-66,3,0.4975
2023/11/29 21:00,182.25,-66,3,0.5
2023/11/29 22:00,182.25,-66,1,0.168055556
2023/11/29 22:00,182.5,-66.25,5,0.835
2023/11/29 23:00,182.5,-66.5,1,0.166944444
2023/11/29 23:00,182.5,-66.25,5,0.830555556
2023/11/30 0:00,182.25,-66.5,4,0.668611111
2023/11/30 0:00,182.5,-66.5,2,0.333055556
2023/11/30 1:00,182.25,-66.75,3,0.501666667
2023/11/30 1:00,182.25,-66.5,3,0.498055556
2023/11/30 2:00,182.5,-66.75,6,1.001388889
2023/11/30 3:00,182.5,-66.75,6,0.997222222
2023/11/30 4:00,182.25,-67,5,0.834444444
2023/11/30 4:00,182.25,-66.75,1,0.166666667
2023/11/30 5:00,182.25,-67,6,1.000277778
2023/11/30 6:00,182.25,-67,6,0.999444444
2023/11/30 7:00,182.25,-67,6,0.999722222
2023/11/30 8:00,182.25,-67,6,1
2023/11/30 9:00,182.25,-67.25,4,0.667222222
2023/11/30 9:00,182.25,-67,2,0.3325
2023/11/30 10:00,182.25,-67.25,6,1.001388889
2023/11/30 11:00,182.25,-67.25,6,0.999166667
2023/11/30 12:00,182.25,-67.5,4,0.667222222
2023/11/30 12:00,182.25,-67.25,2,0.3325
2023/11/30 13:00,182.25,-67.5,6,0.998888889
2023/11/30 14:00,182.25,-67.5,6,1.000833333
2023/11/30 15:00,182.25,-67.5,2,0.333888889
2023/11/30 15:00,182.5,-67.75,4,0.665555556
2023/11/30 16:00,182.5,-67.75,6,1.002222222
2023/11/30 17:00,182.5,-67.75,6,0.998055556
2023/11/30 18:00,182.5,-67.75,2,0.333055556
2023/11/30 18:00,182.75,-68,2,0.335
2023/11/30 18:00,182.75,-67.75,2,0.333055556
2023/11/30 19:00,182.75,-68,5,0.832222222
2023/11/30 19:00,182.75,-67.75,1,0.168333333
2023/11/30 20:00,182.75,-67.75,6,0.999444444
2023/11/30 21:00,182.75,-67.75,6,1.000833333
2023/11/30 22:00,183,-68,6,0.999166667
2023/11/30 23:00,182.5,-68,2,0.334166667
2023/11/30 23:00,182.75,-68,4,0.666388889
2023/12/1 0:00,182.5,-68,6,1.002222222
2023/12/1 1:00,182.5,-68,2,0.328888889
2023/12/1 1:00,182.75,-68,4,0.668333333
2023/12/1 2:00,182.75,-68,2,0.331666667
2023/12/1 2:00,183,-68,4,0.668055556
2023/12/1 3:00,183,-68,1,0.165277778
2023/12/1 3:00,183.25,-68,5,0.834444444
2023/12/1 4:00,183.25,-68,2,0.333333333
2023/12/1 4:00,183.5,-68.25,4,0.667777778
2023/12/1 5:00,183.25,-68.25,3,0.5
2023/12/1 5:00,183.5,-68.25,3,0.498611111
2023/12/1 6:00,183.25,-68.25,6,0.999722222
2023/12/1 7:00,183.25,-68.25,6,1.001666667
2023/12/1 8:00,183.25,-68.25,1,0.165
2023/12/1 8:00,183.5,-68.25,5,0.833888889
2023/12/1 9:00,183.5,-68.5,2,0.333611111
2023/12/1 9:00,183.5,-68.25,1,0.166111111
2023/12/1 9:00,183.75,-68.5,3,0.499444444
2023/12/1 10:00,183.75,-68.5,6,1.000555556
2023/12/1 11:00,183.75,-68.5,4,0.665833333
2023/12/1 11:00,184,-68.5,2,0.334722222
2023/12/1 12:00,184,-68.75,3,0.501666667
2023/12/1 12:00,184,-68.5,3,0.499722222
2023/12/1 13:00,184,-68.75,6,0.998055556
2023/12/1 14:00,184,-68.75,1,0.166666667
2023/12/1 14:00,184.25,-68.75,5,0.832777778
2023/12/1 15:00,184.5,-68.75,4,0.666388889
2023/12/1 15:00,184.75,-68.75,2,0.336388889
2023/12/1 16:00,184.75,-69,1,0.165
2023/12/1 16:00,184.75,-68.75,2,0.331944444
2023/12/1 16:00,185,-69,3,0.502222222
2023/12/1 17:00,185,-69,6,0.998888889
2023/12/1 18:00,185.25,-69,6,1.000277778
2023/12/1 19:00,185.25,-69,1,0.165833333
2023/12/1 19:00,185.5,-69.25,3,0.501111111
2023/12/1 19:00,185.5,-69,2,0.334166667
2023/12/1 20:00,185.75,-69.25,4,0.665
2023/12/1 20:00,186,-69.25,2,0.335277778
2023/12/1 21:00,186,-69.25,2,0.331666667
2023/12/1 21:00,186.25,-69.25,4,0.665833333
2023/12/1 22:00,186.5,-69.25,4,0.667777778
2023/12/1 22:00,186.75,-69.25,2,0.334444444
2023/12/1 23:00,186.75,-69.5,4,0.665277778
2023/12/1 23:00,187,-69.5,2,0.333611111
2023/12/2 0:00,187,-69.5,4,0.665555556
2023/12/2 0:00,187.25,-69.5,2,0.335277778
2023/12/2 1:00,187.25,-69.5,6,0.999722222
2023/12/2 2:00,187.5,-69.75,6,0.999722222
2023/12/2 3:00,187.75,-69.75,6,1.000555556
2023/12/2 4:00,188,-69.75,5,0.831388889
2023/12/2 4:00,188.25,-69.75,1,0.1675
2023/12/2 5:00,188.25,-70,2,0.333333333
2023/12/2 5:00,188.5,-70,4,0.668888889
2023/12/2 6:00,188.75,-70,4,0.663888889
2023/12/2 6:00,189,-70,2,0.335277778
2023/12/2 7:00,189,-70.25,4,0.666666667
2023/12/2 7:00,189,-70,2,0.3325
2023/12/2 8:00,189,-70.5,1,0.166944444
2023/12/2 8:00,189,-70.25,5,0.8325
2023/12/2 9:00,189,-70.5,4,0.666388889
2023/12/2 9:00,189.25,-70.5,2,0.334166667
2023/12/2 10:00,189.25,-70.75,6,0.999722222
2023/12/2 11:00,189.25,-71,4,0.6675
2023/12/2 11:00,189.25,-70.75,2,0.332222222
2023/12/2 12:00,189,-71,4,0.666666667
2023/12/2 12:00,189.25,-71,2,0.333611111
2023/12/2 13:00,188.75,-71.25,5,0.834722222
2023/12/2 13:00,188.75,-71,1,0.165555556
2023/12/2 14:00,188.5,-71.25,1,0.167777778
2023/12/2 14:00,188.75,-71.25,5,0.831666667
2023/12/2 15:00,188.25,-71.5,1,0.1675
2023/12/2 15:00,188.5,-71.5,3,0.499722222
2023/12/2 15:00,188.5,-71.25,2,0.333888889
2023/12/2 16:00,188,-71.5,2,0.334444444
2023/12/2 16:00,188.25,-71.5,4,0.665277778
2023/12/2 17:00,187.75,-71.75,3,0.501111111
2023/12/2 17:00,187.75,-71.5,1,0.167222222
2023/12/2 17:00,188,-71.5,2,0.331388889
2023/12/2 18:00,187.25,-71.75,2,0.333055556
2023/12/2 18:00,187.5,-71.75,3,0.500833333
2023/12/2 18:00,187.75,-71.75,1,0.165277778
2023/12/2 19:00,186.75,-72,2,0.335
2023/12/2 19:00,187,-72,2,0.333333333
2023/12/2 19:00,187,-71.75,1,0.166944444
2023/12/2 19:00,187.25,-71.75,1,0.165833333
2023/12/2 20:00,186.75,-72,6,1
2023/12/2 21:00,186.5,-72.25,4,0.668055556
2023/12/2 21:00,186.5,-72,2,0.331666667
2023/12/2 22:00,186.5,-72.5,1,0.1675
2023/12/2 22:00,186.5,-72.25,5,0.832222222
2023/12/2 23:00,186.75,-72.5,6,1.001388889
2023/12/3 0:00,186.5,-72.75,2,0.332777778
2023/12/3 0:00,186.75,-72.75,3,0.5
2023/12/3 0:00,186.75,-72.5,1,0.165555556
2023/12/3 1:00,186.75,-73,2,0.334444444
2023/12/3 1:00,186.75,-72.75,4,0.667222222
2023/12/3 2:00,186.75,-73,6,0.998611111
2023/12/3 3:00,186.5,-73.25,1,0.168055556
2023/12/3 3:00,186.5,-73,5,0.833888889
2023/12/3 4:00,186.25,-73.25,5,0.835
2023/12/3 4:00,186.5,-73.25,1,0.164166667
2023/12/3 5:00,186,-73.5,1,0.167222222
2023/12/3 5:00,186,-73.25,5,0.830833333
2023/12/3 6:00,185.75,-73.5,4,0.669166667
2023/12/3 6:00,186,-73.5,2,0.333611111
2023/12/3 7:00,185.5,-73.5,6,0.998055556
2023/12/3 8:00,185.5,-73.75,4,0.666666667
2023/12/3 8:00,185.5,-73.5,2,0.332777778
2023/12/3 9:00,185.5,-73.75,6,0.999444444
2023/12/3 10:00,185.5,-73.75,6,1.000277778
2023/12/3 11:00,185.5,-73.75,6,1.001111111
2023/12/3 12:00,185.25,-73.75,5,0.835
2023/12/3 12:00,185.5,-73.75,1,0.165
2023/12/3 13:00,185.25,-73.75,6,0.999166667
2023/12/3 14:00,185.25,-73.75,6,1
2023/12/3 15:00,185.25,-73.75,6,1.001111111
2023/12/3 16:00,185.25,-73.75,6,0.998333333
2023/12/3 17:00,185.25,-74,2,0.334444444
2023/12/3 17:00,185.25,-73.75,3,0.499722222
2023/12/3 17:00,185.5,-73.75,1,0.166944444
2023/12/3 18:00,185.25,-74,6,1.000833333
2023/12/3 19:00,184.75,-74.25,1,0.1675
2023/12/3 19:00,185,-74.25,3,0.499166667
2023/12/3 19:00,185,-74,2,0.332222222
2023/12/3 20:00,184.75,-74.25,6,1.000555556
2023/12/3 21:00,184.25,-74.25,1,0.168333333
2023/12/3 21:00,184.5,-74.25,4,0.665277778
2023/12/3 21:00,184.75,-74.25,1,0.166666667
2023/12/3 22:00,184,-74.5,1,0.1675
2023/12/3 22:00,184.25,-74.5,2,0.332777778
2023/12/3 22:00,184.25,-74.25,3,0.499166667
2023/12/3 23:00,183.75,-74.5,3,0.501666667
2023/12/3 23:00,184,-74.5,3,0.498611111
2023/12/4 0:00,183.5,-74.75,1,0.168611111
2023/12/4 0:00,183.5,-74.5,2,0.333333333
2023/12/4 0:00,183.75,-74.5,3,0.499444444
2023/12/4 1:00,183,-74.75,2,0.335
2023/12/4 1:00,183.25,-74.75,4,0.663888889
2023/12/4 2:00,182.5,-74.75,1,0.167777778
2023/12/4 2:00,182.75,-74.75,4,0.666666667
2023/12/4 2:00,183,-74.75,1,0.164722222
2023/12/4 3:00,182.25,-75,2,0.334722222
2023/12/4 3:00,182.5,-75,1,0.166388889
2023/12/4 3:00,182.5,-74.75,3,0.500277778
2023/12/4 4:00,182.25,-75,3,0.497777778
2023/12/4 4:00,182.5,-75,3,0.501666667
2023/12/4 5:00,182,-75,2,0.334444444
2023/12/4 5:00,182.25,-75,3,0.501111111
2023/12/4 5:00,182.5,-75,1,0.165
2023/12/4 6:00,181.5,-75,1,0.168333333
2023/12/4 6:00,181.75,-75,3,0.499444444
2023/12/4 6:00,182,-75,2,0.331666667
2023/12/4 7:00,181,-75,2,0.332777778
2023/12/4 7:00,181.25,-75,2,0.333611111
2023/12/4 7:00,181.5,-75,2,0.333055556
2023/12/4 8:00,180.25,-75.25,1,0.167222222
2023/12/4 8:00,180.5,-75.25,1,0.166666667
2023/12/4 8:00,180.5,-75,1,0.166388889
2023/12/4 8:00,180.75,-75,3,0.498888889
2023/12/4 9:00,179.5,-75.25,1,0.168055556
2023/12/4 9:00,179.75,-75.25,2,0.333333333
2023/12/4 9:00,180,-75.25,2,0.333333333
2023/12/4 9:00,180.25,-75.25,1,0.166388889
2023/12/4 10:00,178.75,-75.25,2,0.333611111
2023/12/4 10:00,179,-75.25,2,0.333055556
2023/12/4 10:00,179.25,-75.25,1,0.166666667
2023/12/4 10:00,179.5,-75.25,1,0.165555556
2023/12/4 11:00,177.75,-75.5,1,0.167222222
2023/12/4 11:00,178,-75.5,2,0.333888889
2023/12/4 11:00,178.25,-75.5,2,0.333055556
2023/12/4 11:00,178.5,-75.25,1,0.166666667
2023/12/4 12:00,177.25,-75.5,1,0.166666667
2023/12/4 12:00,177.5,-75.5,3,0.501111111
2023/12/4 12:00,177.75,-75.5,2,0.3325
2023/12/4 13:00,176.75,-75.75,1,0.167777778
2023/12/4 13:00,177,-75.5,2,0.333888889
2023/12/4 13:00,177.25,-75.5,3,0.498333333
2023/12/4 14:00,176,-75.75,1,0.167222222
2023/12/4 14:00,176.25,-75.75,2,0.332777778
2023/12/4 14:00,176.5,-75.75,2,0.333333333
2023/12/4 14:00,176.75,-75.75,1,0.166388889
2023/12/4 15:00,175.25,-75.75,1,0.167777778
2023/12/4 15:00,175.5,-75.75,2,0.332777778
2023/12/4 15:00,175.75,-75.75,2,0.333611111
2023/12/4 15:00,176,-75.75,1,0.165833333
2023/12/4 16:00,174.75,-76,3,0.501388889
2023/12/4 16:00,175,-75.75,2,0.332777778
2023/12/4 16:00,175.25,-75.75,1,0.165833333
2023/12/4 17:00,174,-76,2,0.333888889
2023/12/4 17:00,174.25,-76,2,0.333611111
2023/12/4 17:00,174.5,-76,2,0.3325
2023/12/4 18:00,173,-76,1,0.1675
2023/12/4 18:00,173.25,-76,2,0.333333333
2023/12/4 18:00,173.5,-76,1,0.165555556
2023/12/4 18:00,173.75,-76,2,0.333055556
2023/12/4 19:00,172.25,-76,1,0.166944444
2023/12/4 19:00,172.5,-76,2,0.332777778
2023/12/4 19:00,172.75,-76,2,0.333611111
2023/12/4 19:00,173,-76,1,0.166111111
2023/12/4 20:00,171.5,-76,1,0.168333333
2023/12/4 20:00,171.75,-76,2,0.333611111
2023/12/4 20:00,172,-76,2,0.333888889
2023/12/4 20:00,172.25,-76,1,0.166388889
2023/12/4 21:00,170.75,-75.75,2,0.334444444
2023/12/4 21:00,171,-75.75,2,0.333333333
2023/12/4 21:00,171.25,-75.75,1,0.166666667
2023/12/4 21:00,171.5,-76,1,0.165555556
2023/12/4 22:00,170.25,-75.75,4,0.668611111
2023/12/4 22:00,170.5,-75.75,2,0.331388889
2023/12/4 23:00,170,-75.75,6,0.997777778
2023/12/5 0:00,170,-75.75,6,1.000555556
2023/12/5 1:00,170,-75.75,6,1.001944444
2023/12/5 2:00,169.5,-75.75,3,0.500833333
2023/12/5 2:00,169.75,-75.75,2,0.334722222
2023/12/5 2:00,170,-75.75,1,0.163888889
2023/12/5 3:00,169,-75.75,1,0.1675
2023/12/5 3:00,169.25,-75.75,4,0.666666667
2023/12/5 3:00,169.5,-75.75,1,0.166111111
2023/12/5 4:00,168.75,-75.75,5,0.834722222
2023/12/5 4:00,169,-75.75,1,0.165
2023/12/5 5:00,168.25,-75.75,2,0.335277778
2023/12/5 5:00,168.5,-75.75,4,0.665833333
2023/12/5 6:00,167.75,-75.5,1,0.169166667
2023/12/5 6:00,168,-75.75,1,0.166111111
2023/12/5 6:00,168,-75.5,2,0.332777778
2023/12/5 6:00,168.25,-75.75,2,0.331666667
2023/12/5 7:00,168,-75.75,2,0.335555556
2023/12/5 7:00,168,-75.5,2,0.328611111
2023/12/5 7:00,168.25,-75.75,2,0.333888889
2023/12/5 8:00,168.5,-75.75,6,0.999166667
2023/12/5 9:00,168.5,-75.75,1,0.166666667
2023/12/5 9:00,168.75,-75.75,5,0.834166667
2023/12/5 10:00,168.75,-75.75,2,0.332222222
2023/12/5 10:00,169,-75.75,3,0.500833333
2023/12/5 10:00,169.25,-75.75,1,0.1675
2023/12/5 11:00,169.25,-75.75,6,1.000277778
2023/12/5 12:00,169.25,-75.75,1,0.165555556
2023/12/5 12:00,169.5,-75.75,4,0.666666667
2023/12/5 12:00,169.75,-75.75,1,0.166944444
2023/12/5 13:00,169.75,-75.75,2,0.332777778
2023/12/5 13:00,170,-75.75,3,0.500555556
2023/12/5 13:00,170.25,-75.75,1,0.167777778
2023/12/5 14:00,170.25,-75.75,6,0.999722222
2023/12/5 15:00,170.25,-75.75,6,0.999444444
2023/12/5 16:00,170.25,-75.75,6,1.001666667
2023/12/5 17:00,170.25,-75.75,6,0.998333333
2023/12/5 18:00,170.25,-75.75,6,1.001666667
2023/12/5 19:00,170.25,-75.75,6,0.999722222
2023/12/5 20:00,170.25,-75.75,6,0.999166667
2023/12/5 21:00,170.25,-75.75,6,0.999166667
2023/12/5 22:00,170.25,-75.75,6,1.000833333
2023/12/5 23:00,170.25,-75.75,6,1.000555556
2023/12/6 0:00,170.25,-75.75,6,0.998611111
2023/12/6 1:00,170,-75.75,1,0.166666667
2023/12/6 1:00,170.25,-75.75,5,0.833611111
2023/12/6 2:00,170,-75.75,6,1.000555556
2023/12/6 3:00,169.75,-75.75,2,0.335
2023/12/6 3:00,170,-75.75,4,0.665555556
2023/12/6 4:00,169.5,-75.75,4,0.666944444
2023/12/6 4:00,169.75,-75.75,2,0.331944444
2023/12/6 5:00,169.5,-75.75,6,0.999444444
2023/12/6 6:00,169.5,-75.75,1,0.166666667
2023/12/6 6:00,169.75,-75.75,2,0.334166667
2023/12/6 6:00,170,-75.75,3,0.500833333
2023/12/6 7:00,170.25,-75.75,6,0.999444444
2023/12/6 8:00,169.75,-75.75,1,0.1675
2023/12/6 8:00,170,-75.75,5,0.831666667
2023/12/6 9:00,169.5,-75.75,4,0.6675
2023/12/6 9:00,169.75,-75.75,2,0.3325
2023/12/6 10:00,169.25,-75.75,5,0.833888889
2023/12/6 10:00,169.5,-75.75,1,0.166388889
2023/12/6 11:00,168.75,-75.75,1,0.1675
2023/12/6 11:00,169,-75.75,4,0.666111111
2023/12/6 11:00,169.25,-75.75,1,0.166388889
2023/12/6 12:00,168.5,-75.75,3,0.501666667
2023/12/6 12:00,168.75,-75.75,3,0.499166667
2023/12/6 13:00,168.25,-75.75,3,0.501388889
2023/12/6 13:00,168.5,-75.75,3,0.498055556
2023/12/6 14:00,168,-75.5,3,0.501111111
2023/12/6 14:00,168.25,-75.5,3,0.499166667
2023/12/6 15:00,167.75,-75.5,3,0.5
2023/12/6 15:00,168,-75.5,3,0.498888889
2023/12/6 16:00,167.25,-75.5,1,0.167777778
2023/12/6 16:00,167.5,-75.5,5,0.833611111
2023/12/6 17:00,166.75,-75.25,2,0.335555556
2023/12/6 17:00,167,-75.25,3,0.500277778
2023/12/6 17:00,167.25,-75.5,1,0.164722222
2023/12/6 18:00,166.5,-75.25,5,0.833888889
2023/12/6 18:00,166.75,-75.25,1,0.164722222
2023/12/6 19:00,166,-75.25,2,0.333055556
2023/12/6 19:00,166.25,-75.25,2,0.333611111
2023/12/6 19:00,166.5,-75.25,2,0.333055556
2023/12/6 20:00,165.25,-75.25,2,0.333888889
2023/12/6 20:00,165.5,-75.25,2,0.332777778
2023/12/6 20:00,165.75,-75.25,2,0.333611111
2023/12/6 21:00,164.5,-75,2,0.335
2023/12/6 21:00,164.75,-75.25,1,0.166944444
2023/12/6 21:00,164.75,-75,1,0.166666667
2023/12/6 21:00,165,-75.25,2,0.331944444
2023/12/6 22:00,164.25,-75,5,0.835833333
2023/12/6 22:00,164.5,-75,1,0.165277778
2023/12/6 23:00,164,-75,5,0.835555556
2023/12/6 23:00,164.25,-75,1,0.164166667
2023/12/7 0:00,164,-75,6,0.999166667
2023/12/7 1:00,164,-75,6,1.000555556
2023/12/7 2:00,164,-75,6,0.998888889
2023/12/7 3:00,164,-75,6,1.000555556
2023/12/7 4:00,163.75,-75,5,0.835
2023/12/7 4:00,164,-75,1,0.165
2023/12/7 5:00,163.75,-75,6,1.000833333
2023/12/7 6:00,163.75,-75,6,0.997222222
2023/12/7 7:00,164,-75,6,1.001388889
2023/12/7 8:00,164,-75,6,1.000277778
2023/12/7 9:00,163.75,-75,6,1
2023/12/7 10:00,163.75,-75,6,0.999722222
2023/12/7 11:00,163.75,-75,6,1
2023/12/7 12:00,163.75,-75,6,1.000555556
2023/12/7 13:00,163.75,-75,2,0.331388889
2023/12/7 13:00,164,-75,4,0.668055556
2023/12/7 14:00,163.75,-75,4,0.668611111
2023/12/7 14:00,164,-75,2,0.331944444
2023/12/7 15:00,163.75,-75,6,1.000277778
2023/12/7 16:00,163.75,-75,6,0.998888889
2023/12/7 17:00,163.75,-75,2,0.333055556
2023/12/7 17:00,164,-75,4,0.667222222
2023/12/7 18:00,164,-75,6,0.999722222
2023/12/7 19:00,164,-75,6,1.000555556
2023/12/7 20:00,164,-75,6,0.998333333
2023/12/7 21:00,164,-75,6,1.000555556
2023/12/7 22:00,164,-75,6,1.002222222
2023/12/7 23:00,164,-75,6,0.999166667
2023/12/8 0:00,164,-75,6,1.000277778
2023/12/8 1:00,164,-75,6,0.998888889
2023/12/8 2:00,164,-75,6,1.001111111
2023/12/8 3:00,164,-75,6,0.998611111
2023/12/8 4:00,164.25,-75,6,1.001388889
2023/12/8 5:00,164.25,-75,6,1.001111111
2023/12/8 6:00,163.75,-75,3,0.502777778
2023/12/8 6:00,164,-75,2,0.331944444
2023/12/8 6:00,164.25,-75,1,0.165277778
2023/12/8 7:00,163.75,-75,6,0.999722222
2023/12/8 8:00,163.75,-75,6,0.9975
2023/12/8 9:00,163.75,-75,1,0.166944444
2023/12/8 9:00,164,-75,5,0.832777778
2023/12/8 10:00,163.75,-75,5,0.834166667
2023/12/8 10:00,164,-75,1,0.166666667
2023/12/8 11:00,163.75,-75,6,1
2023/12/8 12:00,163.75,-75,6,0.999166667
2023/12/8 13:00,163.75,-75,6,1.000833333
2023/12/8 14:00,163.75,-75,6,1.000833333
2023/12/8 15:00,163.75,-75,6,0.999166667
2023/12/8 16:00,163.75,-75,6,1.000555556
2023/12/8 17:00,163.75,-75,6,0.999166667
2023/12/8 18:00,163.75,-75,5,0.834166667
2023/12/8 18:00,164,-75,1,0.1675
2023/12/8 19:00,164,-75,6,0.998055556
2023/12/8 20:00,164,-75,6,1
2023/12/8 21:00,164,-75,6,1.0025
2023/12/8 22:00,164,-75,6,0.998055556
2023/12/8 23:00,164,-75,6,1.000277778
2023/12/9 0:00,164,-75,6,1.000833333
2023/12/9 1:00,164,-75,6,1
2023/12/9 2:00,164,-75,6,0.998611111
2023/12/9 3:00,164,-75,3,0.501666667
2023/12/9 3:00,164.25,-75,3,0.499444444
2023/12/9 4:00,163.75,-75,2,0.333888889
2023/12/9 4:00,164,-75,4,0.666111111
2023/12/9 5:00,163.75,-75,6,1.000555556
2023/12/9 6:00,163.75,-75,5,0.831944444
2023/12/9 6:00,164,-75,1,0.166666667
2023/12/9 7:00,163.75,-75,3,0.498888889
2023/12/9 7:00,164,-75,3,0.500833333
2023/12/9 8:00,164,-75,6,0.999722222
2023/12/9 9:00,163.75,-75,1,0.166944444
2023/12/9 9:00,164,-75,5,0.833611111
2023/12/9 10:00,163.75,-75,6,0.999166667
2023/12/9 11:00,164,-75,6,1.000833333
2023/12/9 12:00,164,-75,6,1.000277778
2023/12/9 13:00,164,-75,6,0.999722222
2023/12/9 14:00,164,-75,6,0.999722222
2023/12/9 15:00,164,-75,6,0.999722222
2023/12/9 16:00,164,-75,6,1.001388889
2023/12/9 17:00,163.75,-75,2,0.333055556
2023/12/9 17:00,164,-75,4,0.666111111
2023/12/9 18:00,163.75,-75,6,0.999722222
2023/12/9 19:00,163.75,-75,6,1.000555556
2023/12/9 20:00,163.75,-75,6,0.999166667
2023/12/9 21:00,163.75,-75,6,1.001666667
2023/12/9 22:00,163.75,-75,6,0.998333333
2023/12/9 23:00,163.75,-75,3,0.499444444
2023/12/9 23:00,164,-75,3,0.500833333
2023/12/10 0:00,164,-75,6,1.001388889
2023/12/10 1:00,164,-75,1,0.164444444
2023/12/10 1:00,164.25,-75,5,0.834722222
2023/12/10 2:00,164,-75,5,0.833611111
2023/12/10 2:00,164.25,-75,1,0.165555556
2023/12/10 3:00,164,-75,4,0.668055556
2023/12/10 3:00,164.25,-75,2,0.332777778
2023/12/10 4:00,164.25,-75,6,0.999722222
2023/12/10 5:00,164,-75,3,0.503611111
2023/12/10 5:00,164.25,-75,3,0.498888889
2023/12/10 6:00,163.75,-75,5,0.834444444
2023/12/10 6:00,164,-75,1,0.163333333
2023/12/10 7:00,163.75,-75,6,1.000555556
2023/12/10 8:00,163.75,-75,6,0.999444444
2023/12/10 9:00,163.75,-75,6,0.999722222
2023/12/10 10:00,163.75,-75,6,1.001111111
2023/12/10 11:00,163.75,-75,6,0.998055556
2023/12/10 12:00,163.75,-75,6,1.000833333
2023/12/10 13:00,163.75,-75,6,1
2023/12/10 14:00,163.75,-75,6,1.001388889
2023/12/10 15:00,163.75,-75,6,0.999166667
2023/12/10 16:00,163.75,-75,6,0.998888889
2023/12/10 17:00,163.75,-75,6,1.002222222
2023/12/10 18:00,163.75,-75,6,0.998888889
2023/12/10 19:00,163.75,-75,6,0.999722222
2023/12/10 20:00,163.75,-75,6,1.000555556
2023/12/10 21:00,163.75,-75,6,0.998888889
2023/12/10 22:00,163.75,-75,6,1.000833333
2023/12/10 23:00,163.75,-75,5,0.832222222
2023/12/10 23:00,164,-75,1,0.167222222
2023/12/11 0:00,164,-75,6,1.000277778
2023/12/11 1:00,164,-75,4,0.666111111
2023/12/11 1:00,164.25,-75,2,0.334444444
2023/12/11 2:00,164,-75,1,0.167777778
2023/12/11 2:00,164.25,-75,5,0.831666667
2023/12/11 3:00,164,-75,6,1.0025
2023/12/11 4:00,164,-75,6,0.998055556
2023/12/11 5:00,164,-75,2,0.332777778
2023/12/11 5:00,164.25,-75,4,0.668888889
2023/12/11 6:00,164,-75,1,0.166944444
2023/12/11 6:00,164.25,-75,5,0.831388889
2023/12/11 7:00,164,-75,6,0.999722222
2023/12/11 8:00,164,-75,6,0.999722222
2023/12/11 9:00,164,-75,6,1.000277778
2023/12/11 10:00,164,-75,2,0.331944444
2023/12/11 10:00,164.25,-75,4,0.666666667
2023/12/11 11:00,164,-75,5,0.834166667
2023/12/11 11:00,164.25,-75,1,0.166388889
2023/12/11 12:00,163.75,-75,3,0.500555556
2023/12/11 12:00,164,-75,3,0.499722222
2023/12/11 13:00,163.75,-75,6,1.000555556
2023/12/11 14:00,163.75,-75,6,1.000277778
2023/12/11 15:00,163.75,-75,6,0.999444444
2023/12/11 16:00,163.75,-75,6,0.999444444
2023/12/11 17:00,163.75,-75,6,1.001944444
2023/12/11 18:00,163.75,-75,6,0.999444444
2023/12/11 19:00,163.75,-75,6,0.998611111
2023/12/11 20:00,163.75,-75,6,1.002222222
2023/12/11 21:00,163.75,-75,6,0.999444444
2023/12/11 22:00,163.75,-75,6,0.999166667
2023/12/11 23:00,163.75,-75,6,1.000555556
2023/12/12 0:00,163.75,-75,6,1
2023/12/12 1:00,163.75,-75,6,0.998333333
2023/12/12 2:00,163.75,-75,6,1.003333333
2023/12/12 3:00,163.75,-75,1,0.164166667
2023/12/12 3:00,164,-75,5,0.833888889
2023/12/12 4:00,164,-75,6,1.002222222
2023/12/12 5:00,164,-75,6,0.998333333
2023/12/12 6:00,163.75,-75,5,0.835555556
2023/12/12 6:00,164,-75,1,0.164166667
2023/12/12 7:00,163.75,-75,2,0.331388889
2023/12/12 7:00,164,-75,2,0.333888889
2023/12/12 7:00,164.25,-75,1,0.166944444
2023/12/12 7:00,164.25,-74.75,1,0.1675
2023/12/12 8:00,164.25,-74.75,6,0.999166667
2023/12/12 9:00,164.25,-74.75,6,1.000277778
2023/12/12 10:00,164.25,-74.75,6,0.999444444
2023/12/12 11:00,164.25,-74.75,6,1.001388889
2023/12/12 12:00,164.25,-74.75,6,0.999444444
2023/12/12 13:00,164.25,-74.75,6,1.000277778
2023/12/12 14:00,163.75,-75,3,0.499444444
2023/12/12 14:00,164,-75,2,0.333888889
2023/12/12 14:00,164.25,-75,1,0.165555556
2023/12/12 15:00,163.75,-75,6,1
2023/12/12 16:00,163.75,-75,6,1.000555556
2023/12/12 17:00,163.75,-75,6,1.000277778
2023/12/12 18:00,163.75,-75,6,1
2023/12/12 19:00,163.75,-75,5,0.832777778
2023/12/12 19:00,164,-75,1,0.166944444
2023/12/12 20:00,163.75,-75,6,1.000277778
2023/12/12 21:00,163.75,-75,3,0.498611111
2023/12/12 21:00,164,-75,3,0.501388889
2023/12/12 22:00,164.25,-75,2,0.332222222
2023/12/12 22:00,164.5,-75,2,0.333333333
2023/12/12 22:00,164.75,-75,2,0.336111111
2023/12/12 23:00,165,-75,2,0.330277778
2023/12/12 23:00,165.25,-75,2,0.334722222
2023/12/12 23:00,165.5,-75.25,2,0.335
2023/12/13 0:00,165.75,-75.25,2,0.330833333
2023/12/13 0:00,166,-75.25,3,0.500833333
2023/12/13 0:00,166.25,-75.25,1,0.168055556
2023/12/13 1:00,166.25,-75.25,2,0.331111111
2023/12/13 1:00,166.5,-75.25,2,0.333611111
2023/12/13 1:00,166.75,-75.25,2,0.333055556
2023/12/13 2:00,166.75,-75.25,1,0.166111111
2023/12/13 2:00,167,-75.25,3,0.500833333
2023/12/13 2:00,167.25,-75.25,2,0.333333333
2023/12/13 3:00,167.5,-75.25,3,0.5
2023/12/13 3:00,167.75,-75.5,2,0.333888889
2023/12/13 3:00,167.75,-75.25,1,0.166944444
2023/12/13 4:00,168,-75.5,3,0.499722222
2023/12/13 4:00,168.25,-75.5,3,0.499166667
2023/12/13 5:00,168.25,-75.5,1,0.166944444
2023/12/13 5:00,168.5,-75.5,3,0.500277778
2023/12/13 5:00,168.75,-75.5,2,0.333888889
2023/12/13 6:00,168.75,-75.5,1,0.166666667
2023/12/13 6:00,169,-75.5,4,0.665555556
2023/12/13 6:00,169.25,-75.5,1,0.167222222
2023/12/13 7:00,169.25,-75.5,3,0.498888889
2023/12/13 7:00,169.5,-75.5,2,0.334166667
2023/12/13 7:00,169.75,-75.5,1,0.1675
2023/12/13 8:00,169.75,-75.5,1,0.165555556
2023/12/13 8:00,170,-75.5,2,0.3325
2023/12/13 8:00,170.25,-75.5,2,0.333888889
2023/12/13 8:00,170.5,-75.5,1,0.167222222
2023/12/13 9:00,170.5,-75.5,1,0.165833333
2023/12/13 9:00,170.75,-75.5,2,0.333333333
2023/12/13 9:00,171,-75.5,2,0.333333333
2023/12/13 9:00,171.25,-75.5,1,0.167222222
2023/12/13 10:00,171.25,-75.25,1,0.165833333
2023/12/13 10:00,171.5,-75.25,2,0.334444444
2023/12/13 10:00,171.75,-75.25,2,0.333055556
2023/12/13 10:00,172,-75.25,1,0.168055556
2023/12/13 11:00,172,-75.25,1,0.165277778
2023/12/13 11:00,172.25,-75.25,1,0.166944444
2023/12/13 11:00,172.5,-75.25,2,0.332222222
2023/12/13 11:00,172.75,-75.25,2,0.334444444
2023/12/13 12:00,173,-75.25,2,0.333055556
2023/12/13 12:00,173.25,-75.25,2,0.333333333
2023/12/13 12:00,173.5,-75.25,2,0.335277778
2023/12/13 13:00,173.75,-75.25,2,0.331388889
2023/12/13 13:00,174,-75.25,2,0.333611111
2023/12/13 13:00,174.25,-75.25,2,0.333888889
2023/12/13 14:00,174.5,-75.25,2,0.333055556
2023/12/13 14:00,174.75,-75.25,1,0.165555556
2023/12/13 14:00,174.75,-75,1,0.166666667
2023/12/13 14:00,175,-75,2,0.334722222
2023/12/13 15:00,175.25,-75,2,0.331666667
2023/12/13 15:00,175.5,-75,2,0.333888889
2023/12/13 15:00,175.75,-75,2,0.334444444
2023/12/13 16:00,176,-75,2,0.331944444
2023/12/13 16:00,176.25,-75,2,0.333055556
2023/12/13 16:00,176.5,-75,2,0.333888889
2023/12/13 17:00,176.75,-75,2,0.333611111
2023/12/13 17:00,177,-75,2,0.332777778
2023/12/13 17:00,177.25,-75,2,0.335277778
2023/12/13 18:00,177.5,-75,2,0.331388889
2023/12/13 18:00,177.75,-75,2,0.333611111
2023/12/13 18:00,178,-75,2,0.333333333
2023/12/13 19:00,178.25,-75,2,0.333055556
2023/12/13 19:00,178.5,-75,1,0.166388889
2023/12/13 19:00,178.5,-74.75,1,0.168055556
2023/12/13 19:00,178.75,-74.75,2,0.333888889
2023/12/13 20:00,179,-74.75,2,0.3325
2023/12/13 20:00,179.25,-74.75,2,0.3325
2023/12/13 20:00,179.5,-74.75,2,0.336388889
2023/12/13 21:00,179.75,-74.75,4,0.664722222
2023/12/13 21:00,180,-74.75,2,0.334444444
2023/12/13 22:00,180,-74.75,1,0.164722222
2023/12/13 22:00,180.25,-74.75,3,0.499722222
2023/12/13 22:00,180.5,-74.75,2,0.335
2023/12/13 23:00,180.75,-74.75,2,0.333055556
2023/12/13 23:00,181,-74.5,2,0.333333333
2023/12/13 23:00,181.25,-74.5,2,0.335
2023/12/14 0:00,181.25,-74.5,1,0.164166667
2023/12/14 0:00,181.5,-74.5,3,0.500277778
2023/12/14 0:00,181.75,-74.5,2,0.335
2023/12/14 1:00,181.75,-74.5,1,0.164722222
2023/12/14 1:00,182,-74.5,4,0.666111111
2023/12/14 1:00,182.25,-74.5,1,0.167777778
2023/12/14 2:00,182.25,-74.5,3,0.499444444
2023/12/14 2:00,182.25,-74.25,2,0.333055556
2023/12/14 2:00,182.5,-74.25,1,0.167777778
2023/12/14 3:00,182.5,-74.25,3,0.499444444
2023/12/14 3:00,182.75,-74.25,3,0.499166667
2023/12/14 4:00,182.75,-74.25,1,0.166666667
2023/12/14 4:00,183,-74.25,2,0.333611111
2023/12/14 4:00,183,-74,2,0.333333333
2023/12/14 4:00,183.25,-74,1,0.168055556
2023/12/14 5:00,183.25,-74,5,0.832777778
2023/12/14 5:00,183.5,-74,1,0.166666667
2023/12/14 6:00,183.5,-74,1,0.166111111
2023/12/14 6:00,183.5,-73.75,3,0.5
2023/12/14 6:00,183.75,-73.75,2,0.335277778
2023/12/14 7:00,183.75,-73.75,1,0.165277778
2023/12/14 7:00,184,-73.75,5,0.833055556
2023/12/14 8:00,184.25,-73.75,3,0.499722222
2023/12/14 8:00,184.25,-73.5,3,0.500555556
2023/12/14 9:00,184.25,-73.5,2,0.333055556
2023/12/14 9:00,184.5,-73.5,4,0.666388889
2023/12/14 10:00,184.75,-73.5,3,0.499722222
2023/12/14 10:00,184.75,-73.25,3,0.499722222
2023/12/14 11:00,184.75,-73.25,4,0.666944444
2023/12/14 11:00,185,-73.25,2,0.334166667
2023/12/14 12:00,185,-73.25,1,0.165833333
2023/12/14 12:00,185.25,-73.25,3,0.5
2023/12/14 12:00,185.5,-73.25,2,0.334444444
2023/12/14 13:00,185.5,-73.25,3,0.499444444
2023/12/14 13:00,185.5,-73,2,0.333055556
2023/12/14 13:00,185.75,-73,1,0.168333333
2023/12/14 14:00,185.75,-73,2,0.330833333
2023/12/14 14:00,186,-73,4,0.668055556
2023/12/14 15:00,186,-73,1,0.166666667
2023/12/14 15:00,186,-72.75,5,0.833055556
2023/12/14 16:00,186,-72.75,2,0.332777778
2023/12/14 16:00,186.25,-72.75,1,0.166388889
2023/12/14 16:00,186.25,-72.5,2,0.333611111
2023/12/14 16:00,186.5,-72.5,1,0.167222222
2023/12/14 17:00,186.5,-72.5,1,0.166388889
2023/12/14 17:00,186.75,-72.5,3,0.500277778
2023/12/14 17:00,187,-72.5,2,0.333333333
2023/12/14 18:00,187,-72.5,3,0.498888889
2023/12/14 18:00,187,-72.25,3,0.501944444
2023/12/14 19:00,187,-72.25,6,0.999444444
2023/12/14 20:00,187,-72.25,1,0.165277778
2023/12/14 20:00,187,-72,4,0.668055556
2023/12/14 20:00,187.25,-72,1,0.168611111
2023/12/14 21:00,187.25,-72,4,0.663333333
2023/12/14 21:00,187.25,-71.75,2,0.336111111
2023/12/14 22:00,187.25,-71.75,6,0.998611111
2023/12/14 23:00,187.25,-71.5,6,1
2023/12/15 0:00,187.5,-71.5,2,0.333333333
2023/12/15 0:00,187.5,-71.25,4,0.666944444
2023/12/15 1:00,187.5,-71.25,4,0.665277778
2023/12/15 1:00,187.75,-71.25,2,0.335
2023/12/15 2:00,187.5,-71,2,0.334722222
2023/12/15 2:00,187.75,-71,4,0.665555556
2023/12/15 3:00,187.5,-71,4,0.665
2023/12/15 3:00,187.5,-70.75,2,0.335277778
2023/12/15 4:00,187.5,-70.75,6,0.999444444
2023/12/15 5:00,187.5,-70.75,3,0.498888889
2023/12/15 5:00,187.5,-70.5,3,0.500277778
2023/12/15 6:00,187.5,-70.5,4,0.666111111
2023/12/15 6:00,187.5,-70.25,2,0.335277778
2023/12/15 7:00,187,-70.25,2,0.333333333
2023/12/15 7:00,187.25,-70.25,3,0.499444444
2023/12/15 7:00,187.5,-70.25,1,0.165833333
2023/12/15 8:00,186.5,-70,2,0.334722222
2023/12/15 8:00,186.75,-70.25,2,0.333333333
2023/12/15 8:00,186.75,-70,1,0.166666667
2023/12/15 8:00,187,-70.25,1,0.166111111
2023/12/15 9:00,186.25,-70,4,0.668888889
2023/12/15 9:00,186.5,-70,2,0.331388889
2023/12/15 10:00,186,-70,1,0.165
2023/12/15 10:00,186,-69.75,5,0.833611111
2023/12/15 11:00,185.5,-69.75,1,0.166388889
2023/12/15 11:00,185.5,-69.5,1,0.166666667
2023/12/15 11:00,185.75,-69.75,4,0.666666667
2023/12/15 12:00,185.25,-69.5,1,0.167222222
2023/12/15 12:00,185.5,-69.5,5,0.833055556
2023/12/15 13:00,185,-69.5,4,0.668611111
2023/12/15 13:00,185.25,-69.5,2,0.332777778
2023/12/15 14:00,184.5,-69.25,3,0.501944444
2023/12/15 14:00,184.75,-69.25,3,0.498611111
2023/12/15 15:00,184.25,-69.25,4,0.666944444
2023/12/15 15:00,184.25,-69,1,0.168055556
2023/12/15 15:00,184.5,-69.25,1,0.163888889
2023/12/15 16:00,184,-69,6,0.998888889
2023/12/15 17:00,183.5,-69,1,0.168055556
2023/12/15 17:00,183.75,-69,4,0.666388889
2023/12/15 17:00,184,-69,1,0.1675
2023/12/15 18:00,183,-68.75,1,0.167222222
2023/12/15 18:00,183.25,-68.75,3,0.498888889
2023/12/15 18:00,183.5,-68.75,2,0.331944444
2023/12/15 19:00,182.75,-68.75,4,0.668888889
2023/12/15 19:00,183,-68.75,2,0.333055556
2023/12/15 20:00,182.25,-68.75,1,0.167222222
2023/12/15 20:00,182.5,-68.75,5,0.831111111
2023/12/15 21:00,182.25,-68.75,1,0.166111111
2023/12/15 21:00,182.25,-68.5,5,0.834722222
2023/12/15 22:00,182,-68.5,2,0.334444444
2023/12/15 22:00,182,-68.25,3,0.501944444
2023/12/15 22:00,182.25,-68.5,1,0.165277778
2023/12/15 23:00,181.75,-68.25,3,0.500277778
2023/12/15 23:00,182,-68.25,3,0.496944444
2023/12/16 0:00,181.75,-68.25,1,0.166388889
2023/12/16 0:00,181.75,-68,5,0.833888889
2023/12/16 1:00,181.5,-68,1,0.1675
2023/12/16 1:00,181.5,-67.75,3,0.500555556
2023/12/16 1:00,181.75,-68,2,0.332777778
2023/12/16 2:00,181.25,-67.75,3,0.499444444
2023/12/16 2:00,181.5,-67.75,3,0.499722222
2023/12/16 3:00,181,-67.5,4,0.668333333
2023/12/16 3:00,181.25,-67.75,1,0.165833333
2023/12/16 3:00,181.25,-67.5,1,0.166944444
2023/12/16 4:00,180.5,-67.5,1,0.167777778
2023/12/16 4:00,180.75,-67.5,3,0.499166667
2023/12/16 4:00,181,-67.5,2,0.332222222
2023/12/16 5:00,180.25,-67.25,2,0.333333333
2023/12/16 5:00,180.5,-67.5,1,0.166666667
2023/12/16 5:00,180.5,-67.25,3,0.499722222
2023/12/16 6:00,180.25,-67.25,5,0.834444444
2023/12/16 6:00,180.25,-67,1,0.168055556
2023/12/16 7:00,180,-67,4,0.666944444
2023/12/16 7:00,180.25,-67,2,0.331666667
2023/12/16 8:00,180,-67,2,0.331944444
2023/12/16 8:00,180.25,-67,2,0.334444444
2023/12/16 8:00,180.25,-66.75,1,0.167777778
2023/12/16 8:00,180.5,-67,1,0.166388889
2023/12/16 9:00,179.5,-66.75,2,0.335
2023/12/16 9:00,179.75,-66.75,2,0.333333333
2023/12/16 9:00,180,-66.75,2,0.331111111
2023/12/16 10:00,179,-66.75,3,0.501111111
2023/12/16 10:00,179.25,-66.75,2,0.333055556
2023/12/16 10:00,179.5,-66.75,1,0.165277778
2023/12/16 11:00,178.25,-66.5,2,0.334722222
2023/12/16 11:00,178.5,-66.75,1,0.166666667
2023/12/16 11:00,178.5,-66.5,1,0.166666667
2023/12/16 11:00,178.75,-66.75,2,0.3325
2023/12/16 12:00,178,-66.5,2,0.333055556
2023/12/16 12:00,178.25,-66.5,1,0.165277778
2023/12/16 12:00,178.5,-66.5,3,0.499722222
2023/12/16 13:00,178.25,-66.5,5,0.833888889
2023/12/16 13:00,178.5,-66.5,1,0.166666667
2023/12/16 14:00,177.75,-66.5,2,0.333888889
2023/12/16 14:00,178,-66.5,4,0.666944444
2023/12/16 15:00,177.5,-66.5,4,0.665833333
2023/12/16 15:00,177.75,-66.5,2,0.333055556
2023/12/16 16:00,177,-66.5,2,0.333611111
2023/12/16 16:00,177.25,-66.5,4,0.667222222
2023/12/16 17:00,176.75,-66.5,3,0.503333333
2023/12/16 17:00,177,-66.5,3,0.498888889
2023/12/16 18:00,176.25,-66.5,1,0.167777778
2023/12/16 18:00,176.5,-66.5,4,0.666388889
2023/12/16 18:00,176.75,-66.5,1,0.163611111
2023/12/16 19:00,176,-66.5,2,0.335555556
2023/12/16 19:00,176.25,-66.5,4,0.665833333
2023/12/16 20:00,175.75,-66.5,3,0.503055556
2023/12/16 20:00,176,-66.5,3,0.4975
2023/12/16 21:00,175.5,-66.5,4,0.666944444
2023/12/16 21:00,175.75,-66.5,2,0.331111111
2023/12/16 22:00,175.25,-66.5,5,0.834444444
2023/12/16 22:00,175.5,-66.5,1,0.167222222
2023/12/16 23:00,174.75,-66.5,2,0.332222222
2023/12/16 23:00,175,-66.5,4,0.665277778
2023/12/17 0:00,174.5,-66.5,4,0.668888889
2023/12/17 0:00,174.75,-66.5,2,0.333333333
2023/12/17 1:00,174,-66.5,2,0.333888889
2023/12/17 1:00,174.25,-66.5,4,0.665555556
2023/12/17 2:00,173.75,-66.5,4,0.67
2023/12/17 2:00,174,-66.5,2,0.331666667
2023/12/17 3:00,173.25,-66.5,1,0.168333333
2023/12/17 3:00,173.5,-66.5,4,0.666111111
2023/12/17 3:00,173.75,-66.5,1,0.163611111
2023/12/17 4:00,173,-66.5,2,0.333888889
2023/12/17 4:00,173.25,-66.5,4,0.665
2023/12/17 5:00,172.75,-66.5,4,0.669166667
2023/12/17 5:00,173,-66.5,2,0.333611111
2023/12/17 6:00,172.5,-66.5,5,0.833055556
2023/12/17 6:00,172.75,-66.5,1,0.165
2023/12/17 7:00,172.25,-66.5,6,0.999722222
2023/12/17 8:00,172,-66.5,6,1.000277778
2023/12/17 9:00,171.75,-66.5,6,1.000833333
2023/12/17 10:00,171.5,-66.5,6,0.998611111
2023/12/17 11:00,171,-66.5,2,0.334166667
2023/12/17 11:00,171.25,-66.5,4,0.665833333
2023/12/17 12:00,170.75,-66.25,3,0.500555556
2023/12/17 12:00,171,-66.5,2,0.332777778
2023/12/17 12:00,171,-66.25,1,0.166944444
2023/12/17 13:00,170.5,-66.25,5,0.835277778
2023/12/17 13:00,170.75,-66.25,1,0.165833333
2023/12/17 14:00,170,-66.25,2,0.333333333
2023/12/17 14:00,170.25,-66.25,4,0.666111111
2023/12/17 15:00,169.75,-66.25,3,0.500555556
2023/12/17 15:00,170,-66.25,3,0.498888889
2023/12/17 16:00,169.5,-66.25,3,0.499444444
2023/12/17 16:00,169.75,-66.25,3,0.5
2023/12/17 17:00,169.25,-66,2,0.334166667
2023/12/17 17:00,169.5,-66.25,3,0.500277778
2023/12/17 17:00,169.5,-66,1,0.167222222
2023/12/17 18:00,169.25,-66,6,0.998888889
2023/12/17 19:00,169,-66,2,0.333611111
2023/12/17 19:00,169,-65.75,4,0.666944444
2023/12/17 20:00,168.75,-65.75,3,0.500555556
2023/12/17 20:00,168.75,-65.5,2,0.333333333
2023/12/17 20:00,169,-65.75,1,0.165277778
2023/12/17 21:00,168.25,-65.5,2,0.335277778
2023/12/17 21:00,168.5,-65.5,3,0.5
2023/12/17 21:00,168.75,-65.5,1,0.166666667
2023/12/17 22:00,168,-65.5,2,0.333055556
2023/12/17 22:00,168,-65.25,3,0.501388889
2023/12/17 22:00,168.25,-65.5,1,0.164722222
2023/12/17 23:00,167.75,-65.25,4,0.665
2023/12/17 23:00,167.75,-65,2,0.335
2023/12/18 0:00,167.25,-65,2,0.333611111
2023/12/18 0:00,167.5,-65,4,0.666111111
2023/12/18 1:00,167,-64.75,4,0.6675
2023/12/18 1:00,167.25,-65,1,0.165
2023/12/18 1:00,167.25,-64.75,1,0.168055556
2023/12/18 2:00,166.75,-64.75,1,0.166944444
2023/12/18 2:00,166.75,-64.5,3,0.501666667
2023/12/18 2:00,167,-64.75,2,0.331944444
2023/12/18 3:00,166.25,-64.5,1,0.167777778
2023/12/18 3:00,166.5,-64.5,4,0.667777778
2023/12/18 3:00,166.75,-64.5,1,0.164166667
2023/12/18 4:00,166,-64.25,2,0.335277778
2023/12/18 4:00,166.25,-64.25,4,0.666111111
2023/12/18 5:00,166,-64.25,3,0.497222222
2023/12/18 5:00,166,-64,3,0.498888889
2023/12/18 6:00,165.75,-63.75,2,0.333888889
2023/12/18 6:00,166,-64,4,0.668611111
2023/12/18 7:00,165.75,-63.75,6,0.999722222
2023/12/18 8:00,165.5,-63.5,2,0.333055556
2023/12/18 8:00,165.75,-63.5,4,0.665
2023/12/18 9:00,165.5,-63.5,2,0.333888889
2023/12/18 9:00,165.5,-63.25,4,0.666111111
2023/12/18 10:00,165.5,-63.25,5,0.833888889
2023/12/18 10:00,165.5,-63,1,0.1675
2023/12/18 11:00,165.5,-63,6,0.999722222
2023/12/18 12:00,165.5,-63,1,0.165555556
2023/12/18 12:00,165.5,-62.75,5,0.833611111
2023/12/18 13:00,165.25,-62.5,1,0.167777778
2023/12/18 13:00,165.5,-62.75,3,0.500277778
2023/12/18 13:00,165.5,-62.5,2,0.332777778
2023/12/18 14:00,165.25,-62.5,5,0.832777778
2023/12/18 14:00,165.25,-62.25,1,0.167777778
2023/12/18 15:00,165.25,-62.25,6,0.999722222
2023/12/18 16:00,165.25,-62.25,1,0.165
2023/12/18 16:00,165.25,-62,5,0.834444444
2023/12/18 17:00,165.25,-62,2,0.333333333
2023/12/18 17:00,165.25,-61.75,4,0.666111111
2023/12/18 18:00,165.25,-61.75,4,0.666111111
2023/12/18 18:00,165.25,-61.5,2,0.333333333
2023/12/18 19:00,165.25,-61.5,6,1.001944444
2023/12/18 20:00,165.25,-61.25,6,0.999722222
2023/12/18 21:00,165.25,-61.25,1,0.166388889
2023/12/18 21:00,165.25,-61,5,0.834722222
2023/12/18 22:00,165.25,-61,2,0.331666667
2023/12/18 22:00,165.25,-60.75,4,0.668611111
2023/12/18 23:00,165.25,-60.75,4,0.663888889
2023/12/18 23:00,165.25,-60.5,2,0.333888889
2023/12/19 0:00,165.25,-60.5,4,0.666666667
2023/12/19 0:00,165.25,-60.25,2,0.335277778
2023/12/19 1:00,165.25,-60.25,5,0.830833333
2023/12/19 1:00,165.25,-60,1,0.167777778
2023/12/19 2:00,165.25,-60,6,1.000277778
2023/12/19 3:00,165.25,-59.75,6,1.000277778
2023/12/19 4:00,165.25,-59.75,1,0.165555556
2023/12/19 4:00,165.25,-59.5,5,0.833055556
2023/12/19 5:00,165.25,-59.5,2,0.334166667
2023/12/19 5:00,165.25,-59.25,4,0.667222222
2023/12/19 6:00,165.25,-59.25,4,0.665833333
2023/12/19 6:00,165.25,-59,2,0.334444444
2023/12/19 7:00,165.25,-59,5,0.831111111
2023/12/19 7:00,165.25,-58.75,1,0.168888889
2023/12/19 8:00,165.25,-58.75,6,0.998611111
2023/12/19 9:00,165.25,-58.5,6,0.999722222
2023/12/19 10:00,165.25,-58.5,2,0.333333333
2023/12/19 10:00,165.25,-58.25,4,0.666944444
2023/12/19 11:00,165.25,-58.25,3,0.499722222
2023/12/19 11:00,165.25,-58,3,0.501388889
2023/12/19 12:00,165.25,-58,4,0.665
2023/12/19 12:00,165.25,-57.75,2,0.334166667
2023/12/19 13:00,165.25,-57.75,5,0.833611111
2023/12/19 13:00,165.25,-57.5,1,0.167777778
2023/12/19 14:00,165.25,-57.5,6,0.998611111
2023/12/19 15:00,165.25,-57.5,1,0.166944444
2023/12/19 15:00,165.25,-57.25,5,0.833611111
2023/12/19 16:00,165.25,-57.25,2,0.331944444
2023/12/19 16:00,165.25,-57,4,0.667777778
2023/12/19 17:00,165.25,-57,4,0.666666667
2023/12/19 17:00,165.25,-56.75,2,0.333888889
2023/12/19 18:00,165.5,-56.75,6,1.000555556
2023/12/19 19:00,165.5,-56.5,6,0.999166667
2023/12/19 20:00,165.5,-56.5,1,0.165
2023/12/19 20:00,165.75,-56.5,1,0.166944444
2023/12/19 20:00,165.75,-56.25,4,0.6675
2023/12/19 21:00,165.75,-56.25,4,0.666388889
2023/12/19 21:00,165.75,-56,2,0.335277778
2023/12/19 22:00,165.75,-56,1,0.164444444
2023/12/19 22:00,166,-56,5,0.834166667
2023/12/19 23:00,166,-55.75,6,1.001666667
2023/12/20 0:00,166,-55.75,1,0.164722222
2023/12/20 0:00,166,-55.5,1,0.165833333
2023/12/20 0:00,166.25,-55.5,4,0.667777778
2023/12/20 1:00,166.25,-55.5,3,0.498611111
2023/12/20 1:00,166.25,-55.25,3,0.501666667
2023/12/20 2:00,166.25,-55.25,3,0.498333333
2023/12/20 2:00,166.5,-55.25,2,0.335
2023/12/20 2:00,166.5,-55,1,0.168055556
2023/12/20 3:00,166.5,-55,6,0.9975
2023/12/20 4:00,166.5,-55,1,0.1675
2023/12/20 4:00,166.5,-54.75,5,0.834166667
2023/12/20 5:00,166.5,-54.75,4,0.665277778
2023/12/20 5:00,166.5,-54.5,1,0.166111111
2023/12/20 5:00,166.75,-54.5,1,0.1675
2023/12/20 6:00,166.75,-54.5,6,1.001111111
2023/12/20 7:00,166.75,-54.25,6,1.000277778
2023/12/20 8:00,166.75,-54.25,3,0.498055556
2023/12/20 8:00,166.75,-54,3,0.501388889
2023/12/20 9:00,166.75,-54,6,0.999166667
2023/12/20 10:00,166.75,-53.75,6,0.999722222
2023/12/20 11:00,167,-53.75,3,0.499444444
2023/12/20 11:00,167,-53.5,3,0.501111111
2023/12/20 12:00,167,-53.5,5,0.832777778
2023/12/20 12:00,167,-53.25,1,0.166944444
2023/12/20 13:00,167,-53.25,6,1.000555556
2023/12/20 14:00,167,-53.25,1,0.165833333
2023/12/20 14:00,167,-53,5,0.834722222
2023/12/20 15:00,167,-53,3,0.498888889
2023/12/20 15:00,167,-52.75,1,0.166944444
2023/12/20 15:00,167.25,-52.75,2,0.334166667
2023/12/20 16:00,167.25,-52.75,4,0.665555556
2023/12/20 16:00,167.25,-52.5,2,0.333888889
2023/12/20 17:00,167.25,-52.5,6,1.000555556
2023/12/20 18:00,167.25,-52.25,6,0.998611111
2023/12/20 19:00,167.5,-52.25,2,0.333333333
2023/12/20 19:00,167.5,-52,4,0.666666667
2023/12/20 20:00,167.5,-52,5,0.833055556
2023/12/20 20:00,167.75,-51.75,1,0.1675
2023/12/20 21:00,167.75,-51.75,6,1.000555556
2023/12/20 22:00,167.75,-51.75,1,0.165
2023/12/20 22:00,167.75,-51.5,3,0.500555556
2023/12/20 22:00,168,-51.5,2,0.333888889
2023/12/20 23:00,168,-51.5,2,0.332777778
2023/12/20 23:00,168,-51.25,4,0.666388889
2023/12/21 0:00,168,-51.25,2,0.333055556
2023/12/21 0:00,168.25,-51.25,2,0.333333333
2023/12/21 0:00,168.25,-51,2,0.335555556
2023/12/21 1:00,168.25,-51,6,0.999722222
2023/12/21 2:00,168.25,-50.75,1,0.166111111
2023/12/21 2:00,168.5,-50.75,5,0.833333333
2023/12/21 3:00,168.5,-50.75,2,0.331666667
2023/12/21 3:00,168.5,-50.5,4,0.667222222
2023/12/21 4:00,168.75,-50.5,4,0.666944444
2023/12/21 4:00,168.75,-50.25,2,0.333333333
2023/12/21 5:00,168.75,-50.25,5,0.834166667
2023/12/21 5:00,169,-50.25,1,0.166944444
2023/12/21 6:00,169,-50.25,1,0.165277778
2023/12/21 6:00,169,-50,5,0.836388889
2023/12/21 7:00,169,-50,4,0.663611111
2023/12/21 7:00,169.25,-49.75,2,0.334166667
2023/12/21 8:00,169.25,-49.75,6,0.999722222
2023/12/21 9:00,169.25,-49.75,1,0.165833333
2023/12/21 9:00,169.25,-49.5,3,0.500833333
2023/12/21 9:00,169.5,-49.5,2,0.3325
2023/12/21 10:00,169.5,-49.5,3,0.499722222
2023/12/21 10:00,169.5,-49.25,3,0.501111111
2023/12/21 11:00,169.5,-49.25,4,0.665555556
2023/12/21 11:00,169.75,-49.25,2,0.335
2023/12/21 12:00,169.75,-49,6,0.999722222
2023/12/21 13:00,169.75,-49,2,0.332222222
2023/12/21 13:00,169.75,-48.75,1,0.1675
2023/12/21 13:00,170,-48.75,3,0.500277778
2023/12/21 14:00,170,-48.75,5,0.831944444
2023/12/21 14:00,170,-48.5,1,0.1675
2023/12/21 15:00,170,-48.5,2,0.333888889
2023/12/21 15:00,170.25,-48.5,4,0.666111111
2023/12/21 16:00,170.25,-48.5,1,0.166388889
2023/12/21 16:00,170.25,-48.25,5,0.834166667
2023/12/21 17:00,170.25,-48.25,2,0.333333333
2023/12/21 17:00,170.5,-48.25,2,0.332222222
2023/12/21 17:00,170.5,-48,2,0.334166667
2023/12/21 18:00,170.5,-48,6,0.999722222
2023/12/21 19:00,170.5,-48,1,0.166388889
2023/12/21 19:00,170.5,-47.75,2,0.333333333
2023/12/21 19:00,170.75,-47.75,3,0.500833333
2023/12/21 20:00,170.75,-47.75,4,0.665555556
2023/12/21 20:00,170.75,-47.5,2,0.335277778
2023/12/21 21:00,170.75,-47.5,3,0.498888889
2023/12/21 21:00,171,-47.5,3,0.500555556
2023/12/21 22:00,171,-47.5,1,0.165833333
2023/12/21 22:00,171,-47.25,5,0.834444444
2023/12/21 23:00,171,-47.25,4,0.665555556
2023/12/21 23:00,171.25,-47,2,0.333888889
2023/12/22 0:00,171.25,-47,6,0.999166667
2023/12/22 1:00,171.25,-47,1,0.166388889
2023/12/22 1:00,171.25,-46.75,3,0.5
2023/12/22 1:00,171.5,-46.75,2,0.334444444
2023/12/22 2:00,171.5,-46.75,4,0.665277778
2023/12/22 2:00,171.5,-46.5,2,0.335833333
2023/12/22 3:00,171.5,-46.5,5,0.833055556
2023/12/22 3:00,171.75,-46.5,1,0.1675
2023/12/22 4:00,171.75,-46.5,1,0.163888889
2023/12/22 4:00,171.75,-46.25,5,0.834722222
2023/12/22 5:00,171.75,-46.25,4,0.666111111
2023/12/22 5:00,171.75,-46,2,0.333888889
2023/12/22 6:00,172,-46,6,1.001111111
2023/12/22 7:00,172,-46,1,0.163888889
2023/12/22 7:00,172,-45.75,5,0.835
2023/12/22 8:00,172.25,-45.75,4,0.665555556
2023/12/22 8:00,172.25,-45.5,2,0.333888889
2023/12/22 9:00,172.25,-45.5,6,0.999166667
2023/12/22 10:00,172.25,-45.5,1,0.166388889
2023/12/22 10:00,172.25,-45.25,1,0.166666667
2023/12/22 10:00,172.5,-45.25,4,0.667777778
2023/12/22 11:00,172.5,-45.25,4,0.666666667
2023/12/22 11:00,172.5,-45,2,0.334166667
2023/12/22 12:00,172.5,-45,3,0.499166667
2023/12/22 12:00,172.75,-45,3,0.500277778
2023/12/22 13:00,172.75,-45,1,0.166111111
2023/12/22 13:00,172.75,-44.75,5,0.835
2023/12/22 14:00,172.75,-44.75,5,0.831944444
2023/12/22 14:00,173,-44.5,1,0.1675
2023/12/22 15:00,173,-44.5,6,1.000277778
2023/12/22 16:00,173,-44.5,3,0.497777778
2023/12/22 16:00,173,-44.25,3,0.501111111
2023/12/22 17:00,173,-44.25,2,0.332222222
2023/12/22 17:00,173.25,-44.25,4,0.668333333
2023/12/22 18:00,173.25,-44.25,1,0.166111111
2023/12/22 18:00,173.25,-44,5,0.834444444
2023/12/22 19:00,173.25,-44,5,0.831388889
2023/12/22 19:00,173.25,-43.75,1,0.167222222
2023/12/22 20:00,173.25,-43.75,6,1.001111111
2023/12/22 21:00,173.25,-43.75,2,0.332222222
2023/12/22 21:00,173.25,-43.5,4,0.668055556
2023/12/22 22:00,173,-43.5,4,0.666666667
2023/12/22 22:00,173.25,-43.5,2,0.332222222
2023/12/22 23:00,172.75,-43.5,1,0.167222222
2023/12/22 23:00,173,-43.5,5,0.833055556
2023/12/23 0:00,172.75,-43.5,6,1.001388889
2023/12/23 1:00,172.75,-43.5,6,0.999166667
2023/12/23 2:00,172.75,-43.5,6,0.999166667
2023/12/23 3:00,172.75,-43.5,6,1.000555556
2023/12/23 4:00,172.75,-43.5,6,0.999722222
2023/12/23 5:00,172.75,-43.5,6,1.000555556
2023/12/23 6:00,172.75,-43.5,6,1.001388889
2023/12/23 7:00,172.75,-43.5,6,0.999444444
2023/12/23 8:00,172.75,-43.5,6,0.999166667
2023/12/23 9:00,172.75,-43.5,6,0.999444444
2023/12/23 10:00,172.75,-43.5,6,1.000555556
2023/12/23 11:00,172.75,-43.5,6,0.998888889
2023/12/23 12:00,172.75,-43.5,6,1.001111111
2023/12/23 13:00,172.75,-43.5,6,0.999166667
2023/12/23 14:00,172.75,-43.5,6,1.000833333
2023/12/23 15:00,172.75,-43.5,6,1.000277778
2023/12/23 16:00,172.75,-43.5,6,0.999166667
2023/12/23 17:00,172.75,-43.5,6,1.000277778
2023/12/23 18:00,172.75,-43.5,6,0.999722222
2023/12/23 19:00,172.75,-43.5,6,1.001666667
2023/12/23 20:00,172.75,-43.5,6,1.000277778
2023/12/23 21:00,172.75,-43.5,6,0.998333333
2023/12/23 22:00,172.75,-43.5,6,1.000833333
2023/12/23 23:00,172.75,-43.5,6,1.000277778
2023/12/24 0:00,172.75,-43.5,6,0.998611111
2023/12/24 1:00,172.75,-43.5,6,0.999444444
2023/12/24 2:00,172.75,-43.5,6,0.999722222
2023/12/24 3:00,172.75,-43.5,6,1.001388889
2023/12/24 4:00,172.75,-43.5,6,1.000277778
2023/12/24 5:00,172.75,-43.5,6,0.998888889
2023/12/24 6:00,172.75,-43.5,6,1.000833333
2023/12/24 7:00,172.75,-43.5,6,0.999166667
2023/12/24 8:00,172.75,-43.5,6,1
2023/12/24 9:00,172.75,-43.5,6,0.999722222
2023/12/24 10:00,172.75,-43.5,6,0.999722222
2023/12/24 11:00,172.75,-43.5,6,1.001111111
2023/12/24 12:00,172.75,-43.5,6,0.999166667
2023/12/24 13:00,172.75,-43.5,6,1.000555556
2023/12/24 14:00,172.75,-43.5,6,1
2023/12/24 15:00,172.75,-43.5,6,1.001111111
2023/12/24 16:00,172.75,-43.5,6,0.998888889
2023/12/24 17:00,172.75,-43.5,6,1.000555556
2023/12/24 18:00,172.75,-43.5,6,0.999722222
2023/12/24 19:00,172.75,-43.5,6,1.001111111
2023/12/24 20:00,172.75,-43.5,6,1
2023/12/24 21:00,172.75,-43.5,6,0.998055556
2023/12/24 22:00,172.75,-43.5,6,1.000833333
2023/12/24 23:00,172.75,-43.5,6,1
2023/12/25 0:00,172.75,-43.5,6,0.999444444
2023/12/25 1:00,172.75,-43.5,6,1.001666667
2023/12/25 2:00,172.75,-43.5,6,0.999444444
2023/12/25 3:00,172.75,-43.5,6,0.998888889
2023/12/25 4:00,172.75,-43.5,6,0.999722222
2023/12/25 5:00,172.75,-43.5,6,1.000277778
2023/12/25 6:00,172.75,-43.5,6,1.001944444
2023/12/25 7:00,172.75,-43.5,6,0.999722222
2023/12/25 8:00,172.75,-43.5,6,0.998611111
2023/12/25 9:00,172.75,-43.5,6,1
2023/12/25 10:00,172.75,-43.5,6,0.999444444
2023/12/25 11:00,172.75,-43.5,6,1.000833333
2023/12/25 12:00,172.75,-43.5,6,0.999722222
2023/12/25 13:00,172.75,-43.5,6,1
2023/12/25 14:00,172.75,-43.5,1,0.165277778
2023/12/25 14:00,173,-43.5,5,0.835555556
2023/12/25 15:00,173,-43.5,1,0.164722222
2023/12/25 15:00,173.25,-43.75,4,0.667777778
2023/12/25 15:00,173.25,-43.5,1,0.166388889
2023/12/25 16:00,173.25,-44,1,0.168055556
2023/12/25 16:00,173.25,-43.75,5,0.8325
2023/12/25 17:00,173.25,-44,6,1.000555556
2023/12/25 18:00,173.25,-44.25,5,0.833055556
2023/12/25 18:00,173.25,-44,1,0.166111111
2023/12/25 19:00,173.25,-44.5,2,0.332777778
2023/12/25 19:00,173.25,-44.25,4,0.666111111
2023/12/25 20:00,173.25,-44.5,6,1.000833333
2023/12/25 21:00,173.25,-44.75,6,1.000555556
2023/12/25 22:00,173.25,-45,4,0.666666667
2023/12/25 22:00,173.25,-44.75,2,0.333055556
2023/12/25 23:00,173.25,-45.25,2,0.333055556
2023/12/25 23:00,173.25,-45,4,0.666666667
2023/12/26 0:00,173.25,-45.25,6,1.0025
2023/12/26 1:00,173.25,-45.5,6,0.998055556
2023/12/26 2:00,173.25,-45.75,4,0.668055556
2023/12/26 2:00,173.25,-45.5,2,0.331666667
2023/12/26 3:00,173.25,-46,2,0.333055556
2023/12/26 3:00,173.25,-45.75,4,0.666944444
2023/12/26 4:00,173.25,-46,6,1.000833333
2023/12/26 5:00,173.25,-46.25,5,0.835
2023/12/26 5:00,173.25,-46,1,0.165
2023/12/26 6:00,173.25,-46.5,3,0.498888889
2023/12/26 6:00,173.25,-46.25,3,0.499166667
2023/12/26 7:00,173.25,-46.75,1,0.168055556
2023/12/26 7:00,173.25,-46.5,5,0.833333333
2023/12/26 8:00,173.25,-46.75,6,0.998888889
2023/12/26 9:00,173.25,-47,5,0.832777778
2023/12/26 9:00,173.25,-46.75,1,0.167777778
2023/12/26 10:00,173.25,-47.25,3,0.501388889
2023/12/26 10:00,173.25,-47,3,0.498888889
2023/12/26 11:00,173.25,-47.5,1,0.166666667
2023/12/26 11:00,173.25,-47.25,5,0.832222222
2023/12/26 12:00,173.25,-47.5,6,1.000277778
2023/12/26 13:00,173.25,-47.75,4,0.668611111
2023/12/26 13:00,173.25,-47.5,2,0.333333333
2023/12/26 14:00,173.25,-48,2,0.333333333
2023/12/26 14:00,173.25,-47.75,4,0.665555556
2023/12/26 15:00,173.25,-48,6,1
2023/12/26 16:00,173.25,-48.25,6,1
2023/12/26 17:00,173.25,-48.5,4,0.667222222
2023/12/26 17:00,173.25,-48.25,2,0.332222222
2023/12/26 18:00,173.25,-48.75,2,0.333611111
2023/12/26 18:00,173.25,-48.5,4,0.666944444
2023/12/26 19:00,173.25,-48.75,6,1.001111111
2023/12/26 20:00,173.25,-49,6,0.999722222
2023/12/26 21:00,173.25,-49.25,4,0.669722222
2023/12/26 21:00,173.25,-49,2,0.331111111
2023/12/26 22:00,173.25,-49.5,2,0.331388889
2023/12/26 22:00,173.25,-49.25,4,0.666388889
2023/12/26 23:00,173.25,-49.5,6,1.003055556
2023/12/27 0:00,173.25,-49.75,6,0.998611111
2023/12/27 1:00,173.25,-50,3,0.500277778
2023/12/27 1:00,173.25,-49.75,3,0.498333333
2023/12/27 2:00,173.25,-50.25,1,0.168333333
2023/12/27 2:00,173.25,-50,5,0.833611111
2023/12/27 3:00,173.25,-50.25,6,0.998333333
2023/12/27 4:00,173.25,-50.5,5,0.835555556
2023/12/27 4:00,173.25,-50.25,1,0.165555556
2023/12/27 5:00,173.25,-50.75,3,0.501666667
2023/12/27 5:00,173.25,-50.5,3,0.497777778
2023/12/27 6:00,173.25,-50.75,6,0.999444444
2023/12/27 7:00,173.25,-51,6,0.999722222
2023/12/27 8:00,173.25,-51.25,3,0.500555556
2023/12/27 8:00,173.25,-51,3,0.499166667
2023/12/27 9:00,173.25,-51.5,1,0.167777778
2023/12/27 9:00,173.25,-51.25,5,0.833333333
2023/12/27 10:00,173.25,-51.5,6,0.999166667
2023/12/27 11:00,173.25,-51.75,4,0.668888889
2023/12/27 11:00,173.25,-51.5,2,0.332222222
2023/12/27 12:00,173.25,-52,1,0.167222222
2023/12/27 12:00,173.25,-51.75,5,0.831944444
2023/12/27 13:00,173.25,-52,6,1
2023/12/27 14:00,173.25,-52.25,4,0.669444444
2023/12/27 14:00,173.25,-52,2,0.331944444
2023/12/27 15:00,173.25,-52.5,1,0.167222222
2023/12/27 15:00,173.25,-52.25,5,0.831944444
2023/12/27 16:00,173.25,-52.5,6,0.998888889
2023/12/27 17:00,173.25,-52.75,5,0.834444444
2023/12/27 17:00,173.25,-52.5,1,0.166111111
2023/12/27 18:00,173.25,-53,3,0.500555556
2023/12/27 18:00,173.25,-52.75,3,0.499166667
2023/12/27 19:00,173.25,-53,6,1.001111111
2023/12/27 20:00,173.25,-53.25,6,0.999722222
2023/12/27 21:00,173.25,-53.5,2,0.335277778
2023/12/27 21:00,173.25,-53.25,4,0.664722222
2023/12/27 22:00,173,-53.5,4,0.666111111
2023/12/27 22:00,173.25,-53.5,2,0.332222222
2023/12/27 23:00,173,-53.75,4,0.669722222
2023/12/27 23:00,173,-53.5,2,0.333055556
2023/12/28 0:00,173,-54,1,0.166666667
2023/12/28 0:00,173,-53.75,5,0.830277778
2023/12/28 1:00,172.75,-54,4,0.668611111
2023/12/28 1:00,173,-54,2,0.334444444
2023/12/28 2:00,172.75,-54.25,3,0.501944444
2023/12/28 2:00,172.75,-54,3,0.498333333
2023/12/28 3:00,172.75,-54.25,6,0.999166667
2023/12/28 4:00,172.75,-54.5,5,0.833611111
2023/12/28 4:00,172.75,-54.25,1,0.165
2023/12/28 5:00,172.75,-54.75,2,0.3325
2023/12/28 5:00,172.75,-54.5,4,0.666944444
2023/12/28 6:00,172.75,-54.75,6,1.001111111
2023/12/28 7:00,172.75,-55,5,0.833055556
2023/12/28 7:00,172.75,-54.75,1,0.166111111
2023/12/28 8:00,172.75,-55.25,2,0.333055556
2023/12/28 8:00,172.75,-55,4,0.666388889
2023/12/28 9:00,172.75,-55.25,6,1.001111111
2023/12/28 10:00,172.75,-55.5,5,0.834722222
2023/12/28 10:00,172.75,-55.25,1,0.165277778
2023/12/28 11:00,172.75,-55.75,2,0.334166667
2023/12/28 11:00,172.75,-55.5,4,0.665555556
2023/12/28 12:00,172.75,-55.75,3,0.499166667
2023/12/28 12:00,173,-55.75,3,0.500555556
2023/12/28 13:00,173,-56,3,0.501666667
2023/12/28 13:00,173,-55.75,3,0.499166667
2023/12/28 14:00,173,-56,3,0.499444444
2023/12/28 14:00,173.25,-56,3,0.500555556
2023/12/28 15:00,173.25,-56.25,3,0.501666667
2023/12/28 15:00,173.25,-56,3,0.498611111
2023/12/28 16:00,173.25,-56.25,4,0.665
2023/12/28 16:00,173.5,-56.25,2,0.334166667
2023/12/28 17:00,173.5,-56.5,4,0.667777778
2023/12/28 17:00,173.5,-56.25,2,0.332777778
2023/12/28 18:00,173.5,-56.5,6,0.999444444
2023/12/28 19:00,173.5,-56.75,6,1
2023/12/28 20:00,173.5,-56.75,1,0.166944444
2023/12/28 20:00,173.75,-57,3,0.500833333
2023/12/28 20:00,173.75,-56.75,2,0.331944444
2023/12/28 21:00,173.75,-57,6,1.000555556
2023/12/28 22:00,173.75,-57.25,2,0.334166667
2023/12/28 22:00,173.75,-57,1,0.165277778
2023/12/28 22:00,174,-57.25,3,0.501388889
2023/12/28 23:00,174,-57.5,1,0.168055556
2023/12/28 23:00,174,-57.25,5,0.832777778
2023/12/29 0:00,174.25,-57.5,6,0.998055556
2023/12/29 1:00,174.25,-57.5,1,0.165555556
2023/12/29 1:00,174.5,-57.75,2,0.334722222
2023/12/29 1:00,174.5,-57.5,3,0.501666667
2023/12/29 2:00,174.5,-57.75,3,0.498055556
2023/12/29 2:00,174.75,-57.75,3,0.500555556
2023/12/29 3:00,174.75,-58,3,0.500277778
2023/12/29 3:00,174.75,-57.75,3,0.5
2023/12/29 4:00,175,-58,6,0.999166667
2023/12/29 5:00,175,-58.25,3,0.501111111
2023/12/29 5:00,175,-58,1,0.165833333
2023/12/29 5:00,175.25,-58.25,2,0.333611111
2023/12/29 6:00,175.25,-58.5,1,0.167222222
2023/12/29 6:00,175.25,-58.25,5,0.832222222
2023/12/29 7:00,175.25,-58.5,1,0.167222222
2023/12/29 7:00,175.5,-58.5,5,0.833055556
2023/12/29 8:00,175.5,-58.5,3,0.499444444
2023/12/29 8:00,175.75,-58.75,3,0.500833333
2023/12/29 9:00,175.75,-58.75,6,1
2023/12/29 10:00,175.75,-58.75,1,0.165277778
2023/12/29 10:00,176,-59,5,0.835
2023/12/29 11:00,176,-59,4,0.665277778
2023/12/29 11:00,176.25,-59.25,1,0.166944444
2023/12/29 11:00,176.25,-59,1,0.166388889
2023/12/29 12:00,176.25,-59.25,6,1
2023/12/29 13:00,176.5,-59.5,3,0.500833333
2023/12/29 13:00,176.5,-59.25,3,0.5
2023/12/29 14:00,176.5,-59.5,2,0.332222222
2023/12/29 14:00,176.75,-59.5,4,0.666666667
2023/12/29 15:00,176.75,-59.75,2,0.333055556
2023/12/29 15:00,176.75,-59.5,1,0.166944444
2023/12/29 15:00,177,-59.75,3,0.501388889
2023/12/29 16:00,177,-59.75,5,0.832777778
2023/12/29 16:00,177.25,-60,1,0.167777778
2023/12/29 17:00,177.25,-60,6,0.999444444
2023/12/29 18:00,177.5,-60.25,4,0.669166667
2023/12/29 18:00,177.5,-60,2,0.331666667
2023/12/29 19:00,177.75,-60.5,1,0.167777778
2023/12/29 19:00,177.75,-60.25,5,0.830833333
2023/12/29 20:00,177.75,-60.5,1,0.166388889
2023/12/29 20:00,178,-60.5,5,0.833333333
2023/12/29 21:00,178,-60.5,1,0.166666667
2023/12/29 21:00,178.25,-60.75,5,0.834444444
2023/12/29 22:00,178.25,-60.75,2,0.331944444
2023/12/29 22:00,178.5,-61,2,0.333333333
2023/12/29 22:00,178.5,-60.75,2,0.334444444
2023/12/29 23:00,178.5,-61,1,0.165
2023/12/29 23:00,178.75,-61,5,0.834444444
2023/12/30 0:00,178.75,-61,1,0.166944444
2023/12/30 0:00,179,-61.25,4,0.668611111
2023/12/30 0:00,179,-61,1,0.166111111
2023/12/30 1:00,179.25,-61.25,5,0.830555556
2023/12/30 1:00,179.5,-61.25,1,0.168055556
2023/12/30 2:00,179.5,-61.5,4,0.665833333
2023/12/30 2:00,179.5,-61.25,1,0.167222222
2023/12/30 2:00,179.75,-61.5,1,0.166666667
2023/12/30 3:00,179.75,-61.5,4,0.665833333
2023/12/30 3:00,180,-61.5,2,0.334166667
2023/12/30 4:00,180,-61.75,4,0.6675
2023/12/30 4:00,180.25,-61.75,2,0.3325
2023/12/30 5:00,180.25,-61.75,3,0.498888889
2023/12/30 5:00,180.5,-62,1,0.166666667
2023/12/30 5:00,180.5,-61.75,2,0.333888889
2023/12/30 6:00,180.5,-62,2,0.332777778
2023/12/30 6:00,180.75,-62,4,0.669166667
2023/12/30 7:00,180.75,-62,1,0.164166667
2023/12/30 7:00,181,-62.25,1,0.167222222
2023/12/30 7:00,181,-62,4,0.668333333
2023/12/30 8:00,181.25,-62.25,5,0.831944444
2023/12/30 8:00,181.5,-62.25,1,0.167222222
2023/12/30 9:00,181.5,-62.25,4,0.665555556
2023/12/30 9:00,181.75,-62.5,2,0.334722222
2023/12/30 10:00,181.75,-62.5,3,0.498333333
2023/12/30 10:00,182,-62.5,3,0.500833333
2023/12/30 11:00,182,-62.5,2,0.332777778
2023/12/30 11:00,182.25,-62.75,3,0.502222222
2023/12/30 11:00,182.25,-62.5,1,0.166388889
2023/12/30 12:00,182.25,-62.75,1,0.164444444
2023/12/30 12:00,182.5,-62.75,5,0.835
2023/12/30 13:00,182.75,-63,2,0.334444444
2023/12/30 13:00,182.75,-62.75,3,0.498333333
2023/12/30 13:00,183,-63,1,0.167222222
2023/12/30 14:00,183,-63,4,0.665
2023/12/30 14:00,183.25,-63,2,0.335555556
2023/12/30 15:00,183.25,-63,3,0.499444444
2023/12/30 15:00,183.5,-63.25,3,0.499722222
2023/12/30 16:00,183.5,-63.25,2,0.333055556
2023/12/30 16:00,183.75,-63.25,4,0.667222222
2023/12/30 17:00,183.75,-63.25,1,0.165
2023/12/30 17:00,184,-63.5,3,0.5
2023/12/30 17:00,184,-63.25,2,0.334166667
2023/12/30 18:00,184,-63.5,1,0.166666667
2023/12/30 18:00,184.25,-63.5,5,0.834722222
2023/12/30 19:00,184.5,-63.75,3,0.502777778
2023/12/30 19:00,184.5,-63.5,3,0.497777778
2023/12/30 20:00,184.75,-63.75,5,0.831388889
2023/12/30 20:00,185,-63.75,1,0.1675
2023/12/30 21:00,185,-64,1,0.167222222
2023/12/30 21:00,185,-63.75,3,0.498333333
2023/12/30 21:00,185.25,-64,2,0.333888889
2023/12/30 22:00,185.25,-64,2,0.333055556
2023/12/30 22:00,185.5,-64,4,0.668888889
2023/12/30 23:00,185.5,-64,1,0.165
2023/12/30 23:00,185.75,-64.25,5,0.833611111
2023/12/31 0:00,186,-64.25,4,0.666944444
2023/12/31 0:00,186.25,-64.5,1,0.168611111
2023/12/31 0:00,186.25,-64.25,1,0.166388889
2023/12/31 1:00,186.25,-64.5,2,0.330277778
2023/12/31 1:00,186.5,-64.5,4,0.666388889
2023/12/31 2:00,186.5,-64.5,1,0.166388889
2023/12/31 2:00,186.75,-64.75,1,0.166388889
2023/12/31 2:00,186.75,-64.5,3,0.501111111
2023/12/31 2:00,187,-64.75,1,0.168333333
2023/12/31 3:00,187,-64.75,4,0.665277778
2023/12/31 3:00,187.25,-64.75,2,0.334166667
2023/12/31 4:00,187.25,-64.75,2,0.332777778
2023/12/31 4:00,187.5,-65,2,0.333333333
2023/12/31 4:00,187.5,-64.75,1,0.166666667
2023/12/31 4:00,187.75,-65,1,0.167777778
2023/12/31 5:00,187.75,-65,3,0.498888889
2023/12/31 5:00,188,-65,3,0.500555556
2023/12/31 6:00,188.25,-65,3,0.499722222
2023/12/31 6:00,188.5,-65,3,0.500555556
2023/12/31 7:00,188.75,-65,3,0.498888889
2023/12/31 7:00,189,-65,3,0.501666667
2023/12/31 8:00,189.25,-65,3,0.4975
2023/12/31 8:00,189.5,-65,3,0.500277778
2023/12/31 9:00,189.5,-65,1,0.166666667
2023/12/31 9:00,189.75,-65,3,0.500555556
2023/12/31 9:00,190,-65,2,0.334722222
2023/12/31 10:00,190,-65,1,0.164166667
2023/12/31 10:00,190.25,-65,3,0.5
2023/12/31 10:00,190.5,-65,2,0.333611111
2023/12/31 11:00,190.5,-65,1,0.166944444
2023/12/31 11:00,190.75,-65,3,0.501111111
2023/12/31 11:00,191,-65,2,0.3325
2023/12/31 12:00,191,-65,1,0.166111111
2023/12/31 12:00,191.25,-65,3,0.499722222
2023/12/31 12:00,191.5,-65,2,0.334444444
2023/12/31 13:00,191.5,-65,1,0.166944444
2023/12/31 13:00,191.75,-65,3,0.499722222
2023/12/31 13:00,192,-65.25,1,0.166944444
2023/12/31 13:00,192,-65,1,0.166666667
2023/12/31 14:00,192,-65.25,1,0.165833333
2023/12/31 14:00,192.25,-65.25,3,0.499722222
2023/12/31 14:00,192.5,-65.25,2,0.334722222
2023/12/31 15:00,192.5,-65.25,1,0.165555556
2023/12/31 15:00,192.75,-65.25,3,0.499444444
2023/12/31 15:00,193,-65.25,2,0.333611111
2023/12/31 16:00,193,-65.25,1,0.1675
2023/12/31 16:00,193.25,-65.25,4,0.666944444
2023/12/31 16:00,193.5,-65.25,1,0.168055556
2023/12/31 17:00,193.5,-65.25,2,0.331666667
2023/12/31 17:00,193.75,-65.25,3,0.498888889
2023/12/31 17:00,194,-65.25,1,0.1675
2023/12/31 18:00,194,-65.25,2,0.3325
2023/12/31 18:00,194.25,-65.25,3,0.501111111
2023/12/31 18:00,194.5,-65.25,1,0.1675
2023/12/31 19:00,194.5,-65.25,2,0.3325
2023/12/31 19:00,194.75,-65.25,3,0.500555556
2023/12/31 19:00,195,-65.25,1,0.167777778
2023/12/31 20:00,195,-65.25,2,0.330555556
2023/12/31 20:00,195.25,-65.25,3,0.500833333
2023/12/31 20:00,195.5,-65.25,1,0.167222222
2023/12/31 21:00,195.5,-65.25,2,0.332777778
2023/12/31 21:00,195.75,-65.25,3,0.500555556
2023/12/31 21:00,196,-65.25,1,0.1675
2023/12/31 22:00,196,-65.25,2,0.331944444
2023/12/31 22:00,196.25,-65.25,3,0.499444444
2023/12/31 22:00,196.5,-65.25,1,0.167222222
2023/12/31 23:00,196.5,-65.5,2,0.333611111
2023/12/31 23:00,196.75,-65.5,3,0.499444444
2023/12/31 23:00,197,-65.5,1,0.168888889
2024/1/1 0:00,197,-65.5,2,0.331944444
2024/1/1 0:00,197.25,-65.5,3,0.499444444
2024/1/1 0:00,197.5,-65.5,1,0.167222222
2024/1/1 1:00,197.5,-65.5,2,0.333611111
2024/1/1 1:00,197.75,-65.5,3,0.499166667
2024/1/1 1:00,198,-65.5,1,0.167222222
2024/1/1 2:00,198,-65.5,2,0.333055556
2024/1/1 2:00,198.25,-65.5,3,0.498888889
2024/1/1 2:00,198.5,-65.5,1,0.167777778
2024/1/1 3:00,198.5,-65.5,2,0.3325
2024/1/1 3:00,198.75,-65.5,3,0.500555556
2024/1/1 3:00,199,-65.5,1,0.168611111
2024/1/1 4:00,199,-65.5,2,0.331944444
2024/1/1 4:00,199.25,-65.5,3,0.500277778
2024/1/1 4:00,199.5,-65.5,1,0.167222222
2024/1/1 5:00,199.5,-65.5,2,0.333055556
2024/1/1 5:00,199.75,-65.5,3,0.498333333
2024/1/1 5:00,200,-65.5,1,0.168333333
2024/1/1 6:00,200,-65.5,2,0.333055556
2024/1/1 6:00,200.25,-65.5,3,0.5
2024/1/1 6:00,200.5,-65.5,1,0.168611111
2024/1/1 7:00,200.5,-65.5,3,0.4975
2024/1/1 7:00,200.75,-65.5,3,0.499444444
2024/1/1 8:00,200.75,-65.5,6,1.000277778
2024/1/1 9:00,200.75,-65.5,2,0.333055556
2024/1/1 9:00,201,-65.75,3,0.500555556
2024/1/1 9:00,201.25,-65.75,1,0.166944444
2024/1/1 10:00,201.25,-65.75,2,0.332777778
2024/1/1 10:00,201.5,-65.75,3,0.5
2024/1/1 10:00,201.75,-65.75,1,0.1675
2024/1/1 11:00,201.75,-65.75,2,0.331666667
2024/1/1 11:00,202,-65.75,3,0.500277778
2024/1/1 11:00,202.25,-65.75,1,0.1675
2024/1/1 12:00,202.25,-65.75,2,0.3325
2024/1/1 12:00,202.5,-65.75,4,0.6675
2024/1/1 13:00,202.75,-65.75,3,0.499444444
2024/1/1 13:00,203,-65.75,3,0.500833333
2024/1/1 14:00,203.25,-65.75,3,0.498611111
2024/1/1 14:00,203.5,-65.75,3,0.502777778
2024/1/1 15:00,203.75,-65.75,3,0.4975
2024/1/1 15:00,204,-65.75,3,0.501666667
2024/1/1 16:00,204.25,-65.75,3,0.498055556
2024/1/1 16:00,204.5,-65.75,3,0.501944444
2024/1/1 17:00,204.75,-65.75,3,0.498333333
2024/1/1 17:00,205,-65.75,3,0.501666667
2024/1/1 18:00,205.25,-65.75,3,0.498888889
2024/1/1 18:00,205.5,-65.75,3,0.500833333
2024/1/1 19:00,205.75,-66,3,0.499444444
2024/1/1 19:00,206,-66,3,0.500277778
2024/1/1 20:00,206.25,-66,3,0.498611111
2024/1/1 20:00,206.5,-66,3,0.502777778
2024/1/1 21:00,206.75,-66,3,0.498055556
2024/1/1 21:00,207,-66,3,0.500555556
2024/1/1 22:00,207.25,-66,3,0.498611111
2024/1/1 22:00,207.5,-66,3,0.500833333
2024/1/1 23:00,207.75,-66,3,0.500555556
2024/1/1 23:00,208,-66,3,0.500277778
2024/1/2 0:00,208,-66,1,0.165
2024/1/2 0:00,208.25,-66,3,0.5
2024/1/2 0:00,208.5,-66,2,0.334722222
2024/1/2 1:00,208.5,-66,1,0.166111111
2024/1/2 1:00,208.75,-66,3,0.5
2024/1/2 1:00,209,-66,2,0.332777778
2024/1/2 2:00,209,-66,1,0.167222222
2024/1/2 2:00,209.25,-66,3,0.500277778
2024/1/2 2:00,209.5,-66,2,0.333333333
2024/1/2 3:00,209.5,-66,1,0.165555556
2024/1/2 3:00,209.75,-66,3,0.501666667
2024/1/2 3:00,210,-66,2,0.334722222
2024/1/2 4:00,210,-66,1,0.165
2024/1/2 4:00,210.25,-66,3,0.500277778
2024/1/2 4:00,210.5,-66,2,0.335555556
2024/1/2 5:00,210.5,-66,1,0.162777778
2024/1/2 5:00,210.75,-66.25,3,0.501666667
2024/1/2 5:00,211,-66.25,2,0.331944444
2024/1/2 6:00,211,-66.25,1,0.1675
2024/1/2 6:00,211.25,-66.25,3,0.499444444
2024/1/2 6:00,211.5,-66.25,2,0.335277778
2024/1/2 7:00,211.5,-66.25,1,0.165555556
2024/1/2 7:00,211.75,-66.25,3,0.500277778
2024/1/2 7:00,212,-66.25,2,0.334166667
2024/1/2 8:00,212,-66.25,1,0.164166667
2024/1/2 8:00,212.25,-66.25,3,0.500555556
2024/1/2 8:00,212.5,-66.25,2,0.333055556
2024/1/2 9:00,212.5,-66.25,1,0.166944444
2024/1/2 9:00,212.75,-66.25,3,0.5
2024/1/2 9:00,213,-66.25,2,0.334722222
2024/1/2 10:00,213,-66.25,1,0.164722222
2024/1/2 10:00,213.25,-66.25,3,0.5
2024/1/2 10:00,213.5,-66.25,2,0.334444444
2024/1/2 11:00,213.5,-66.25,1,0.165555556
2024/1/2 11:00,213.75,-66.25,3,0.500833333
2024/1/2 11:00,214,-66.25,2,0.3325
2024/1/2 12:00,214,-66.25,1,0.167777778
2024/1/2 12:00,214.25,-66.25,3,0.499166667
2024/1/2 12:00,214.5,-66.25,2,0.335277778
2024/1/2 13:00,214.5,-66.25,1,0.165
2024/1/2 13:00,214.75,-66.25,3,0.500277778
2024/1/2 13:00,215,-66.5,1,0.166666667
2024/1/2 13:00,215,-66.25,1,0.166666667
2024/1/2 14:00,215,-66.5,1,0.166666667
2024/1/2 14:00,215.25,-66.5,3,0.500277778
2024/1/2 14:00,215.5,-66.5,2,0.333888889
2024/1/2 15:00,215.5,-66.5,1,0.165555556
2024/1/2 15:00,215.75,-66.5,3,0.499722222
2024/1/2 15:00,216,-66.5,2,0.334444444
2024/1/2 16:00,216,-66.5,1,0.165833333
2024/1/2 16:00,216.25,-66.5,4,0.667777778
2024/1/2 16:00,216.5,-66.5,1,0.167777778
2024/1/2 17:00,216.5,-66.5,2,0.330833333
2024/1/2 17:00,216.75,-66.5,3,0.499722222
2024/1/2 17:00,217,-66.75,1,0.167222222
2024/1/2 18:00,217,-66.75,2,0.334166667
2024/1/2 18:00,217.25,-66.75,3,0.499444444
2024/1/2 18:00,217.5,-66.75,1,0.1675
2024/1/2 19:00,217.5,-66.75,2,0.331666667
2024/1/2 19:00,217.75,-66.75,3,0.500555556
2024/1/2 19:00,218,-66.75,1,0.168055556
2024/1/2 20:00,218,-66.75,2,0.332222222
2024/1/2 20:00,218.25,-66.75,3,0.499444444
2024/1/2 20:00,218.5,-66.75,1,0.1675
2024/1/2 21:00,218.5,-66.75,2,0.332222222
2024/1/2 21:00,218.75,-66.75,3,0.500833333
2024/1/2 21:00,219,-67,1,0.168055556
2024/1/2 22:00,219,-67,2,0.331944444
2024/1/2 22:00,219.25,-67,3,0.499722222
2024/1/2 22:00,219.5,-67,1,0.166944444
2024/1/2 23:00,219.5,-67,2,0.332777778
2024/1/2 23:00,219.75,-67,3,0.500833333
2024/1/2 23:00,220,-67,1,0.168055556
2024/1/3 0:00,220,-67,2,0.331944444
2024/1/3 0:00,220.25,-67,3,0.500555556
2024/1/3 0:00,220.5,-67,1,0.166944444
2024/1/3 1:00,220.5,-67,2,0.333333333
2024/1/3 1:00,220.75,-67,3,0.499444444
2024/1/3 1:00,221,-67.25,1,0.167777778
2024/1/3 2:00,221,-67.25,2,0.331666667
2024/1/3 2:00,221.25,-67.25,3,0.500555556
2024/1/3 2:00,221.5,-67.25,1,0.167777778
2024/1/3 3:00,221.5,-67.25,1,0.165277778
2024/1/3 3:00,221.75,-67.25,3,0.500277778
2024/1/3 3:00,222,-67.25,2,0.333333333
2024/1/3 4:00,222,-67.25,1,0.165555556
2024/1/3 4:00,222.25,-67.25,3,0.499722222
2024/1/3 4:00,222.5,-67.25,2,0.334444444
2024/1/3 5:00,222.5,-67.25,1,0.166388889
2024/1/3 5:00,222.75,-67.25,3,0.500833333
2024/1/3 5:00,223,-67.5,2,0.333055556
2024/1/3 6:00,223,-67.5,1,0.166944444
2024/1/3 6:00,223.25,-67.5,3,0.499722222
2024/1/3 6:00,223.5,-67.5,2,0.333333333
2024/1/3 7:00,223.5,-67.5,1,0.166666667
2024/1/3 7:00,223.75,-67.5,3,0.500277778
2024/1/3 7:00,224,-67.5,2,0.334166667
2024/1/3 8:00,224.25,-67.5,3,0.498055556
2024/1/3 8:00,224.5,-67.5,3,0.500555556
2024/1/3 9:00,224.75,-67.5,3,0.499166667
2024/1/3 9:00,225,-67.75,2,0.335555556
2024/1/3 9:00,225,-67.5,1,0.166388889
2024/1/3 10:00,225.25,-67.75,3,0.498055556
2024/1/3 10:00,225.5,-67.75,3,0.501944444
2024/1/3 11:00,225.75,-67.75,3,0.497777778
2024/1/3 11:00,226,-67.75,3,0.501944444
2024/1/3 12:00,226.25,-67.75,3,0.498888889
2024/1/3 12:00,226.5,-67.75,3,0.501111111
2024/1/3 13:00,226.75,-67.75,3,0.498611111
2024/1/3 13:00,227,-67.75,3,0.5
2024/1/3 14:00,227.25,-67.75,3,0.499722222
2024/1/3 14:00,227.5,-68,2,0.333888889
2024/1/3 14:00,227.5,-67.75,1,0.167222222
2024/1/3 15:00,227.75,-68,3,0.499722222
2024/1/3 15:00,228,-68,3,0.501111111
2024/1/3 16:00,228.25,-68,3,0.498333333
2024/1/3 16:00,228.5,-68,3,0.500833333
2024/1/3 17:00,228.75,-68,3,0.499722222
2024/1/3 17:00,229,-68,3,0.499444444
2024/1/3 18:00,229.25,-68,3,0.500833333
2024/1/3 18:00,229.5,-68,3,0.499722222
2024/1/3 19:00,229.75,-68,2,0.332777778
2024/1/3 19:00,230,-68,3,0.500555556
2024/1/3 19:00,230.25,-68,1,0.167222222
2024/1/3 20:00,230.25,-68,2,0.333055556
2024/1/3 20:00,230.5,-68,3,0.500277778
2024/1/3 20:00,230.75,-68,1,0.167777778
2024/1/3 21:00,230.75,-68,1,0.165
2024/1/3 21:00,231,-68,3,0.498888889
2024/1/3 21:00,231.25,-68,2,0.335555556
2024/1/3 22:00,231.25,-68,1,0.164722222
2024/1/3 22:00,231.5,-68,2,0.333055556
2024/1/3 22:00,231.75,-68,3,0.501666667
2024/1/3 23:00,232,-68,3,0.499166667
2024/1/3 23:00,232.25,-68,2,0.333055556
2024/1/3 23:00,232.5,-68,1,0.168333333
2024/1/4 0:00,232.5,-68.25,2,0.332777778
2024/1/4 0:00,232.75,-68.25,3,0.499166667
2024/1/4 0:00,233,-68.25,1,0.166944444
2024/1/4 1:00,233,-68.25,2,0.333333333
2024/1/4 1:00,233.25,-68.25,2,0.333333333
2024/1/4 1:00,233.5,-68.25,2,0.335
2024/1/4 2:00,233.5,-68.25,1,0.164722222
2024/1/4 2:00,233.75,-68.25,3,0.500277778
2024/1/4 2:00,234,-68.25,2,0.335
2024/1/4 3:00,234,-68.25,1,0.165
2024/1/4 3:00,234.25,-68.25,3,0.5
2024/1/4 3:00,234.5,-68.25,2,0.333055556
2024/1/4 4:00,234.75,-68.25,3,0.499722222
2024/1/4 4:00,235,-68.25,3,0.500833333
2024/1/4 5:00,235.25,-68.25,2,0.332777778
2024/1/4 5:00,235.5,-68.25,3,0.499722222
2024/1/4 5:00,235.75,-68.25,1,0.167777778
2024/1/4 6:00,235.75,-68.25,2,0.3325
2024/1/4 6:00,236,-68.25,3,0.5
2024/1/4 6:00,236.25,-68.25,1,0.167222222
2024/1/4 7:00,236.25,-68.5,2,0.3325
2024/1/4 7:00,236.5,-68.5,3,0.500833333
2024/1/4 7:00,236.75,-68.5,1,0.167222222
2024/1/4 8:00,236.75,-68.5,3,0.498055556
2024/1/4 8:00,237,-68.5,3,0.500555556
2024/1/4 9:00,237.25,-68.5,3,0.499722222
2024/1/4 9:00,237.5,-68.5,3,0.500277778
2024/1/4 10:00,237.75,-68.5,3,0.499444444
2024/1/4 10:00,238,-68.5,3,0.5025
2024/1/4 11:00,238.25,-68.5,3,0.498611111
2024/1/4 11:00,238.5,-68.5,3,0.499722222
2024/1/4 12:00,238.5,-68.5,1,0.165833333
2024/1/4 12:00,238.75,-68.5,3,0.500555556
2024/1/4 12:00,239,-68.5,2,0.333055556
2024/1/4 13:00,239,-68.5,1,0.167222222
2024/1/4 13:00,239.25,-68.5,3,0.499166667
2024/1/4 13:00,239.5,-68.5,2,0.335555556
2024/1/4 14:00,239.5,-68.5,2,0.331666667
2024/1/4 14:00,239.75,-68.5,3,0.500277778
2024/1/4 14:00,240,-68.5,1,0.167777778
2024/1/4 15:00,240,-68.5,6,0.998333333
2024/1/4 16:00,239.75,-68.5,6,1.001944444
2024/1/4 17:00,239.75,-68.5,6,0.999166667
2024/1/4 18:00,239.75,-68.5,6,1.000555556
2024/1/4 19:00,239.75,-68.5,6,0.999444444
2024/1/4 20:00,239.75,-68.5,6,0.999722222
2024/1/4 21:00,239.5,-68.5,5,0.834166667
2024/1/4 21:00,239.75,-68.5,1,0.166666667
2024/1/4 22:00,239.5,-68.5,6,0.999444444
2024/1/4 23:00,239.5,-68.5,6,1.000555556
2024/1/5 0:00,239.25,-68.5,1,0.166944444
2024/1/5 0:00,239.5,-68.5,5,0.8325
2024/1/5 1:00,239.25,-68.5,2,0.331944444
2024/1/5 1:00,239.5,-68.5,4,0.668333333
2024/1/5 2:00,239.75,-68.5,6,1.000277778
2024/1/5 3:00,239.75,-68.5,1,0.165555556
2024/1/5 3:00,240,-68.5,5,0.835833333
2024/1/5 4:00,240,-68.5,6,0.998333333
2024/1/5 5:00,240.25,-68.5,6,1.000277778
2024/1/5 6:00,240.25,-68.75,1,0.1675
2024/1/5 6:00,240.25,-68.5,5,0.831944444
2024/1/5 7:00,240.25,-68.75,6,1
2024/1/5 8:00,240.25,-68.75,3,0.499444444
2024/1/5 8:00,240.5,-68.75,3,0.500555556
2024/1/5 9:00,240.5,-69,3,0.5
2024/1/5 9:00,240.5,-68.75,3,0.499166667
2024/1/5 10:00,240,-69,1,0.166944444
2024/1/5 10:00,240.25,-69,5,0.833333333
2024/1/5 11:00,240,-69,6,1.000277778
2024/1/5 12:00,240,-69,1,0.165555556
2024/1/5 12:00,240.25,-69,5,0.835277778
2024/1/5 13:00,240.25,-69,6,0.999166667
2024/1/5 14:00,240.25,-69,6,1
2024/1/5 15:00,240.25,-69,6,1
2024/1/5 16:00,240.25,-69,6,1.000277778
2024/1/5 17:00,240,-69,5,0.834722222
2024/1/5 17:00,240.25,-69,1,0.166666667
2024/1/5 18:00,240,-69,6,0.998333333
2024/1/5 19:00,240,-69,6,1.000555556
2024/1/5 20:00,240,-69,6,1.000833333
2024/1/5 21:00,240,-69.25,4,0.669444444
2024/1/5 21:00,240,-69,2,0.331111111
2024/1/5 22:00,240,-69.25,6,0.998333333
2024/1/5 23:00,240,-69.5,6,0.999722222
2024/1/6 0:00,240,-69.75,3,0.501111111
2024/1/6 0:00,240,-69.5,3,0.499722222
2024/1/6 1:00,240,-69.75,6,0.999444444
2024/1/6 2:00,240,-70,5,0.835
2024/1/6 2:00,240,-69.75,1,0.165833333
2024/1/6 3:00,240,-70,6,0.998055556
2024/1/6 4:00,240,-70,6,1.000833333
2024/1/6 5:00,240,-70,6,1.000555556
2024/1/6 6:00,240,-70,6,1
2024/1/6 7:00,240,-70,6,0.999722222
2024/1/6 8:00,240,-70,6,0.999722222
2024/1/6 9:00,240,-70,6,0.999166667
2024/1/6 10:00,240,-70,6,1.001944444
2024/1/6 11:00,240,-70,6,1.000277778
2024/1/6 12:00,240,-70,6,0.998611111
2024/1/6 13:00,240,-70,6,0.999444444
2024/1/6 14:00,240,-70,6,1.000833333
2024/1/6 15:00,240,-70,6,0.998888889
2024/1/6 16:00,239.75,-70,4,0.666388889
2024/1/6 16:00,240,-70,2,0.334166667
2024/1/6 17:00,240,-70,6,1.000833333
2024/1/6 18:00,240,-70.25,1,0.167222222
2024/1/6 18:00,240,-70,5,0.833055556
2024/1/6 19:00,240,-70.25,6,1.000277778
2024/1/6 20:00,240,-70.5,4,0.667777778
2024/1/6 20:00,240,-70.25,2,0.331666667
2024/1/6 21:00,240,-70.5,6,1.000555556
2024/1/6 22:00,240,-70.75,6,1.000555556
2024/1/6 23:00,240,-71,3,0.501388889
2024/1/6 23:00,240,-70.75,3,0.497222222
2024/1/7 0:00,240,-71,6,1.000277778
2024/1/7 1:00,240,-71,6,0.999166667
2024/1/7 2:00,240,-71,6,1.000833333
2024/1/7 3:00,240,-71,6,0.998611111
2024/1/7 4:00,239.75,-71,1,0.166111111
2024/1/7 4:00,240,-71,5,0.836944444
2024/1/7 5:00,240,-71,6,0.998611111
2024/1/7 6:00,240,-71,4,0.665833333
2024/1/7 6:00,240.25,-71,2,0.334722222
2024/1/7 7:00,240.25,-71,6,0.999166667
2024/1/7 8:00,240,-71.25,1,0.166944444
2024/1/7 8:00,240.25,-71,5,0.831944444
2024/1/7 9:00,240,-71.25,6,1.000833333
2024/1/7 10:00,240,-71.5,3,0.500555556
2024/1/7 10:00,240,-71.25,3,0.499444444
2024/1/7 11:00,240,-71.5,6,1.000277778
2024/1/7 12:00,240,-71.5,6,0.999722222
2024/1/7 13:00,240,-71.75,4,0.665833333
2024/1/7 13:00,240,-71.5,2,0.333055556
2024/1/7 14:00,240,-72,2,0.334444444
2024/1/7 14:00,240,-71.75,4,0.666944444
2024/1/7 15:00,240,-72,6,1.000277778
2024/1/7 16:00,240,-72,5,0.832222222
2024/1/7 16:00,240.25,-72,1,0.167777778
2024/1/7 17:00,240.25,-72,3,0.499166667
2024/1/7 17:00,240.5,-72,2,0.333333333
2024/1/7 17:00,240.75,-72,1,0.1675
2024/1/7 18:00,240.75,-72,2,0.332222222
2024/1/7 18:00,241,-72,3,0.500277778
2024/1/7 18:00,241.25,-72,1,0.168611111
2024/1/7 19:00,241.25,-72,2,0.330555556
2024/1/7 19:00,241.5,-72,3,0.500277778
2024/1/7 19:00,241.75,-72,1,0.166944444
2024/1/7 20:00,241.75,-72,1,0.166388889
2024/1/7 20:00,242,-72,3,0.500555556
2024/1/7 20:00,242.25,-72,2,0.333611111
2024/1/7 21:00,242.25,-72,6,1.000833333
2024/1/7 22:00,242.25,-72,6,0.998333333
2024/1/7 23:00,242.25,-72,6,1.000555556
2024/1/8 0:00,242.25,-72,6,1.000277778
2024/1/8 1:00,242.25,-72,6,0.999166667
2024/1/8 2:00,242.25,-72,6,1.001388889
2024/1/8 3:00,242.25,-72,6,0.999722222
2024/1/8 4:00,242.25,-72,6,1.000833333
2024/1/8 5:00,242.25,-72,6,0.998611111
2024/1/8 6:00,242.25,-72,4,0.666944444
2024/1/8 6:00,242.5,-72,2,0.333333333
2024/1/8 7:00,242.5,-72.25,2,0.333333333
2024/1/8 7:00,242.75,-72.25,4,0.668055556
2024/1/8 8:00,242.75,-72.25,1,0.164722222
2024/1/8 8:00,243,-72.25,2,0.3325
2024/1/8 8:00,243.25,-72.5,3,0.501111111
2024/1/8 9:00,243.25,-72.5,1,0.166388889
2024/1/8 9:00,243.5,-72.5,4,0.666388889
2024/1/8 9:00,243.75,-72.5,1,0.1675
2024/1/8 10:00,243.75,-72.75,1,0.166111111
2024/1/8 10:00,243.75,-72.5,4,0.666111111
2024/1/8 10:00,244,-72.75,1,0.166944444
2024/1/8 11:00,244,-72.75,3,0.500277778
2024/1/8 11:00,244.25,-72.75,3,0.5
2024/1/8 12:00,244.25,-72.75,1,0.165833333
2024/1/8 12:00,244.5,-73,2,0.335
2024/1/8 12:00,244.5,-72.75,3,0.500277778
2024/1/8 13:00,244.5,-73,6,0.998611111
2024/1/8 14:00,244.5,-73,1,0.166388889
2024/1/8 14:00,244.75,-73,5,0.835
2024/1/8 15:00,245,-73,6,0.999166667
2024/1/8 16:00,245,-73,6,1
2024/1/8 17:00,245,-73,6,1.000277778
2024/1/8 18:00,244.75,-73,4,0.666944444
2024/1/8 18:00,245,-73,2,0.3325
2024/1/8 19:00,244.75,-73,6,1.000277778
2024/1/8 20:00,244.75,-73,6,0.999444444
2024/1/8 21:00,244.75,-73,5,0.833333333
2024/1/8 21:00,245,-73,1,0.168333333
2024/1/8 22:00,244.75,-73,2,0.331944444
2024/1/8 22:00,245,-73,3,0.499444444
2024/1/8 22:00,245.25,-73,1,0.167222222
2024/1/8 23:00,245.25,-73,3,0.500277778
2024/1/8 23:00,245.5,-73.25,1,0.167222222
2024/1/8 23:00,245.5,-73,2,0.333611111
2024/1/9 0:00,245.5,-73.25,1,0.165277778
2024/1/9 0:00,245.75,-73.25,5,0.833055556
2024/1/9 1:00,245.75,-73.25,6,1.001388889
2024/1/9 2:00,245.75,-73.25,6,1
2024/1/9 3:00,245.75,-73.25,6,1.000833333
2024/1/9 4:00,245.75,-73.25,6,1.000555556
2024/1/9 5:00,245.75,-73.25,6,0.998888889
2024/1/9 6:00,245.75,-73.25,6,1.001111111
2024/1/9 7:00,245.5,-73.25,5,0.833611111
2024/1/9 7:00,245.75,-73.25,1,0.164166667
2024/1/9 8:00,245.5,-73.25,1,0.165833333
2024/1/9 8:00,245.75,-73.25,5,0.834722222
2024/1/9 9:00,245.75,-73.25,6,1.000277778
2024/1/9 10:00,245.75,-73.25,1,0.166666667
2024/1/9 10:00,245.75,-73,5,0.831944444
2024/1/9 11:00,245.5,-73,2,0.333333333
2024/1/9 11:00,245.75,-73,4,0.667222222
2024/1/9 12:00,245.5,-72.75,5,0.833055556
2024/1/9 12:00,245.75,-72.75,1,0.1675
2024/1/9 13:00,245.75,-72.75,6,0.999722222
2024/1/9 14:00,245.5,-72.75,2,0.332777778
2024/1/9 14:00,245.5,-72.5,3,0.501388889
2024/1/9 14:00,245.75,-72.75,1,0.166111111
2024/1/9 15:00,245.5,-72.5,6,1.000833333
2024/1/9 16:00,245.5,-72.5,2,0.331944444
2024/1/9 16:00,245.75,-72.5,4,0.666944444
2024/1/9 17:00,245.75,-72.5,6,1.000833333
2024/1/9 18:00,245.75,-72.5,6,0.998611111
2024/1/9 19:00,245.75,-72.5,6,1.001666667
2024/1/9 20:00,245.75,-72.5,6,0.998611111
2024/1/9 21:00,245.75,-72.5,6,0.999722222
2024/1/9 22:00,245.75,-72.5,6,1.001944444
2024/1/9 23:00,245.75,-72.5,6,0.999166667
2024/1/10 0:00,245.75,-72.5,6,1.001388889
2024/1/10 1:00,245.75,-72.5,6,0.999166667
2024/1/10 2:00,245.75,-72.5,6,1
2024/1/10 3:00,245.75,-72.5,6,1.000277778
2024/1/10 4:00,245.75,-72.5,6,0.998888889
2024/1/10 5:00,245.5,-72.75,5,0.835277778
2024/1/10 5:00,245.75,-72.5,1,0.165555556
2024/1/10 6:00,245.25,-73,2,0.335555556
2024/1/10 6:00,245.25,-72.75,2,0.331666667
2024/1/10 6:00,245.5,-72.75,2,0.332777778
2024/1/10 7:00,245.5,-73,6,1.001111111
2024/1/10 8:00,245.75,-73.25,1,0.167222222
2024/1/10 8:00,245.75,-73,5,0.830833333
2024/1/10 9:00,245.75,-73.25,1,0.165833333
2024/1/10 9:00,246,-73.25,4,0.666388889
2024/1/10 9:00,246.25,-73.25,1,0.167777778
2024/1/10 10:00,246.25,-73.5,2,0.333611111
2024/1/10 10:00,246.25,-73.25,4,0.665277778
2024/1/10 11:00,246.5,-73.5,4,0.666944444
2024/1/10 11:00,246.75,-73.5,2,0.333888889
2024/1/10 12:00,246.75,-73.75,1,0.167222222
2024/1/10 12:00,246.75,-73.5,1,0.165555556
2024/1/10 12:00,247,-73.75,3,0.499444444
2024/1/10 12:00,247.25,-73.75,1,0.166944444
2024/1/10 13:00,247.25,-73.75,2,0.333333333
2024/1/10 13:00,247.5,-73.75,4,0.667777778
2024/1/10 14:00,247.5,-73.75,6,1
2024/1/10 15:00,247.5,-74,2,0.334166667
2024/1/10 15:00,247.5,-73.75,4,0.666388889
2024/1/10 16:00,247.5,-74,6,1.000277778
2024/1/10 17:00,247.5,-74,6,0.998888889
2024/1/10 18:00,247.5,-74,1,0.1675
2024/1/10 18:00,247.5,-73.75,5,0.832222222
2024/1/10 19:00,247.5,-74,6,1.000277778
2024/1/10 20:00,247.5,-74,4,0.665555556
2024/1/10 20:00,247.75,-74,2,0.333611111
2024/1/10 21:00,247.75,-74,6,1.002222222
2024/1/10 22:00,247.75,-74,5,0.830833333
2024/1/10 22:00,248,-74,1,0.167222222
2024/1/10 23:00,248,-74,6,1.003055556
2024/1/11 0:00,247.75,-74,3,0.501944444
2024/1/11 0:00,248,-74,3,0.496388889
2024/1/11 1:00,247.75,-74,4,0.665
2024/1/11 1:00,248,-74,2,0.335
2024/1/11 2:00,247.75,-74,5,0.833611111
2024/1/11 2:00,248,-74,1,0.164722222
2024/1/11 3:00,247.75,-74,6,1.001944444
2024/1/11 4:00,247.75,-74,6,1.000833333
2024/1/11 5:00,247.75,-74,6,0.999444444
2024/1/11 6:00,247.5,-74,2,0.3325
2024/1/11 6:00,247.5,-73.75,2,0.336388889
2024/1/11 6:00,247.75,-74,2,0.331944444
2024/1/11 7:00,247.5,-73.75,6,0.998888889
2024/1/11 8:00,247.5,-73.75,6,0.998611111
2024/1/11 9:00,247.5,-73.75,6,1.000277778
2024/1/11 10:00,247.5,-73.75,6,0.999722222
2024/1/11 11:00,247.5,-73.75,6,1.000833333
2024/1/11 12:00,247.25,-73.75,1,0.1675
2024/1/11 12:00,247.5,-73.75,5,0.832777778
2024/1/11 13:00,246.5,-73.75,1,0.166944444
2024/1/11 13:00,246.75,-73.75,2,0.3325
2024/1/11 13:00,247,-73.75,2,0.333888889
2024/1/11 13:00,247.25,-73.75,1,0.165
2024/1/11 14:00,246,-73.75,2,0.332777778
2024/1/11 14:00,246,-73.5,1,0.166944444
2024/1/11 14:00,246.25,-73.75,2,0.333055556
2024/1/11 14:00,246.5,-73.75,1,0.1675
2024/1/11 15:00,245.25,-73.5,2,0.333333333
2024/1/11 15:00,245.5,-73.5,2,0.333055556
2024/1/11 15:00,245.75,-73.5,2,0.334166667
2024/1/11 16:00,244.5,-73.5,2,0.335
2024/1/11 16:00,244.75,-73.5,2,0.334166667
2024/1/11 16:00,245,-73.5,2,0.332777778
2024/1/11 17:00,244,-73.5,3,0.502222222
2024/1/11 17:00,244.25,-73.5,3,0.496944444
2024/1/11 18:00,244,-73.5,6,0.999444444
2024/1/11 19:00,244,-73.5,6,1.000277778
2024/1/11 20:00,243.75,-73.5,2,0.334444444
2024/1/11 20:00,244,-73.5,4,0.664722222
2024/1/11 21:00,243.25,-73.25,2,0.333333333
2024/1/11 21:00,243.5,-73.25,3,0.500277778
2024/1/11 21:00,243.75,-73.25,1,0.166388889
2024/1/11 22:00,242.75,-73,2,0.3325
2024/1/11 22:00,243,-73.25,2,0.333333333
2024/1/11 22:00,243,-73,1,0.167777778
2024/1/11 22:00,243.25,-73.25,1,0.166388889
2024/1/11 23:00,242.5,-73,3,0.502222222
2024/1/11 23:00,242.75,-73,3,0.498888889
2024/1/12 0:00,242,-72.75,1,0.166944444
2024/1/12 0:00,242.25,-72.75,4,0.665833333
2024/1/12 0:00,242.5,-72.75,1,0.165555556
2024/1/12 1:00,241.75,-72.75,1,0.167222222
2024/1/12 1:00,241.75,-72.5,2,0.332777778
2024/1/12 1:00,242,-72.75,3,0.499722222
2024/1/12 2:00,241.25,-72.5,2,0.333055556
2024/1/12 2:00,241.5,-72.5,3,0.500833333
2024/1/12 2:00,241.75,-72.5,1,0.1675
2024/1/12 3:00,240.75,-72.25,1,0.168611111
2024/1/12 3:00,241,-72.25,3,0.500277778
2024/1/12 3:00,241.25,-72.5,1,0.165
2024/1/12 3:00,241.25,-72.25,1,0.167777778
2024/1/12 4:00,240.25,-72.25,1,0.168055556
2024/1/12 4:00,240.5,-72.25,3,0.499722222
2024/1/12 4:00,240.75,-72.25,2,0.330555556
2024/1/12 5:00,240,-72,3,0.501666667
2024/1/12 5:00,240.25,-72,3,0.498333333
2024/1/12 6:00,239.5,-72,2,0.333611111
2024/1/12 6:00,239.75,-72,4,0.666666667
2024/1/12 7:00,239,-71.75,2,0.335555556
2024/1/12 7:00,239.25,-72,2,0.333611111
2024/1/12 7:00,239.25,-71.75,1,0.165277778
2024/1/12 7:00,239.5,-72,1,0.165833333
2024/1/12 8:00,238.75,-71.75,3,0.501944444
2024/1/12 8:00,239,-71.75,3,0.497777778
2024/1/12 9:00,238.25,-71.5,3,0.500277778
2024/1/12 9:00,238.5,-71.75,3,0.498888889
2024/1/12 10:00,237.75,-71.5,2,0.334722222
2024/1/12 10:00,238,-71.5,4,0.665833333
2024/1/12 11:00,237.25,-71.5,1,0.166944444
2024/1/12 11:00,237.5,-71.5,4,0.666111111
2024/1/12 11:00,237.75,-71.5,1,0.165555556
2024/1/12 12:00,237,-71.25,2,0.333611111
2024/1/12 12:00,237.25,-71.5,3,0.499722222
2024/1/12 12:00,237.25,-71.25,1,0.1675
2024/1/12 13:00,236.75,-71.25,4,0.666666667
2024/1/12 13:00,237,-71.25,2,0.333055556
2024/1/12 14:00,236,-71.25,1,0.168055556
2024/1/12 14:00,236.25,-71.25,2,0.333888889
2024/1/12 14:00,236.5,-71.25,3,0.499166667
2024/1/12 15:00,235.5,-71.25,1,0.166666667
2024/1/12 15:00,235.75,-71.25,3,0.499444444
2024/1/12 15:00,236,-71.25,2,0.332222222
2024/1/12 16:00,235,-71.25,1,0.166944444
2024/1/12 16:00,235.25,-71.25,3,0.499166667
2024/1/12 16:00,235.5,-71.25,2,0.333888889
2024/1/12 17:00,234.5,-71.25,2,0.335277778
2024/1/12 17:00,234.75,-71.25,3,0.500277778
2024/1/12 17:00,235,-71.25,1,0.166388889
2024/1/12 18:00,234,-71.25,2,0.334166667
2024/1/12 18:00,234.25,-71.25,3,0.500277778
2024/1/12 18:00,234.5,-71.25,1,0.164722222
2024/1/12 19:00,233.5,-71.25,3,0.501111111
2024/1/12 19:00,233.75,-71.25,3,0.498888889
2024/1/12 20:00,232.75,-71.25,1,0.166944444
2024/1/12 20:00,233,-71.25,3,0.500277778
2024/1/12 20:00,233.25,-71.25,2,0.3325
2024/1/12 21:00,232.25,-71.25,2,0.334722222
2024/1/12 21:00,232.5,-71.25,3,0.500833333
2024/1/12 21:00,232.75,-71.25,1,0.165555556
2024/1/12 22:00,231.75,-71.5,3,0.499722222
2024/1/12 22:00,232,-71.5,2,0.333888889
2024/1/12 22:00,232.25,-71.5,1,0.165277778
2024/1/12 23:00,231.25,-71.5,3,0.5
2024/1/12 23:00,231.5,-71.5,3,0.500277778
2024/1/13 0:00,230.75,-71.5,3,0.500555556
2024/1/13 0:00,231,-71.5,2,0.333055556
2024/1/13 0:00,231.25,-71.5,1,0.166666667
2024/1/13 1:00,230.25,-71.5,3,0.501666667
2024/1/13 1:00,230.5,-71.5,3,0.498611111
2024/1/13 2:00,229.5,-71.5,1,0.168611111
2024/1/13 2:00,229.75,-71.5,3,0.500277778
2024/1/13 2:00,230,-71.5,2,0.331944444
2024/1/13 3:00,229,-71.5,3,0.500277778
2024/1/13 3:00,229.25,-71.5,2,0.334444444
2024/1/13 3:00,229.5,-71.5,1,0.163888889
2024/1/13 4:00,228.25,-71.75,1,0.168611111
2024/1/13 4:00,228.5,-71.75,1,0.167222222
2024/1/13 4:00,228.5,-71.5,2,0.334444444
2024/1/13 4:00,228.75,-71.5,2,0.331944444
2024/1/13 5:00,227.75,-71.75,2,0.334444444
2024/1/13 5:00,228,-71.75,3,0.500833333
2024/1/13 5:00,228.25,-71.75,1,0.163055556
2024/1/13 6:00,227.5,-71.75,5,0.833333333
2024/1/13 6:00,227.75,-71.75,1,0.166111111
2024/1/13 7:00,227.25,-72,4,0.668611111
2024/1/13 7:00,227.5,-72,2,0.332222222
2024/1/13 8:00,227,-72.25,4,0.667777778
2024/1/13 8:00,227.25,-72,2,0.331388889
2024/1/13 9:00,226.75,-72.5,1,0.167777778
2024/1/13 9:00,226.75,-72.25,4,0.667222222
2024/1/13 9:00,227,-72.25,1,0.165277778
2024/1/13 10:00,226.5,-72.5,3,0.500833333
2024/1/13 10:00,226.75,-72.5,3,0.499166667
2024/1/13 11:00,226.25,-72.75,3,0.502222222
2024/1/13 11:00,226.5,-72.75,1,0.165555556
2024/1/13 11:00,226.5,-72.5,2,0.332777778
2024/1/13 12:00,225.75,-72.75,2,0.333611111
2024/1/13 12:00,226,-72.75,4,0.665
2024/1/13 13:00,225.25,-73,2,0.334166667
2024/1/13 13:00,225.5,-73,2,0.3325
2024/1/13 13:00,225.5,-72.75,1,0.166666667
2024/1/13 13:00,225.75,-72.75,1,0.166666667
2024/1/13 14:00,224.75,-73,1,0.167222222
2024/1/13 14:00,225,-73,4,0.666944444
2024/1/13 14:00,225.25,-73,1,0.166388889
2024/1/13 15:00,224.5,-73.25,1,0.168333333
2024/1/13 15:00,224.5,-73,2,0.334166667
2024/1/13 15:00,224.75,-73,3,0.498611111
2024/1/13 16:00,224.25,-73.25,4,0.8325
2024/1/13 16:00,224.5,-73.25,2,0.331944444
2024/1/13 17:00,223.75,-73.25,1,0.167777778
2024/1/13 17:00,224,-73.25,4,0.668055556
2024/1/13 18:00,223.5,-73.5,3,0.500833333
2024/1/13 18:00,223.75,-73.5,3,0.498611111
2024/1/13 19:00,223.25,-73.5,2,0.333888889
2024/1/13 19:00,223.5,-73.5,4,0.665
2024/1/13 20:00,223.25,-73.75,5,0.834444444
2024/1/13 20:00,223.5,-73.75,1,0.166666667
2024/1/13 21:00,223.25,-74,3,0.500555556
2024/1/13 21:00,223.25,-73.75,3,0.498333333
2024/1/13 22:00,223.25,-74,6,1.000555556
2024/1/13 23:00,223.25,-74.25,5,0.833333333
2024/1/13 23:00,223.25,-74,1,0.165555556
2024/1/14 0:00,223.25,-74.25,6,1.001388889
2024/1/14 1:00,223.25,-74.5,5,0.833055556
2024/1/14 1:00,223.25,-74.25,1,0.166666667
2024/1/14 2:00,223,-74.5,2,0.333055556
2024/1/14 2:00,223.25,-74.5,4,0.666388889
2024/1/14 3:00,223,-74.5,6,1.000277778
2024/1/14 4:00,223,-74.5,6,1.001388889
2024/1/14 5:00,223,-74.5,6,1.000555556
2024/1/14 6:00,223,-74.5,6,0.998333333
2024/1/14 7:00,223,-74.5,2,0.333055556
2024/1/14 7:00,223.25,-74.5,4,0.6675
2024/1/14 8:00,223,-74.75,3,0.500833333
2024/1/14 8:00,223,-74.5,2,0.333611111
2024/1/14 8:00,223.25,-74.5,1,0.164722222
2024/1/14 9:00,223,-74.75,6,0.999722222
2024/1/14 10:00,223,-75,1,0.166388889
2024/1/14 10:00,223,-74.75,4,0.666111111
2024/1/14 10:00,223.25,-75,1,0.166944444
2024/1/14 11:00,223.25,-75,6,1.002222222
2024/1/14 12:00,223.25,-75,6,0.998611111
2024/1/14 13:00,223.25,-75,6,0.999722222
2024/1/14 14:00,223.25,-75,6,1.001944444
2024/1/14 15:00,223.25,-75,6,0.999444444
2024/1/14 16:00,223.25,-75,6,0.998611111
2024/1/14 17:00,223.25,-75,6,0.999166667
2024/1/14 18:00,223.25,-75,6,1.001666667
2024/1/14 19:00,223.25,-75,6,0.999444444
2024/1/14 20:00,223.25,-75,6,1.000555556
2024/1/14 21:00,223.25,-75,6,0.999444444
2024/1/14 22:00,223.25,-75,6,1.000833333
2024/1/14 23:00,223.25,-75,6,0.999444444
2024/1/15 0:00,223.25,-75,6,0.998611111
2024/1/15 1:00,223.25,-75,6,1.001944444
2024/1/15 2:00,223.25,-75,6,1
2024/1/15 3:00,223.25,-75,6,1.000833333
2024/1/15 4:00,223.25,-75,6,0.998888889
2024/1/15 5:00,223.25,-75,6,0.999722222
2024/1/15 6:00,223.25,-75,6,1.000555556
2024/1/15 7:00,223.25,-75,6,0.999166667
2024/1/15 8:00,223,-75,2,0.333055556
2024/1/15 8:00,223.25,-75,4,0.666111111
2024/1/15 9:00,223.25,-75,6,1
2024/1/15 10:00,223,-75,2,0.333333333
2024/1/15 10:00,223.25,-75,4,0.667777778
2024/1/15 11:00,223.25,-75,6,1.000555556
2024/1/15 12:00,223.25,-75,6,0.999166667
2024/1/15 13:00,223.25,-75,6,1.001111111
2024/1/15 14:00,223,-75,2,0.334166667
2024/1/15 14:00,223,-74.75,2,0.333333333
2024/1/15 14:00,223.25,-75,2,0.331111111
2024/1/15 15:00,223,-74.75,6,0.999722222
2024/1/15 16:00,222.75,-74.5,2,0.3325
2024/1/15 16:00,223,-74.75,2,0.333055556
2024/1/15 16:00,223,-74.5,2,0.333611111
2024/1/15 17:00,222.5,-74.5,4,0.667777778
2024/1/15 17:00,222.75,-74.5,2,0.333888889
2024/1/15 18:00,222,-74.25,3,0.500277778
2024/1/15 18:00,222.25,-74.5,2,0.3325
2024/1/15 18:00,222.25,-74.25,1,0.165833333
2024/1/15 19:00,221.5,-74.25,3,0.501111111
2024/1/15 19:00,221.75,-74.25,3,0.500833333
2024/1/15 20:00,221,-74.25,2,0.334722222
2024/1/15 20:00,221.25,-74.25,3,0.498888889
2024/1/15 20:00,221.5,-74.25,1,0.165555556
2024/1/15 21:00,220.5,-74,2,0.333055556
2024/1/15 21:00,220.75,-74,3,0.500833333
2024/1/15 21:00,221,-74.25,1,0.166388889
2024/1/15 22:00,220,-74,2,0.335277778
2024/1/15 22:00,220.25,-74,3,0.499722222
2024/1/15 22:00,220.5,-74,1,0.165555556
2024/1/15 23:00,220,-74,6,0.999722222
2024/1/16 0:00,220,-74,1,0.165833333
2024/1/16 0:00,220,-73.75,3,0.501666667
2024/1/16 0:00,220.25,-74,2,0.333333333
2024/1/16 1:00,220,-73.75,6,0.999166667
2024/1/16 2:00,219.75,-73.75,3,0.498888889
2024/1/16 2:00,219.75,-73.5,3,0.501944444
2024/1/16 3:00,219.75,-73.5,6,0.998055556
2024/1/16 4:00,219.75,-73.5,1,0.166388889
2024/1/16 4:00,219.75,-73.25,5,0.833333333
2024/1/16 5:00,219.75,-73.25,4,0.666666667
2024/1/16 5:00,219.75,-73,2,0.335277778
2024/1/16 6:00,219.5,-73,5,0.833055556
2024/1/16 6:00,219.75,-73,1,0.164722222
2024/1/16 7:00,219.5,-72.75,6,1.001666667
2024/1/16 8:00,219.5,-72.75,2,0.331944444
2024/1/16 8:00,219.5,-72.5,4,0.666388889
2024/1/16 9:00,219.5,-72.5,4,0.666388889
2024/1/16 9:00,219.5,-72.25,2,0.334444444
2024/1/16 10:00,219.25,-72.25,4,0.6675
2024/1/16 10:00,219.5,-72.25,2,0.333333333
2024/1/16 11:00,219.25,-72,6,1
2024/1/16 12:00,219.25,-72,2,0.331666667
2024/1/16 12:00,219.25,-71.75,4,0.667222222
2024/1/16 13:00,219.25,-71.75,4,0.667222222
2024/1/16 13:00,219.25,-71.5,2,0.334444444
2024/1/16 14:00,219.25,-71.5,6,0.998888889
2024/1/16 15:00,219,-71.25,6,1.000277778
2024/1/16 16:00,218.75,-71,2,0.333333333
2024/1/16 16:00,219,-71.25,2,0.332777778
2024/1/16 16:00,219,-71,2,0.333611111
2024/1/16 17:00,218.25,-71,1,0.166944444
2024/1/16 17:00,218.5,-71,3,0.5
2024/1/16 17:00,218.75,-71,2,0.333333333
2024/1/16 18:00,217.75,-71,2,0.336388889
2024/1/16 18:00,218,-71,2,0.333888889
2024/1/16 18:00,218.25,-71,2,0.331666667
2024/1/16 19:00,217.25,-70.75,2,0.335
2024/1/16 19:00,217.5,-71,2,0.333333333
2024/1/16 19:00,217.5,-70.75,1,0.165555556
2024/1/16 19:00,217.75,-71,1,0.164444444
2024/1/16 20:00,216.75,-70.75,3,0.500833333
2024/1/16 20:00,217,-70.75,2,0.332777778
2024/1/16 20:00,217.25,-70.75,1,0.165833333
2024/1/16 21:00,216.25,-70.75,3,0.501944444
2024/1/16 21:00,216.5,-70.75,3,0.499444444
2024/1/16 22:00,215.5,-70.75,1,0.168055556
2024/1/16 22:00,215.75,-70.75,3,0.5
2024/1/16 22:00,216,-70.75,2,0.331666667
2024/1/16 23:00,215,-70.75,1,0.1675
2024/1/16 23:00,215.25,-70.75,3,0.500277778
2024/1/16 23:00,215.5,-70.75,2,0.331944444
2024/1/17 0:00,214.5,-70.75,2,0.333055556
2024/1/17 0:00,214.75,-70.75,3,0.500277778
2024/1/17 0:00,215,-70.75,1,0.164722222
2024/1/17 1:00,214,-70.5,3,0.500277778
2024/1/17 1:00,214.25,-70.5,2,0.331666667
2024/1/17 1:00,214.5,-70.5,1,0.168055556
2024/1/17 2:00,213.5,-70.5,3,0.502222222
2024/1/17 2:00,213.75,-70.5,3,0.499722222
2024/1/17 3:00,212.75,-70.5,1,0.168611111
2024/1/17 3:00,213,-70.5,3,0.5
2024/1/17 3:00,213.25,-70.5,2,0.331388889
2024/1/17 4:00,212.25,-70.5,2,0.333611111
2024/1/17 4:00,212.5,-70.5,2,0.333888889
2024/1/17 4:00,212.75,-70.5,2,0.331944444
2024/1/17 5:00,211.75,-70.5,2,0.334722222
2024/1/17 5:00,212,-70.5,3,0.498333333
2024/1/17 5:00,212.25,-70.5,1,0.166666667
2024/1/17 6:00,211,-70.25,1,0.168055556
2024/1/17 6:00,211.25,-70.25,2,0.3325
2024/1/17 6:00,211.5,-70.5,2,0.332222222
2024/1/17 6:00,211.5,-70.25,1,0.168055556
2024/1/17 7:00,210.5,-70.25,2,0.333611111
2024/1/17 7:00,210.75,-70.25,2,0.334722222
2024/1/17 7:00,211,-70.25,2,0.331111111
2024/1/17 8:00,210,-70.25,3,0.5025
2024/1/17 8:00,210.25,-70.25,2,0.3325
2024/1/17 8:00,210.5,-70.25,1,0.165833333
2024/1/17 9:00,209.25,-70.25,1,0.1675
2024/1/17 9:00,209.5,-70.25,3,0.500277778
2024/1/17 9:00,209.75,-70.25,2,0.330833333
2024/1/17 10:00,208.75,-70.25,2,0.333055556
2024/1/17 10:00,209,-70.25,3,0.501388889
2024/1/17 10:00,209.25,-70.25,1,0.165555556
2024/1/17 11:00,208.25,-70.25,3,0.500277778
2024/1/17 11:00,208.5,-70.25,3,0.5
2024/1/17 12:00,207.5,-70.25,1,0.1675
2024/1/17 12:00,207.75,-70.25,3,0.499444444
2024/1/17 12:00,208,-70.25,2,0.3325
2024/1/17 13:00,207,-70.25,2,0.333888889
2024/1/17 13:00,207.25,-70.25,3,0.499722222
2024/1/17 13:00,207.5,-70.25,1,0.166666667
2024/1/17 14:00,206.25,-70.25,1,0.1675
2024/1/17 14:00,206.5,-70.25,2,0.333888889
2024/1/17 14:00,206.75,-70.25,3,0.498888889
2024/1/17 15:00,205.75,-70.25,2,0.334166667
2024/1/17 15:00,206,-70.25,2,0.332777778
2024/1/17 15:00,206.25,-70.25,2,0.333611111
2024/1/17 16:00,205,-70.25,1,0.166666667
2024/1/17 16:00,205.25,-70.25,2,0.333333333
2024/1/17 16:00,205.5,-70.25,2,0.333888889
2024/1/17 16:00,205.75,-70.25,1,0.165277778
2024/1/17 17:00,204.5,-70.25,2,0.333888889
2024/1/17 17:00,204.75,-70.25,2,0.333333333
2024/1/17 17:00,205,-70.25,2,0.333333333
2024/1/17 18:00,204,-70.25,3,0.501666667
2024/1/17 18:00,204.25,-70.25,2,0.333055556
2024/1/17 18:00,204.5,-70.25,1,0.165277778
2024/1/17 19:00,203.25,-70,1,0.167777778
2024/1/17 19:00,203.5,-70.25,3,0.499166667
2024/1/17 19:00,203.75,-70.25,2,0.332777778
2024/1/17 20:00,202.75,-70,2,0.334444444
2024/1/17 20:00,203,-70,3,0.500833333
2024/1/17 20:00,203.25,-70,1,0.165555556
2024/1/17 21:00,202.25,-70,3,0.501111111
2024/1/17 21:00,202.5,-70,2,0.333611111
2024/1/17 21:00,202.75,-70,1,0.165277778
2024/1/17 22:00,201.5,-70,1,0.167222222
2024/1/17 22:00,201.75,-70,3,0.501111111
2024/1/17 22:00,202,-70,2,0.331111111
2024/1/17 23:00,201,-70,2,0.3325
2024/1/17 23:00,201.25,-70,2,0.333888889
2024/1/17 23:00,201.5,-70,2,0.3325
2024/1/18 0:00,200.5,-70,3,0.501944444
2024/1/18 0:00,200.75,-70,2,0.333055556
2024/1/18 0:00,201,-70,1,0.166666667
2024/1/18 1:00,199.75,-70,1,0.168055556
2024/1/18 1:00,200,-70,3,0.5
2024/1/18 1:00,200.25,-70,2,0.331388889
2024/1/18 2:00,199.25,-70,2,0.334166667
2024/1/18 2:00,199.5,-70,3,0.500833333
2024/1/18 2:00,199.75,-70,1,0.165833333
2024/1/18 3:00,198.75,-69.75,3,0.500555556
2024/1/18 3:00,199,-70,3,0.499166667
2024/1/18 4:00,198.5,-69.75,6,1.000833333
2024/1/18 5:00,198.5,-69.75,6,0.997777778
2024/1/18 6:00,198.5,-69.75,6,1.000833333
2024/1/18 7:00,198.25,-69.75,2,0.335277778
2024/1/18 7:00,198.25,-69.5,2,0.332777778
2024/1/18 7:00,198.5,-69.75,2,0.331666667
2024/1/18 8:00,197.75,-69.5,2,0.332777778
2024/1/18 8:00,198,-69.5,4,0.665833333
2024/1/18 9:00,197.5,-69.25,4,0.668055556
2024/1/18 9:00,197.75,-69.25,2,0.333333333
2024/1/18 10:00,197,-69,2,0.333611111
2024/1/18 10:00,197.25,-69.25,2,0.332777778
2024/1/18 10:00,197.25,-69,2,0.333055556
2024/1/18 11:00,196.75,-69,2,0.333333333
2024/1/18 11:00,196.75,-68.75,2,0.332777778
2024/1/18 11:00,197,-69,2,0.333333333
2024/1/18 12:00,196.25,-68.75,1,0.168333333
2024/1/18 12:00,196.5,-68.75,5,0.833888889
2024/1/18 13:00,196,-68.5,3,0.499444444
2024/1/18 13:00,196.25,-68.75,1,0.164166667
2024/1/18 13:00,196.25,-68.5,2,0.334166667
2024/1/18 14:00,195.5,-68.25,1,0.166944444
2024/1/18 14:00,195.75,-68.5,2,0.334722222
2024/1/18 14:00,195.75,-68.25,2,0.332777778
2024/1/18 14:00,196,-68.5,1,0.166388889
2024/1/18 15:00,195.25,-68.25,2,0.331944444
2024/1/18 15:00,195.25,-68,1,0.167777778
2024/1/18 15:00,195.5,-68.25,3,0.500833333
2024/1/18 16:00,195,-68,4,0.666944444
2024/1/18 16:00,195.25,-68,2,0.333333333
2024/1/18 17:00,194.5,-67.75,1,0.166666667
2024/1/18 17:00,194.75,-68,2,0.332222222
2024/1/18 17:00,194.75,-67.75,3,0.499444444
2024/1/18 18:00,194.25,-67.75,1,0.166388889
2024/1/18 18:00,194.25,-67.5,2,0.335277778
2024/1/18 18:00,194.5,-67.75,3,0.500833333
2024/1/18 19:00,194,-67.5,4,0.666944444
2024/1/18 19:00,194.25,-67.5,2,0.331111111
2024/1/18 20:00,193.5,-67.25,1,0.168333333
2024/1/18 20:00,193.75,-67.25,5,0.833333333
2024/1/18 21:00,193.25,-67,2,0.333333333
2024/1/18 21:00,193.5,-67.25,2,0.331944444
2024/1/18 21:00,193.5,-67,2,0.333055556
2024/1/18 22:00,193,-67,3,0.5
2024/1/18 22:00,193,-66.75,1,0.168333333
2024/1/18 22:00,193.25,-67,2,0.333333333
2024/1/18 23:00,192.5,-66.75,1,0.1675
2024/1/18 23:00,192.75,-66.75,4,0.6675
2024/1/18 23:00,193,-66.75,1,0.164444444
2024/1/19 0:00,192.25,-66.5,3,0.500555556
2024/1/19 0:00,192.5,-66.75,1,0.165277778
2024/1/19 0:00,192.5,-66.5,2,0.333888889
2024/1/19 1:00,192,-66.5,1,0.165
2024/1/19 1:00,192,-66.25,3,0.502222222
2024/1/19 1:00,192.25,-66.5,2,0.333333333
2024/1/19 2:00,191.5,-66,1,0.166944444
2024/1/19 2:00,191.75,-66.25,4,0.666666667
2024/1/19 2:00,192,-66.25,1,0.165
2024/1/19 3:00,191.25,-66,2,0.333333333
2024/1/19 3:00,191.5,-66,4,0.666666667
2024/1/19 4:00,191,-65.75,3,0.501111111
2024/1/19 4:00,191.25,-66,1,0.166944444
2024/1/19 4:00,191.25,-65.75,2,0.333333333
2024/1/19 5:00,190.75,-65.75,2,0.335
2024/1/19 5:00,190.75,-65.5,2,0.331666667
2024/1/19 5:00,191,-65.75,2,0.331388889
2024/1/19 6:00,190.25,-65.5,1,0.167777778
2024/1/19 6:00,190.5,-65.5,4,0.668055556
2024/1/19 6:00,190.75,-65.5,1,0.167222222
2024/1/19 7:00,190,-65.25,2,0.333333333
2024/1/19 7:00,190.25,-65.25,4,0.665
2024/1/19 8:00,189.75,-65,3,0.500277778
2024/1/19 8:00,190,-65.25,2,0.331944444
2024/1/19 8:00,190,-65,1,0.166944444
2024/1/19 9:00,189.5,-65,3,0.500277778
2024/1/19 9:00,189.5,-64.75,1,0.167222222
2024/1/19 9:00,189.75,-65,2,0.333055556
2024/1/19 10:00,189.25,-64.75,5,0.834166667
2024/1/19 10:00,189.5,-64.75,1,0.165555556
2024/1/19 11:00,188.75,-64.5,1,0.1675
2024/1/19 11:00,189,-64.75,1,0.166666667
2024/1/19 11:00,189,-64.5,4,0.666111111
2024/1/19 12:00,188.5,-64.25,2,0.333333333
2024/1/19 12:00,188.75,-64.5,3,0.499444444
2024/1/19 12:00,188.75,-64.25,1,0.166111111
2024/1/19 13:00,188.25,-64.25,2,0.331944444
2024/1/19 13:00,188.25,-64,1,0.166944444
2024/1/19 13:00,188.5,-64.25,3,0.501111111
2024/1/19 14:00,188,-64,4,0.667222222
2024/1/19 14:00,188.25,-64,2,0.333888889
2024/1/19 15:00,187.75,-63.75,4,0.668888889
2024/1/19 15:00,188,-64,2,0.3325
2024/1/19 16:00,187.5,-63.75,3,0.499444444
2024/1/19 16:00,187.5,-63.5,2,0.333333333
2024/1/19 16:00,187.75,-63.75,1,0.165277778
2024/1/19 17:00,187,-63.5,1,0.168055556
2024/1/19 17:00,187.25,-63.5,5,0.8325
2024/1/19 18:00,186.75,-63.25,1,0.168333333
2024/1/19 18:00,187,-63.25,5,0.833333333
2024/1/19 19:00,186.75,-63.25,2,0.330833333
2024/1/19 19:00,186.75,-63,4,0.668333333
2024/1/19 20:00,186.5,-63,3,0.498055556
2024/1/19 20:00,186.5,-62.75,3,0.501388889
2024/1/19 21:00,186.25,-62.75,4,0.665
2024/1/19 21:00,186.25,-62.5,2,0.335555556
2024/1/19 22:00,186,-62.5,5,0.834444444
2024/1/19 22:00,186.25,-62.5,1,0.165
2024/1/19 23:00,185.75,-62.25,4,0.666111111
2024/1/19 23:00,186,-62.25,2,0.333333333
2024/1/20 0:00,185.5,-62,3,0.499722222
2024/1/20 0:00,185.75,-62.25,1,0.167222222
2024/1/20 0:00,185.75,-62,2,0.3325
2024/1/20 1:00,185.25,-61.75,2,0.335277778
2024/1/20 1:00,185.5,-62,3,0.500277778
2024/1/20 1:00,185.5,-61.75,1,0.166388889
2024/1/20 2:00,185,-61.5,1,0.167222222
2024/1/20 2:00,185.25,-61.75,5,0.8325
2024/1/20 3:00,185,-61.5,6,1.001111111
2024/1/20 4:00,184.75,-61.25,6,0.999722222
2024/1/20 5:00,184.5,-61,4,0.666388889
2024/1/20 5:00,184.75,-61.25,2,0.331666667
2024/1/20 6:00,184.25,-61,1,0.166111111
2024/1/20 6:00,184.25,-60.75,2,0.335555556
2024/1/20 6:00,184.5,-61,3,0.499722222
2024/1/20 7:00,184,-60.75,1,0.167777778
2024/1/20 7:00,184,-60.5,1,0.166944444
2024/1/20 7:00,184.25,-60.75,4,0.664722222
2024/1/20 8:00,184,-60.5,6,0.999722222
2024/1/20 9:00,183.75,-60.5,1,0.165
2024/1/20 9:00,183.75,-60.25,5,0.834166667
2024/1/20 10:00,183.5,-60.25,1,0.166388889
2024/1/20 10:00,183.5,-60,3,0.500277778
2024/1/20 10:00,183.75,-60.25,2,0.333333333
2024/1/20 11:00,183.25,-60,1,0.167777778
2024/1/20 11:00,183.5,-60,5,0.832777778
2024/1/20 12:00,183.25,-59.75,6,0.999722222
2024/1/20 13:00,183,-59.75,1,0.167222222
2024/1/20 13:00,183,-59.5,4,0.666388889
2024/1/20 13:00,183.25,-59.75,1,0.165833333
2024/1/20 14:00,182.75,-59.5,5,0.834166667
2024/1/20 14:00,183,-59.5,1,0.166944444
2024/1/20 15:00,182.25,-59.5,1,0.168333333
2024/1/20 15:00,182.5,-59.5,5,0.832777778
2024/1/20 16:00,182,-59.25,1,0.168055556
2024/1/20 16:00,182.25,-59.25,5,0.831388889
2024/1/20 17:00,181.75,-59.25,2,0.335277778
2024/1/20 17:00,182,-59.25,4,0.665277778
2024/1/20 18:00,181.5,-59.25,3,0.5025
2024/1/20 18:00,181.75,-59.25,3,0.497222222
2024/1/20 19:00,181.25,-59,4,0.668333333
2024/1/20 19:00,181.5,-59,2,0.332222222
2024/1/20 20:00,181,-59,5,0.833888889
2024/1/20 20:00,181.25,-59,1,0.163888889
2024/1/20 21:00,180.5,-58.75,1,0.1675
2024/1/20 21:00,180.75,-59,5,0.833333333
2024/1/20 22:00,180.25,-58.75,2,0.334444444
2024/1/20 22:00,180.5,-58.75,4,0.666111111
2024/1/20 23:00,180,-58.75,3,0.499444444
2024/1/20 23:00,180.25,-58.75,3,0.499444444
2024/1/21 0:00,180,-58.75,1,0.166111111
2024/1/21 0:00,180,-58.5,2,0.334166667
2024/1/21 0:00,180.25,-58.75,3,0.5
2024/1/21 1:00,179.75,-58.5,4,0.668611111
2024/1/21 1:00,180,-58.5,2,0.332777778
2024/1/21 2:00,179.25,-58.5,1,0.167777778
2024/1/21 2:00,179.5,-58.5,4,0.668055556
2024/1/21 2:00,179.75,-58.5,1,0.163888889
2024/1/21 3:00,179,-58.25,2,0.335277778
2024/1/21 3:00,179.25,-58.5,4,0.665
2024/1/21 4:00,178.75,-58.25,4,0.666666667
2024/1/21 4:00,179,-58.25,2,0.331388889
2024/1/21 5:00,178.5,-58.25,6,1.002222222
2024/1/21 6:00,178,-58,1,0.167777778
2024/1/21 6:00,178.25,-58.25,5,0.831666667
2024/1/21 7:00,177.75,-58,1,0.168055556
2024/1/21 7:00,178,-58,5,0.830833333
2024/1/21 8:00,177.5,-58,2,0.333333333
2024/1/21 8:00,177.75,-58,4,0.666666667
2024/1/21 9:00,177.25,-58,1,0.167222222
2024/1/21 9:00,177.25,-57.75,1,0.167777778
2024/1/21 9:00,177.5,-58,4,0.665277778
2024/1/21 10:00,177,-57.75,3,0.501666667
2024/1/21 10:00,177.25,-57.75,3,0.498611111
2024/1/21 11:00,176.75,-57.75,2,0.335555556
2024/1/21 11:00,177,-57.75,4,0.665
2024/1/21 12:00,176.75,-57.75,6,0.999166667
2024/1/21 13:00,176.5,-57.75,6,0.999722222
2024/1/21 14:00,176.25,-57.5,5,0.833333333
2024/1/21 14:00,176.5,-57.75,1,0.165833333
2024/1/21 15:00,176,-57.5,3,0.501111111
2024/1/21 15:00,176.25,-57.5,3,0.499444444
2024/1/21 16:00,175.75,-57.5,2,0.334722222
2024/1/21 16:00,176,-57.5,4,0.665833333
2024/1/21 17:00,175.75,-57.5,6,0.998611111
2024/1/21 18:00,175.5,-57.5,6,1.001666667
2024/1/21 19:00,175.25,-57.25,5,0.833888889
2024/1/21 19:00,175.5,-57.25,1,0.165833333
2024/1/21 20:00,175,-57.25,3,0.499444444
2024/1/21 20:00,175.25,-57.25,3,0.499722222
2024/1/21 21:00,174.75,-57.25,2,0.334722222
2024/1/21 21:00,175,-57.25,4,0.665833333
2024/1/21 22:00,174.5,-57.25,1,0.166944444
2024/1/21 22:00,174.75,-57.25,5,0.8325
2024/1/21 23:00,174.5,-57.25,4,0.666388889
2024/1/21 23:00,174.5,-57,2,0.335
2024/1/22 0:00,174.25,-57,5,0.834722222
2024/1/22 0:00,174.5,-57,1,0.164444444
2024/1/22 1:00,174,-57,4,0.667222222
2024/1/22 1:00,174.25,-57,2,0.333055556
2024/1/22 2:00,173.75,-57,2,0.331666667
2024/1/22 2:00,174,-57,4,0.667222222
2024/1/22 3:00,173.75,-57,6,1.000555556
2024/1/22 4:00,173.5,-57,2,0.3325
2024/1/22 4:00,173.5,-56.75,4,0.669166667
2024/1/22 5:00,173.25,-56.75,4,0.670555556
2024/1/22 5:00,173.5,-56.75,2,0.330833333
2024/1/22 6:00,173,-56.75,2,0.333055556
2024/1/22 6:00,173.25,-56.75,4,0.664166667
2024/1/22 7:00,172.75,-56.75,1,0.167222222
2024/1/22 7:00,173,-56.75,5,0.8325
2024/1/22 8:00,172.75,-56.75,6,1.000277778
2024/1/22 9:00,172.5,-56.5,5,0.834166667
2024/1/22 9:00,172.75,-56.75,1,0.165833333
2024/1/22 10:00,172.25,-56.5,3,0.501111111
2024/1/22 10:00,172.5,-56.5,3,0.499166667
2024/1/22 11:00,172,-56.5,2,0.333055556
2024/1/22 11:00,172.25,-56.5,4,0.666111111
2024/1/22 12:00,172,-56.5,6,0.999722222
2024/1/22 13:00,171.75,-56.5,5,0.834166667
2024/1/22 13:00,171.75,-56.25,1,0.167777778
2024/1/22 14:00,171.5,-56.25,5,0.834166667
2024/1/22 14:00,171.75,-56.25,1,0.164444444
2024/1/22 15:00,171.25,-56.25,3,0.501111111
2024/1/22 15:00,171.5,-56.25,3,0.499166667
2024/1/22 16:00,171,-56.25,2,0.334722222
2024/1/22 16:00,171.25,-56.25,4,0.665833333
2024/1/22 17:00,171,-56.25,6,0.998611111
2024/1/22 18:00,170.75,-56.25,3,0.499444444
2024/1/22 18:00,170.75,-56,3,0.501944444
2024/1/22 19:00,170.5,-56,5,0.833888889
2024/1/22 19:00,170.75,-56,1,0.165
2024/1/22 20:00,170.25,-56,3,0.499722222
2024/1/22 20:00,170.5,-56,3,0.5
2024/1/22 21:00,170,-56,1,0.168333333
2024/1/22 21:00,170.25,-56,5,0.833055556
2024/1/22 22:00,170,-56,6,0.998055556
2024/1/22 23:00,169.75,-55.75,5,0.833888889
2024/1/22 23:00,170,-56,1,0.168333333
2024/1/23 0:00,169.5,-55.75,3,0.5025
2024/1/23 0:00,169.75,-55.75,3,0.497777778
2024/1/23 1:00,169.25,-55.75,1,0.166944444
2024/1/23 1:00,169.5,-55.75,5,0.830833333
2024/1/23 2:00,169.25,-55.75,6,1.000833333
2024/1/23 3:00,169,-55.75,6,1.001388889
2024/1/23 4:00,168.75,-55.5,3,0.499166667
2024/1/23 4:00,169,-55.5,3,0.498611111
2024/1/23 5:00,168.75,-55.5,6,1.000277778
2024/1/23 6:00,168.5,-55.5,6,1.001111111
2024/1/23 7:00,168.5,-55.5,4,0.666388889
2024/1/23 7:00,168.5,-55.25,2,0.333611111
2024/1/23 8:00,168.5,-55.25,6,0.999722222
2024/1/23 9:00,168.5,-55.25,5,0.832222222
2024/1/23 9:00,168.5,-55,1,0.167222222
2024/1/23 10:00,168.5,-55,6,1.000555556
2024/1/23 11:00,168.5,-55,6,1.000833333
2024/1/23 12:00,168.5,-55,1,0.164444444
2024/1/23 12:00,168.5,-54.75,5,0.835277778
2024/1/23 13:00,168.5,-54.75,6,0.998888889
2024/1/23 14:00,168.5,-54.75,2,0.333333333
2024/1/23 14:00,168.5,-54.5,4,0.666944444
2024/1/23 15:00,168.5,-54.5,6,1
2024/1/23 16:00,168.5,-54.5,3,0.499166667
2024/1/23 16:00,168.5,-54.25,3,0.501388889
2024/1/23 17:00,168.5,-54.25,6,0.999166667
2024/1/23 18:00,168.5,-54.25,5,0.833333333
2024/1/23 18:00,168.5,-54,1,0.168611111
2024/1/23 19:00,168.5,-54,6,0.999722222
2024/1/23 20:00,168.5,-54,6,1.000277778
2024/1/23 21:00,168.5,-53.75,6,0.998888889
2024/1/23 22:00,168.5,-53.75,6,1.000277778
2024/1/23 23:00,168.5,-53.75,2,0.333055556
2024/1/23 23:00,168.5,-53.5,4,0.665555556
2024/1/24 0:00,168.5,-53.5,6,1.001111111
2024/1/24 1:00,168.5,-53.5,3,0.499722222
2024/1/24 1:00,168.5,-53.25,3,0.499444444
2024/1/24 2:00,168.5,-53.25,6,1.000555556
2024/1/24 3:00,168.5,-53.25,5,0.831944444
2024/1/24 3:00,168.5,-53,1,0.168333333
2024/1/24 4:00,168.5,-53,6,1.000555556
2024/1/24 5:00,168.5,-53,4,0.665833333
2024/1/24 5:00,168.5,-52.75,2,0.335277778
2024/1/24 6:00,168.5,-52.75,6,0.999444444
2024/1/24 7:00,168.5,-52.75,2,0.331388889
2024/1/24 7:00,168.5,-52.5,4,0.6675
2024/1/24 8:00,168.5,-52.5,4,0.665
2024/1/24 8:00,168.75,-52.5,1,0.167777778
2024/1/24 8:00,168.75,-52.25,1,0.168055556
2024/1/24 9:00,168.75,-52.25,6,0.998055556
2024/1/24 10:00,168.75,-52.25,1,0.166388889
2024/1/24 10:00,168.75,-52,1,0.167222222
2024/1/24 10:00,169,-52,4,0.666944444
2024/1/24 11:00,169,-52,2,0.332777778
2024/1/24 11:00,169,-51.75,4,0.668333333
2024/1/24 12:00,169,-51.75,1,0.164444444
2024/1/24 12:00,169.25,-51.75,3,0.500555556
2024/1/24 12:00,169.25,-51.5,2,0.333055556
2024/1/24 13:00,169.25,-51.5,6,1.002777778
2024/1/24 14:00,169.25,-51.25,1,0.164444444
2024/1/24 14:00,169.5,-51.25,5,0.833888889
2024/1/24 15:00,169.5,-51.25,2,0.332777778
2024/1/24 15:00,169.5,-51,4,0.6675
2024/1/24 16:00,169.5,-51,1,0.166111111
2024/1/24 16:00,169.75,-51,3,0.499722222
2024/1/24 16:00,169.75,-50.75,2,0.335555556
2024/1/24 17:00,169.75,-50.75,6,0.998333333
2024/1/24 18:00,169.75,-50.5,1,0.166111111
2024/1/24 18:00,170,-50.5,5,0.834722222
2024/1/24 19:00,170,-50.5,3,0.498888889
2024/1/24 19:00,170,-50.25,3,0.500277778
2024/1/24 20:00,170,-50.25,2,0.332777778
2024/1/24 20:00,170.25,-50.25,3,0.500555556
2024/1/24 20:00,170.25,-50,1,0.1675
2024/1/24 21:00,170.25,-50,6,1.001111111
2024/1/24 22:00,170.25,-50,1,0.164722222
2024/1/24 22:00,170.25,-49.75,1,0.166388889
2024/1/24 22:00,170.5,-49.75,4,0.668611111
2024/1/24 23:00,170.5,-49.75,3,0.498055556
2024/1/24 23:00,170.5,-49.5,3,0.501666667
2024/1/25 0:00,170.5,-49.5,3,0.498333333
2024/1/25 0:00,170.75,-49.5,2,0.332222222
2024/1/25 0:00,170.75,-49.25,1,0.167777778
2024/1/25 1:00,170.75,-49.25,6,0.999722222
2024/1/25 2:00,170.75,-49.25,1,0.166666667
2024/1/25 2:00,170.75,-49,2,0.333888889
2024/1/25 2:00,171,-49,3,0.501666667
2024/1/25 3:00,171,-49,4,0.664444444
2024/1/25 3:00,171,-48.75,2,0.334166667
2024/1/25 4:00,171,-48.75,4,0.665277778
2024/1/25 4:00,171.25,-48.75,2,0.335
2024/1/25 5:00,171.25,-48.5,6,0.999166667
2024/1/25 6:00,171.25,-48.5,2,0.333333333
2024/1/25 6:00,171.25,-48.25,3,0.500833333
2024/1/25 6:00,171.5,-48.25,1,0.1675
2024/1/25 7:00,171.5,-48.25,5,0.831944444
2024/1/25 7:00,171.5,-48,1,0.168333333
2024/1/25 8:00,171.5,-48,6,0.999166667
2024/1/25 9:00,171.75,-48,1,0.165
2024/1/25 9:00,171.75,-47.75,5,0.834722222
2024/1/25 10:00,171.75,-47.75,3,0.498055556
2024/1/25 10:00,171.75,-47.5,3,0.500555556
2024/1/25 11:00,171.75,-47.5,1,0.166944444
2024/1/25 11:00,172,-47.5,4,0.666666667
2024/1/25 11:00,172,-47.25,1,0.167222222
2024/1/25 12:00,172,-47.25,6,1.000833333
2024/1/25 13:00,172,-47.25,2,0.331944444
2024/1/25 13:00,172,-47,1,0.167222222
2024/1/25 13:00,172.25,-47,3,0.5
2024/1/25 14:00,172.25,-47,5,0.831944444
2024/1/25 14:00,172.25,-46.75,1,0.167777778
2024/1/25 15:00,172.25,-46.75,5,0.832777778
2024/1/25 15:00,172.5,-46.75,1,0.166944444
2024/1/25 16:00,172.5,-46.75,2,0.333055556
2024/1/25 16:00,172.5,-46.5,4,0.666666667
2024/1/25 17:00,172.5,-46.5,5,0.833611111
2024/1/25 17:00,172.5,-46.25,1,0.168055556
2024/1/25 18:00,172.5,-46.25,2,0.331111111
2024/1/25 18:00,172.75,-46.25,4,0.669722222
2024/1/25 19:00,172.75,-46.25,1,0.164166667
2024/1/25 19:00,172.75,-46,5,0.833611111
2024/1/25 20:00,172.75,-46,3,0.5
2024/1/25 20:00,173,-45.75,3,0.500833333
2024/1/25 21:00,173,-45.75,5,0.832222222
2024/1/25 21:00,173,-45.5,1,0.167222222
2024/1/25 22:00,173,-45.5,4,0.666388889
2024/1/25 22:00,173.25,-45.5,2,0.334166667
2024/1/25 23:00,173.25,-45.5,1,0.165833333
2024/1/25 23:00,173.25,-45.25,5,0.833888889
2024/1/26 0:00,173.25,-45.25,2,0.333888889
2024/1/26 0:00,173.25,-45,2,0.332222222
2024/1/26 0:00,173.5,-45,2,0.333611111
2024/1/26 1:00,173.5,-45,3,0.500555556
2024/1/26 1:00,173.5,-44.75,3,0.500555556
2024/1/26 2:00,173.5,-44.75,4,0.665833333
2024/1/26 2:00,173.5,-44.5,2,0.335
2024/1/26 3:00,173.5,-44.5,5,0.830833333
2024/1/26 3:00,173.5,-44.25,1,0.167222222
2024/1/26 4:00,173.5,-44.25,6,1.000555556
2024/1/26 5:00,173.5,-44,6,1.001388889
2024/1/26 6:00,173.5,-44,3,0.497777778
2024/1/26 6:00,173.5,-43.75,3,0.501666667
2024/1/26 7:00,173.5,-43.75,6,0.998333333
2024/1/26 8:00,173.25,-43.75,1,0.165833333
2024/1/26 8:00,173.25,-43.5,5,0.833888889
2024/1/26 9:00,173,-43.5,4,0.666666667
2024/1/26 9:00,173.25,-43.5,2,0.333611111
2024/1/26 10:00,173,-43.5,6,1
2024/1/26 11:00,173,-43.5,6,0.999722222
2024/1/26 12:00,173,-43.5,6,0.999444444
2024/1/26 13:00,173,-43.5,6,1.001388889
2024/1/26 14:00,173,-43.5,6,0.999166667
2024/1/26 15:00,173,-43.5,6,1.001388889
2024/1/26 16:00,173,-43.5,6,1.000277778
2024/1/26 17:00,173,-43.5,6,0.999444444
2024/1/26 18:00,173,-43.5,6,1.000277778
2024/1/26 19:00,173,-43.5,6,0.999722222
2024/1/26 20:00,173,-43.5,6,0.998611111
2024/1/26 21:00,173,-43.5,6,1.000833333
2024/1/26 22:00,173,-43.5,6,1.001666667
2024/1/26 23:00,173,-43.5,6,0.9975
2024/1/27 0:00,173,-43.5,6,1.000555556
2024/1/27 1:00,173,-43.5,6,1.000833333
2024/1/27 2:00,173,-43.5,6,0.999166667
2024/1/27 3:00,173,-43.5,6,1.001666667
2024/1/27 4:00,173,-43.5,6,0.999444444
2024/1/27 5:00,173,-43.5,6,1
2024/1/27 6:00,173,-43.5,6,1.000833333
2024/1/27 7:00,173,-43.5,6,0.998055556
2024/1/27 8:00,173,-43.5,6,1
2024/1/27 9:00,173,-43.5,6,0.999722222
2024/1/27 10:00,173,-43.5,6,1.001666667
2024/1/27 11:00,173,-43.5,6,0.998888889
2024/1/27 12:00,173,-43.5,6,1.000277778
2024/1/27 13:00,172.75,-43.5,1,0.1675
2024/1/27 13:00,173,-43.5,5,0.831944444
2024/1/27 14:00,172.75,-43.5,6,1.000555556
2024/1/27 15:00,172.75,-43.5,6,1
2024/1/27 16:00,172.75,-43.5,6,1.001111111
2024/1/27 17:00,172.75,-43.5,6,0.998888889
2024/1/27 18:00,172.75,-43.5,6,1
2024/1/27 19:00,172.75,-43.5,6,1.000277778
2024/1/27 20:00,172.75,-43.5,6,1.000277778
2024/1/27 21:00,172.75,-43.5,6,1.002222222
2024/1/27 22:00,172.75,-43.5,6,0.996944444
2024/1/27 23:00,172.75,-43.5,6,1.0025
2024/1/28 0:00,172.75,-43.5,6,0.996944444
2024/1/28 1:00,172.75,-43.5,6,1.001666667
2024/1/28 2:00,172.75,-43.5,6,0.998333333
2024/1/28 3:00,172.75,-43.5,6,1.001388889
2024/1/28 4:00,172.75,-43.5,6,1
2024/1/28 5:00,172.75,-43.5,6,0.998611111
2024/1/28 6:00,172.75,-43.5,6,1
2024/1/28 7:00,172.75,-43.5,6,1.000833333
2024/1/28 8:00,172.75,-43.5,6,1
2024/1/28 9:00,172.75,-43.5,6,0.999722222
2024/1/28 10:00,172.75,-43.5,6,1
2024/1/28 11:00,172.75,-43.5,6,1
2024/1/28 12:00,172.75,-43.5,6,0.999166667
2024/1/28 13:00,172.75,-43.5,6,1.000555556
2024/1/28 14:00,172.75,-43.5,6,1.001111111
2024/1/28 15:00,172.75,-43.5,6,1.000555556
2024/1/28 16:00,172.75,-43.5,6,0.999722222
2024/1/28 17:00,172.75,-43.5,6,0.998333333
2024/1/28 18:00,172.75,-43.5,6,1.000833333
2024/1/28 19:00,172.75,-43.5,6,1.001111111
2024/1/28 20:00,172.75,-43.5,6,0.998333333
2024/1/28 21:00,172.75,-43.5,6,1.000277778
2024/1/28 22:00,172.75,-43.5,6,1.000555556
2024/1/28 23:00,172.75,-43.5,6,1.001111111
2024/1/29 0:00,172.75,-43.5,6,0.997777778
2024/1/29 1:00,172.75,-43.5,6,1.001944444
2024/1/29 2:00,172.75,-43.5,6,0.998888889
2024/1/29 3:00,172.75,-43.5,6,1.001111111
2024/1/29 4:00,172.75,-43.5,6,1.000833333
2024/1/29 5:00,172.75,-43.5,6,0.999166667
2024/1/29 6:00,172.75,-43.5,6,1.001388889
2024/1/29 7:00,172.75,-43.5,6,0.997777778
2024/1/29 8:00,172.75,-43.5,6,0.999166667
2024/1/29 9:00,172.75,-43.5,6,1.001111111
2024/1/29 10:00,172.75,-43.5,6,0.999722222
2024/1/29 11:00,172.75,-43.5,4,0.665555556
2024/1/29 11:00,173,-43.5,2,0.335833333
2024/1/29 12:00,173,-43.5,4,0.663888889
2024/1/29 12:00,173.25,-43.75,2,0.335555556
2024/1/29 13:00,173.25,-43.75,6,0.999166667
2024/1/29 14:00,173.25,-44,4,0.668611111
2024/1/29 14:00,173.25,-43.75,2,0.3325
2024/1/29 15:00,173.25,-44,2,0.330555556
2024/1/29 15:00,173.5,-44.25,2,0.334444444
2024/1/29 15:00,173.5,-44,2,0.334166667
2024/1/29 16:00,173.5,-44.25,6,0.999166667
2024/1/29 17:00,173.5,-44.5,6,1.001944444
2024/1/29 18:00,173.5,-44.75,4,0.668055556
2024/1/29 18:00,173.5,-44.5,2,0.330277778
2024/1/29 19:00,173.5,-44.75,3,0.5
2024/1/29 19:00,173.75,-45,2,0.334444444
2024/1/29 19:00,173.75,-44.75,1,0.165833333
2024/1/29 20:00,173.75,-45,6,1.000277778
2024/1/29 21:00,173.75,-45.25,6,0.999166667
2024/1/29 22:00,173.75,-45.5,4,0.666111111
2024/1/29 22:00,173.75,-45.25,2,0.334166667
2024/1/29 23:00,173.75,-45.5,4,0.665555556
2024/1/29 23:00,174,-45.75,2,0.335277778
2024/1/30 0:00,174,-45.75,6,0.997777778
2024/1/30 1:00,174,-46,6,1.001944444
2024/1/30 2:00,174,-46.25,3,0.5
2024/1/30 2:00,174,-46,3,0.500277778
2024/1/30 3:00,174,-46.25,5,0.832777778
2024/1/30 3:00,174.25,-46.5,1,0.168888889
2024/1/30 4:00,174.25,-46.5,6,0.996666667
2024/1/30 5:00,174.25,-46.75,5,0.833611111
2024/1/30 5:00,174.25,-46.5,1,0.1675
2024/1/30 6:00,174.25,-47,3,0.501111111
2024/1/30 6:00,174.25,-46.75,3,0.499444444
2024/1/30 7:00,174.25,-47.25,1,0.167222222
2024/1/30 7:00,174.25,-47,5,0.8325
2024/1/30 8:00,174.25,-47.25,1,0.165277778
2024/1/30 8:00,174.5,-47.25,5,0.833611111
2024/1/30 9:00,174.5,-47.5,5,0.833055556
2024/1/30 9:00,174.5,-47.25,1,0.166388889
2024/1/30 10:00,174.5,-47.75,2,0.333333333
2024/1/30 10:00,174.5,-47.5,4,0.666666667
2024/1/30 11:00,174.5,-47.75,6,1.001388889
2024/1/30 12:00,174.5,-48,1,0.165
2024/1/30 12:00,174.75,-48,5,0.833611111
2024/1/30 13:00,174.75,-48.25,3,0.500555556
2024/1/30 13:00,174.75,-48,3,0.500277778
2024/1/30 14:00,174.75,-48.5,1,0.166944444
2024/1/30 14:00,174.75,-48.25,5,0.8325
2024/1/30 15:00,174.75,-48.5,6,1
2024/1/30 16:00,174.75,-48.5,2,0.333333333
2024/1/30 16:00,175,-48.75,4,0.666111111
2024/1/30 17:00,175,-49,1,0.166944444
2024/1/30 17:00,175,-48.75,5,0.833611111
2024/1/30 18:00,175,-49,6,1.001944444
2024/1/30 19:00,175,-49.25,5,0.834444444
2024/1/30 19:00,175,-49,1,0.164444444
2024/1/30 20:00,175,-49.25,4,0.666111111
2024/1/30 20:00,175.25,-49.5,2,0.333333333
2024/1/30 21:00,175.25,-49.5,6,1.000555556
2024/1/30 22:00,175.25,-49.75,6,1.000277778
2024/1/30 23:00,175.25,-50,4,0.666944444
2024/1/30 23:00,175.25,-49.75,2,0.332222222
2024/1/31 0:00,175.25,-50.25,2,0.333055556
2024/1/31 0:00,175.25,-50,4,0.6675
2024/1/31 1:00,175.5,-50.25,6,1
2024/1/31 2:00,175.5,-50.5,5,0.834166667
2024/1/31 2:00,175.5,-50.25,1,0.165833333
2024/1/31 3:00,175.5,-50.75,3,0.501111111
2024/1/31 3:00,175.5,-50.5,3,0.499722222
2024/1/31 4:00,175.5,-50.75,6,0.997777778
2024/1/31 5:00,175.5,-51,2,0.333611111
2024/1/31 5:00,175.75,-51,4,0.668333333
2024/1/31 6:00,175.75,-51.25,4,0.668611111
2024/1/31 6:00,175.75,-51,2,0.3325
2024/1/31 7:00,175.75,-51.5,1,0.1675
2024/1/31 7:00,175.75,-51.25,5,0.830277778
2024/1/31 8:00,175.75,-51.5,6,1.000555556
2024/1/31 9:00,175.75,-51.75,4,0.666666667
2024/1/31 9:00,175.75,-51.5,1,0.165277778
2024/1/31 9:00,176,-51.75,1,0.1675
2024/1/31 10:00,176,-52,2,0.333333333
2024/1/31 10:00,176,-51.75,4,0.666388889
2024/1/31 11:00,176,-52,6,1.000833333
2024/1/31 12:00,176,-52.25,6,1
2024/1/31 13:00,176,-52.5,3,0.498888889
2024/1/31 13:00,176,-52.25,2,0.333333333
2024/1/31 13:00,176.25,-52.5,1,0.166944444
2024/1/31 14:00,176.25,-52.75,2,0.334444444
2024/1/31 14:00,176.25,-52.5,4,0.667222222
2024/1/31 15:00,176.25,-52.75,6,1
2024/1/31 16:00,176.25,-53,6,0.999722222
2024/1/31 17:00,176.25,-53.25,3,0.500555556
2024/1/31 17:00,176.25,-53,3,0.498888889
2024/1/31 18:00,176.5,-53.5,1,0.166944444
2024/1/31 18:00,176.5,-53.25,5,0.832222222
2024/1/31 19:00,176.5,-53.5,6,1.000833333
2024/1/31 20:00,176.5,-53.75,5,0.834722222
2024/1/31 20:00,176.5,-53.5,1,0.165555556
2024/1/31 21:00,176.5,-54,2,0.333611111
2024/1/31 21:00,176.5,-53.75,4,0.666388889
2024/1/31 22:00,176.75,-54,6,0.999444444
2024/1/31 23:00,176.75,-54.25,6,1.000555556
2024/2/1 0:00,176.75,-54.5,3,0.499722222
2024/2/1 0:00,176.75,-54.25,3,0.5
2024/2/1 1:00,176.75,-54.75,1,0.168055556
2024/2/1 1:00,176.75,-54.5,5,0.8325
2024/2/1 2:00,177,-54.75,6,0.999722222
2024/2/1 3:00,177,-55,4,0.668611111
2024/2/1 3:00,177,-54.75,2,0.331944444
2024/2/1 4:00,177,-55.25,2,0.333611111
2024/2/1 4:00,177,-55,4,0.665555556
2024/2/1 5:00,177,-55.25,1,0.165833333
2024/2/1 5:00,177.25,-55.25,5,0.833055556
2024/2/1 6:00,177.25,-55.5,5,0.834444444
2024/2/1 6:00,177.25,-55.25,1,0.167222222
2024/2/1 7:00,177.25,-55.75,1,0.166111111
2024/2/1 7:00,177.25,-55.5,3,0.498888889
2024/2/1 7:00,177.5,-55.75,2,0.333055556
2024/2/1 8:00,177.5,-55.75,6,1.001666667
2024/2/1 9:00,177.5,-56,6,0.999444444
2024/2/1 10:00,177.5,-56,1,0.166111111
2024/2/1 10:00,177.75,-56.25,4,0.669166667
2024/2/1 10:00,177.75,-56,1,0.166944444
2024/2/1 11:00,177.75,-56.5,1,0.167777778
2024/2/1 11:00,177.75,-56.25,5,0.83
2024/2/1 12:00,177.75,-56.5,4,0.665833333
2024/2/1 12:00,178,-56.5,2,0.334444444
2024/2/1 13:00,178,-56.75,5,0.833055556
2024/2/1 13:00,178,-56.5,1,0.165833333
2024/2/1 14:00,178,-57,2,0.335277778
2024/2/1 14:00,178,-56.75,4,0.666388889
2024/2/1 15:00,178,-57,1,0.165277778
2024/2/1 15:00,178.25,-57,5,0.834166667
2024/2/1 16:00,178.25,-57.25,5,0.834166667
2024/2/1 16:00,178.25,-57,1,0.166388889
2024/2/1 17:00,178.25,-57.25,3,0.498611111
2024/2/1 17:00,178.5,-57.5,3,0.501111111
2024/2/1 18:00,178.5,-57.75,1,0.1675
2024/2/1 18:00,178.5,-57.5,5,0.831666667
2024/2/1 19:00,178.5,-57.75,4,0.666111111
2024/2/1 19:00,178.75,-57.75,2,0.335555556
2024/2/1 20:00,178.75,-58,5,0.833055556
2024/2/1 20:00,178.75,-57.75,1,0.165277778
2024/2/1 21:00,178.75,-58.25,3,0.500277778
2024/2/1 21:00,178.75,-58,3,0.499722222
2024/2/1 22:00,179,-58.5,1,0.166944444
2024/2/1 22:00,179,-58.25,5,0.833611111
2024/2/1 23:00,179,-58.5,6,1.001666667
2024/2/2 0:00,179,-58.5,1,0.164444444
2024/2/2 0:00,179.25,-58.75,5,0.834444444
2024/2/2 1:00,179.25,-59,3,0.5025
2024/2/2 1:00,179.25,-58.75,3,0.498333333
2024/2/2 2:00,179.25,-59,2,0.330555556
2024/2/2 2:00,179.5,-59.25,1,0.168888889
2024/2/2 2:00,179.5,-59,3,0.500277778
2024/2/2 3:00,179.5,-59.25,6,0.998055556
2024/2/2 4:00,179.5,-59.5,1,0.167777778
2024/2/2 4:00,179.5,-59.25,1,0.166944444
2024/2/2 4:00,179.75,-59.5,4,0.665277778
2024/2/2 5:00,179.75,-59.75,4,0.667777778
2024/2/2 5:00,179.75,-59.5,2,0.334444444
2024/2/2 6:00,179.75,-59.75,2,0.331666667
2024/2/2 6:00,180,-60,3,0.503055556
2024/2/2 6:00,180,-59.75,1,0.165833333
2024/2/2 7:00,180,-60.25,2,0.335277778
2024/2/2 7:00,180,-60,4,0.664444444
2024/2/2 8:00,180,-60.5,1,0.167222222
2024/2/2 8:00,180,-60.25,5,0.830555556
2024/2/2 9:00,180,-60.75,1,0.166666667
2024/2/2 9:00,180,-60.5,5,0.8325
2024/2/2 10:00,180,-61,1,0.167777778
2024/2/2 10:00,180,-60.75,5,0.833611111
2024/2/2 11:00,180,-61,6,0.999166667
2024/2/2 12:00,180,-61.25,6,1
2024/2/2 13:00,180,-61.5,6,1.001944444
2024/2/2 14:00,179.75,-61.75,4,0.6675
2024/2/2 14:00,180,-61.75,1,0.166666667
2024/2/2 14:00,180,-61.5,1,0.165
2024/2/2 15:00,179.75,-62,5,0.834722222
2024/2/2 15:00,179.75,-61.75,1,0.165277778
2024/2/2 16:00,179.75,-62.25,5,0.832777778
2024/2/2 16:00,179.75,-62,1,0.166388889
2024/2/2 17:00,179.5,-62.5,4,0.668055556
2024/2/2 17:00,179.75,-62.25,2,0.332777778
2024/2/2 18:00,179.5,-62.75,4,0.669444444
2024/2/2 18:00,179.5,-62.5,2,0.331944444
2024/2/2 19:00,179.5,-63,3,0.5
2024/2/2 19:00,179.5,-62.75,3,0.4975
2024/2/2 20:00,179.25,-63.25,3,0.501388889
2024/2/2 20:00,179.25,-63,1,0.166944444
2024/2/2 20:00,179.5,-63,2,0.332777778
2024/2/2 21:00,179.25,-63.5,2,0.333611111
2024/2/2 21:00,179.25,-63.25,4,0.666111111
2024/2/2 22:00,179.25,-63.75,1,0.168055556
2024/2/2 22:00,179.25,-63.5,5,0.8325
2024/2/2 23:00,179,-64,1,0.168333333
2024/2/2 23:00,179,-63.75,3,0.501388889
2024/2/2 23:00,179.25,-63.75,2,0.331388889
2024/2/3 0:00,179,-64,6,0.999444444
2024/2/3 1:00,178.75,-64.25,1,0.166944444
2024/2/3 1:00,179,-64.25,5,0.830833333
2024/2/3 2:00,178.75,-64.5,6,1.001388889
2024/2/3 3:00,178.75,-64.75,6,1
2024/2/3 4:00,178.5,-65,2,0.333333333
2024/2/3 4:00,178.75,-65,3,0.500277778
2024/2/3 4:00,178.75,-64.75,1,0.166111111
2024/2/3 5:00,178.5,-65.25,5,0.835833333
2024/2/3 5:00,178.5,-65,1,0.165555556
2024/2/3 6:00,178.5,-65.5,5,0.834444444
2024/2/3 6:00,178.5,-65.25,1,0.164444444
2024/2/3 7:00,178.25,-65.75,4,0.665555556
2024/2/3 7:00,178.5,-65.5,2,0.333611111
2024/2/3 8:00,178.25,-66,4,0.667222222
2024/2/3 8:00,178.25,-65.75,2,0.332777778
2024/2/3 9:00,178.25,-66.25,4,0.666944444
2024/2/3 9:00,178.25,-66,2,0.333055556
2024/2/3 10:00,178,-66.5,3,0.500555556
2024/2/3 10:00,178,-66.25,3,0.5
2024/2/3 11:00,178,-66.75,3,0.500277778
2024/2/3 11:00,178,-66.5,3,0.499444444
2024/2/3 12:00,178,-67,3,0.500555556
2024/2/3 12:00,178,-66.75,3,0.5
2024/2/3 13:00,177.75,-67.25,3,0.500555556
2024/2/3 13:00,177.75,-67,3,0.498888889
2024/2/3 14:00,177.75,-67.5,2,0.334444444
2024/2/3 14:00,177.75,-67.25,4,0.665833333
2024/2/3 15:00,177.5,-67.75,2,0.333888889
2024/2/3 15:00,177.5,-67.5,4,0.666666667
2024/2/3 16:00,177.5,-68,2,0.334722222
2024/2/3 16:00,177.5,-67.75,4,0.666111111
2024/2/3 17:00,177.25,-68.25,1,0.167222222
2024/2/3 17:00,177.25,-68,4,0.666666667
2024/2/3 17:00,177.5,-68,1,0.163888889
2024/2/3 18:00,177.25,-68.5,1,0.168888889
2024/2/3 18:00,177.25,-68.25,5,0.833333333
2024/2/3 19:00,177,-68.75,1,0.166666667
2024/2/3 19:00,177,-68.5,2,0.333333333
2024/2/3 19:00,177.25,-68.5,3,0.498333333
2024/2/3 20:00,177,-69,1,0.168333333
2024/2/3 20:00,177,-68.75,5,0.8325
2024/2/3 21:00,176.75,-69.25,1,0.168333333
2024/2/3 21:00,176.75,-69,1,0.166944444
2024/2/3 21:00,177,-69,4,0.665555556
2024/2/3 22:00,176.75,-69.25,6,0.999722222
2024/2/3 23:00,176.75,-69.5,6,0.998888889
2024/2/4 0:00,176.5,-69.75,6,1.000555556
2024/2/4 1:00,176.5,-70,6,1.001388889
2024/2/4 2:00,176.25,-70.25,6,0.9975
2024/2/4 3:00,176.25,-70.5,5,0.834722222
2024/2/4 3:00,176.25,-70.25,1,0.166388889
2024/2/4 4:00,176,-70.75,4,0.667222222
2024/2/4 4:00,176.25,-70.75,1,0.166111111
2024/2/4 4:00,176.25,-70.5,1,0.166388889
2024/2/4 5:00,176,-71,4,0.668333333
2024/2/4 5:00,176,-70.75,2,0.331944444
2024/2/4 6:00,175.75,-71.25,4,0.667777778
2024/2/4 6:00,176,-71,2,0.333055556
2024/2/4 7:00,175.75,-71.5,3,0.501388889
2024/2/4 7:00,175.75,-71.25,3,0.498055556
2024/2/4 8:00,175.5,-71.75,3,0.500277778
2024/2/4 8:00,175.75,-71.5,3,0.498611111
2024/2/4 9:00,175.5,-72,2,0.333888889
2024/2/4 9:00,175.5,-71.75,4,0.666111111
2024/2/4 10:00,175.25,-72.25,1,0.166944444
2024/2/4 10:00,175.25,-72,1,0.166666667
2024/2/4 10:00,175.5,-72,4,0.666111111
2024/2/4 11:00,175.25,-72.5,1,0.167777778
2024/2/4 11:00,175.25,-72.25,5,0.8325
2024/2/4 12:00,175,-72.75,1,0.166944444
2024/2/4 12:00,175,-72.5,2,0.333055556
2024/2/4 12:00,175.25,-72.5,3,0.500277778
2024/2/4 13:00,175,-72.75,6,0.999444444
2024/2/4 14:00,174.75,-73,4,0.668055556
2024/2/4 14:00,175,-73,2,0.333611111
2024/2/4 15:00,174.75,-73.25,6,0.999444444
2024/2/4 16:00,174.5,-73.5,5,0.834166667
2024/2/4 16:00,174.75,-73.5,1,0.165277778
2024/2/4 17:00,174.25,-73.75,2,0.334166667
2024/2/4 17:00,174.5,-73.75,4,0.666388889
2024/2/4 18:00,174,-74,2,0.335277778
2024/2/4 18:00,174.25,-74,3,0.500833333
2024/2/4 18:00,174.25,-73.75,1,0.165
2024/2/4 19:00,173.5,-74.25,1,0.168333333
2024/2/4 19:00,173.75,-74.25,3,0.500555556
2024/2/4 19:00,174,-74.25,1,0.165833333
2024/2/4 19:00,174,-74,1,0.164722222
2024/2/4 20:00,172.75,-74.25,1,0.168611111
2024/2/4 20:00,173,-74.25,2,0.333055556
2024/2/4 20:00,173.25,-74.25,2,0.334444444
2024/2/4 20:00,173.5,-74.25,1,0.164166667
2024/2/4 21:00,172,-74.5,1,0.167222222
2024/2/4 21:00,172.25,-74.5,2,0.333333333
2024/2/4 21:00,172.5,-74.5,2,0.333333333
2024/2/4 21:00,172.75,-74.5,1,0.164166667
2024/2/4 22:00,171.25,-74.75,1,0.166944444
2024/2/4 22:00,171.5,-74.5,2,0.333333333
2024/2/4 22:00,171.75,-74.5,2,0.333055556
2024/2/4 22:00,172,-74.5,1,0.166944444
2024/2/4 23:00,170.5,-74.75,1,0.168333333
2024/2/4 23:00,170.75,-74.75,2,0.332222222
2024/2/4 23:00,171,-74.75,2,0.333888889
2024/2/4 23:00,171.25,-74.75,1,0.166111111
2024/2/5 0:00,169.75,-74.75,1,0.168055556
2024/2/5 0:00,170,-74.75,2,0.333611111
2024/2/5 0:00,170.25,-74.75,2,0.332222222
2024/2/5 0:00,170.5,-74.75,1,0.166388889
2024/2/5 1:00,169,-75,2,0.333888889
2024/2/5 1:00,169.25,-75,1,0.165277778
2024/2/5 1:00,169.5,-75,2,0.334166667
2024/2/5 1:00,169.75,-75,1,0.165555556
2024/2/5 2:00,168,-75,1,0.168055556
2024/2/5 2:00,168.25,-75,2,0.333055556
2024/2/5 2:00,168.5,-75,1,0.166944444
2024/2/5 2:00,168.75,-75,2,0.333888889
2024/2/5 3:00,167.25,-75,1,0.166666667
2024/2/5 3:00,167.5,-75,3,0.500833333
2024/2/5 3:00,167.75,-75,1,0.165555556
2024/2/5 3:00,168,-75,1,0.165
2024/2/5 4:00,166.75,-75,1,0.1675
2024/2/5 4:00,167,-75,3,0.501111111
2024/2/5 4:00,167.25,-75,2,0.333055556
2024/2/5 5:00,166.25,-75,2,0.334722222
2024/2/5 5:00,166.5,-75,2,0.3325
2024/2/5 5:00,166.75,-75,2,0.331944444
2024/2/5 6:00,165.75,-75,2,0.336944444
2024/2/5 6:00,166,-75,3,0.499722222
2024/2/5 6:00,166.25,-75,1,0.165277778
2024/2/5 7:00,165.5,-75,5,0.833055556
2024/2/5 7:00,165.75,-75,1,0.164444444
2024/2/5 8:00,165.25,-75,5,0.833333333
2024/2/5 8:00,165.5,-75,1,0.166666667
2024/2/5 9:00,165.25,-75,6,1.000555556
2024/2/5 10:00,165.5,-75,6,0.999444444
2024/2/5 11:00,165,-75,2,0.333611111
2024/2/5 11:00,165,-74.75,1,0.1675
2024/2/5 11:00,165.25,-75,3,0.499444444
2024/2/5 12:00,164.5,-74.75,3,0.501388889
2024/2/5 12:00,164.75,-74.75,2,0.332777778
2024/2/5 12:00,165,-74.75,1,0.166111111
2024/2/5 13:00,164.25,-74.75,6,0.999166667
2024/2/5 14:00,164.25,-74.75,6,1
2024/2/5 15:00,164,-75,4,0.667777778
2024/2/5 15:00,164,-74.75,1,0.167222222
2024/2/5 15:00,164.25,-74.75,1,0.166388889
2024/2/5 16:00,164,-75,6,0.998333333
2024/2/5 17:00,164,-75,6,1
2024/2/5 18:00,163.75,-75,5,0.834166667
2024/2/5 18:00,164,-75,1,0.166388889
2024/2/5 19:00,163.75,-75,6,0.999166667
2024/2/5 20:00,163.75,-75,4,0.666111111
2024/2/5 20:00,164,-75,2,0.334444444
2024/2/5 21:00,164,-75,6,1.000833333
2024/2/5 22:00,164,-75,4,0.664722222
2024/2/5 22:00,164.25,-75,2,0.335833333
2024/2/5 23:00,164,-75,5,0.833611111
2024/2/5 23:00,164.25,-75,1,0.165833333
2024/2/6 0:00,164,-75,6,1.000555556
2024/2/6 1:00,164,-75,6,1.000277778
2024/2/6 2:00,164,-75,6,1
2024/2/6 3:00,164,-75,6,0.999722222
2024/2/6 4:00,164,-75,6,1.001111111
2024/2/6 5:00,164,-75,6,0.998333333
2024/2/6 6:00,164,-75,6,0.999166667
2024/2/6 7:00,163.75,-75,1,0.168055556
2024/2/6 7:00,164,-75,5,0.832222222
2024/2/6 8:00,163.75,-75,5,0.833888889
2024/2/6 8:00,164,-75,1,0.1675
2024/2/6 9:00,164,-75,6,0.999166667
2024/2/6 10:00,164,-75,6,0.998611111
2024/2/6 11:00,164,-75,6,1.001111111
2024/2/6 12:00,164,-75,6,1
2024/2/6 13:00,164,-75,6,1.001111111
2024/2/6 14:00,164,-75,6,1
2024/2/6 15:00,163.75,-75,1,0.166944444
2024/2/6 15:00,164,-75,5,0.831944444
2024/2/6 16:00,163.75,-75,2,0.331666667
2024/2/6 16:00,164,-75,4,0.6675
2024/2/6 17:00,164.25,-75,6,1
2024/2/6 18:00,164.25,-75,6,1.001666667
2024/2/6 19:00,164,-75,3,0.501666667
2024/2/6 19:00,164.25,-75,3,0.498055556
2024/2/6 20:00,164,-75,6,0.999166667
2024/2/6 21:00,164,-75,2,0.333333333
2024/2/6 21:00,164.25,-75,4,0.666944444
2024/2/6 22:00,164.25,-75,6,0.999444444
2024/2/6 23:00,164.25,-75,6,1.001944444
2024/2/7 0:00,164,-75,6,0.999166667
2024/2/7 1:00,164,-75,5,0.831111111
2024/2/7 1:00,164.25,-75,1,0.167777778
2024/2/7 2:00,164.25,-75,6,1.000833333
2024/2/7 3:00,164.25,-75,6,0.999166667
2024/2/7 4:00,164,-75,5,0.833888889
2024/2/7 4:00,164.25,-75,1,0.167222222
2024/2/7 5:00,164,-75,6,0.999166667
2024/2/7 6:00,164,-75,1,0.165277778
2024/2/7 6:00,164.25,-75,5,0.835277778
2024/2/7 7:00,164.25,-75,6,1
2024/2/7 8:00,164,-75,3,0.501944444
2024/2/7 8:00,164.25,-75,3,0.498055556
2024/2/7 9:00,164,-75,6,0.999722222
2024/2/7 10:00,164,-75,6,0.998333333
2024/2/7 11:00,164.25,-75,6,1.001944444
2024/2/7 12:00,164.25,-75,6,0.998888889
2024/2/7 13:00,164,-75,5,0.834722222
2024/2/7 13:00,164.25,-75,1,0.165833333
2024/2/7 14:00,164,-75,6,0.998611111
2024/2/7 15:00,164,-75,6,1.001944444
2024/2/7 16:00,164,-75,6,0.999722222
2024/2/7 17:00,163.75,-75,3,0.500277778
2024/2/7 17:00,164,-75,3,0.499444444
2024/2/7 18:00,163.75,-75,4,0.666388889
2024/2/7 18:00,164,-75,2,0.333888889
2024/2/7 19:00,164,-75,2,0.3325
2024/2/7 19:00,164.25,-75,1,0.166666667
2024/2/7 19:00,164.5,-75,2,0.332777778
2024/2/7 19:00,164.75,-75,1,0.167222222
2024/2/7 20:00,164.75,-75,1,0.166666667
2024/2/7 20:00,165,-75,2,0.333055556
2024/2/7 20:00,165.25,-75,2,0.333055556
2024/2/7 20:00,165.5,-75.25,1,0.168333333
2024/2/7 21:00,165.5,-75.25,1,0.165
2024/2/7 21:00,165.75,-75.25,2,0.334444444
2024/2/7 21:00,166,-75.25,3,0.500277778
2024/2/7 22:00,166.25,-75.25,2,0.331666667
2024/2/7 22:00,166.5,-75.5,2,0.332777778
2024/2/7 22:00,166.5,-75.25,2,0.334722222
2024/2/7 23:00,166.5,-75.5,6,1.001111111
2024/2/8 0:00,166.25,-75.75,1,0.166944444
2024/2/8 0:00,166.5,-75.75,4,0.667222222
2024/2/8 0:00,166.5,-75.5,1,0.165833333
2024/2/8 1:00,166.25,-75.75,1,0.166111111
2024/2/8 1:00,166.5,-76,4,0.666111111
2024/2/8 1:00,166.75,-76,1,0.168333333
2024/2/8 2:00,166.5,-76.25,1,0.167222222
2024/2/8 2:00,166.75,-76.25,3,0.499444444
2024/2/8 2:00,166.75,-76,2,0.331944444
2024/2/8 3:00,166.25,-76.5,1,0.168611111
2024/2/8 3:00,166.5,-76.5,2,0.334444444
2024/2/8 3:00,166.5,-76.25,3,0.499166667
2024/2/8 4:00,166,-76.75,1,0.168611111
2024/2/8 4:00,166.25,-76.75,2,0.332777778
2024/2/8 4:00,166.25,-76.5,3,0.497222222
2024/2/8 5:00,165.75,-77,2,0.336666667
2024/2/8 5:00,166,-76.75,4,0.665277778
2024/2/8 6:00,165.75,-77.25,2,0.333888889
2024/2/8 6:00,165.75,-77,4,0.663611111
2024/2/8 7:00,165.5,-77.25,4,0.665555556
2024/2/8 7:00,165.75,-77.5,1,0.167222222
2024/2/8 7:00,165.75,-77.25,1,0.1675
2024/2/8 8:00,165.75,-77.5,5,0.831944444
2024/2/8 8:00,166,-77.5,1,0.166944444
2024/2/8 9:00,166,-77.75,2,0.333611111
2024/2/8 9:00,166.25,-77.75,4,0.666388889
2024/2/8 10:00,166.25,-77.75,6,1.000277778
2024/2/8 11:00,166.25,-77.75,6,1
2024/2/8 12:00,166.25,-77.75,5,0.833611111
2024/2/8 12:00,166.5,-77.75,1,0.167222222
2024/2/8 13:00,166.25,-77.75,6,0.999166667
2024/2/8 14:00,166.25,-77.75,6,1.001388889
2024/2/8 15:00,165.75,-77.5,1,0.167777778
2024/2/8 15:00,166,-77.75,2,0.334166667
2024/2/8 15:00,166,-77.5,2,0.333055556
2024/2/8 15:00,166.25,-77.75,1,0.164444444
2024/2/8 16:00,165.5,-77.5,2,0.333333333
2024/2/8 16:00,165.5,-77.25,1,0.168333333
2024/2/8 16:00,165.75,-77.5,3,0.499166667
2024/2/8 17:00,165.5,-77.25,6,1
2024/2/8 18:00,165.75,-77.25,1,0.165277778
2024/2/8 18:00,165.75,-77,5,0.835277778
2024/2/8 19:00,165.75,-77,2,0.331388889
2024/2/8 19:00,166,-76.75,4,0.666944444
2024/2/8 20:00,166,-76.75,1,0.165833333
2024/2/8 20:00,166.25,-76.75,3,0.500555556
2024/2/8 20:00,166.25,-76.5,2,0.334444444
2024/2/8 21:00,166.25,-76.5,2,0.331666667
2024/2/8 21:00,166.5,-76.5,3,0.500555556
2024/2/8 21:00,166.5,-76.25,1,0.168333333
2024/2/8 22:00,166.5,-76.25,3,0.497777778
2024/2/8 22:00,166.75,-76.25,3,0.500555556
2024/2/8 23:00,166.75,-76.25,1,0.167222222
2024/2/8 23:00,166.75,-76,5,0.8325
2024/2/9 0:00,166.5,-75.75,1,0.168055556
2024/2/9 0:00,166.75,-76,2,0.334166667
2024/2/9 0:00,166.75,-75.75,3,0.498888889
2024/2/9 1:00,166.5,-75.75,4,0.665277778
2024/2/9 1:00,166.5,-75.5,2,0.336388889
2024/2/9 2:00,166.5,-75.5,6,0.998333333
2024/2/9 3:00,166.5,-75.5,6,0.998611111
2024/2/9 4:00,166.5,-75.25,6,1.000277778
2024/2/9 5:00,166.25,-75.25,5,0.835833333
2024/2/9 5:00,166.5,-75.25,1,0.165833333
2024/2/9 6:00,165.5,-75,1,0.167222222
2024/2/9 6:00,165.75,-75,2,0.334722222
2024/2/9 6:00,166,-75.25,2,0.332222222
2024/2/9 6:00,166,-75,1,0.165833333
2024/2/9 7:00,165,-75,2,0.335833333
2024/2/9 7:00,165.25,-75,3,0.499166667
2024/2/9 7:00,165.5,-75,1,0.165277778
2024/2/9 8:00,164.75,-75,6,0.999166667
2024/2/9 9:00,164.75,-75,6,0.998888889
2024/2/9 10:00,164.5,-75,6,0.999722222
2024/2/9 11:00,164.5,-75,6,1.001111111
2024/2/9 12:00,164.5,-75,6,0.998888889
2024/2/9 13:00,164.5,-75,6,0.999722222
2024/2/9 14:00,164.25,-75,6,1.001388889
2024/2/9 15:00,164.25,-75,6,0.999722222
2024/2/9 16:00,164.25,-75,6,0.999444444
2024/2/9 17:00,164,-75,4,0.668888889
2024/2/9 17:00,164.25,-75,2,0.332777778
2024/2/9 18:00,164,-75,6,0.998611111
2024/2/9 19:00,164,-75,3,0.499444444
2024/2/9 19:00,164.25,-75,3,0.5
2024/2/9 20:00,164.25,-75,3,0.5
2024/2/9 20:00,164.5,-75,3,0.500555556
2024/2/9 21:00,164.5,-75,6,1.001666667
2024/2/9 22:00,164.5,-75,6,0.998055556
2024/2/9 23:00,164.25,-75,3,0.501666667
2024/2/9 23:00,164.5,-75,3,0.499444444
2024/2/10 0:00,164.25,-75,6,1.000833333
2024/2/10 1:00,164,-75,1,0.165833333
2024/2/10 1:00,164.25,-75,5,0.833055556
2024/2/10 2:00,164.25,-75,3,0.498333333
2024/2/10 2:00,164.5,-75,3,0.500833333
2024/2/10 3:00,164.5,-75,6,1.001388889
2024/2/10 4:00,164.5,-75,6,0.999444444
2024/2/10 5:00,164.5,-75,6,1
2024/2/10 6:00,164.5,-75,6,1.000555556
2024/2/10 7:00,164.5,-75,6,0.998888889
2024/2/10 8:00,164.25,-75,5,0.834444444
2024/2/10 8:00,164.5,-75,1,0.165833333
2024/2/10 9:00,164,-75,6,0.998888889
2024/2/10 10:00,164,-75,6,1.0025
2024/2/10 11:00,163.75,-75,5,0.835
2024/2/10 11:00,164,-75,1,0.163888889
2024/2/10 12:00,163.75,-75,6,0.999166667
2024/2/10 13:00,163.75,-75,6,1.000833333
2024/2/10 14:00,163.75,-75,6,0.999444444
2024/2/10 15:00,163.75,-75,6,1.001111111
2024/2/10 16:00,163.75,-75,6,0.999722222
2024/2/10 17:00,163.75,-75,6,1
2024/2/10 18:00,163.75,-75,6,1.000555556
2024/2/10 19:00,163.75,-75,6,0.999444444
2024/2/10 20:00,163.75,-75,6,0.999722222
2024/2/10 21:00,163.75,-75,6,1
2024/2/10 22:00,163.75,-75,6,0.999444444
2024/2/10 23:00,163.75,-75,6,1.000833333
2024/2/11 0:00,163.75,-75,6,1
2024/2/11 1:00,163.75,-75,6,1
2024/2/11 2:00,163.75,-75,6,1.000555556
2024/2/11 3:00,163.75,-75,6,1.000833333
2024/2/11 4:00,163.75,-75,6,0.998055556
2024/2/11 5:00,163.75,-75,6,1.000277778
2024/2/11 6:00,163.75,-75,6,1.000555556
2024/2/11 7:00,163.75,-75,6,0.999722222
2024/2/11 8:00,163.75,-75,6,0.998888889
2024/2/11 9:00,163.75,-75,6,1.001111111
2024/2/11 10:00,163.75,-75,6,0.999444444
2024/2/11 11:00,163.75,-75,6,0.999722222
2024/2/11 12:00,163.75,-75,1,0.165555556
2024/2/11 12:00,164,-75,5,0.833611111
2024/2/11 13:00,164,-75,6,1.000833333
2024/2/11 14:00,164,-75,1,0.166388889
2024/2/11 14:00,164.25,-75,5,0.833055556
2024/2/11 15:00,164.25,-75,6,0.999722222
2024/2/11 16:00,164.25,-75,6,1.001666667
2024/2/11 17:00,164.25,-75,6,0.999722222
2024/2/11 18:00,164.25,-75,6,1.000833333
2024/2/11 19:00,164.25,-75,6,0.999722222
2024/2/11 20:00,164.25,-75,6,0.998888889
2024/2/11 21:00,164.25,-75,6,1
2024/2/11 22:00,164.25,-75,6,1.000555556
2024/2/11 23:00,164.25,-75,6,0.999722222
2024/2/12 0:00,164.25,-75,6,1.001111111
2024/2/12 1:00,164.25,-75,6,0.998611111
2024/2/12 2:00,164.25,-75,6,1
2024/2/12 3:00,164.25,-75,6,1.000277778
2024/2/12 4:00,164.25,-75,6,1.000833333
2024/2/12 5:00,164.25,-75,6,1.000833333
2024/2/12 6:00,164.25,-75,6,0.998888889
2024/2/12 7:00,163.75,-75,2,0.335833333
2024/2/12 7:00,164,-75,3,0.499722222
2024/2/12 7:00,164.25,-75,1,0.165
2024/2/12 8:00,163.75,-75,3,0.498333333
2024/2/12 8:00,164,-75,2,0.332777778
2024/2/12 8:00,164.25,-75,1,0.167222222
2024/2/12 9:00,164.25,-75,1,0.166111111
2024/2/12 9:00,164.5,-75,2,0.333888889
2024/2/12 9:00,164.75,-75,2,0.333055556
2024/2/12 9:00,165,-75,1,0.168055556
2024/2/12 10:00,165,-75,1,0.165277778
2024/2/12 10:00,165.25,-75,3,0.499444444
2024/2/12 10:00,165.5,-75,2,0.334444444
2024/2/12 11:00,165.5,-75,6,1.000277778
2024/2/12 12:00,165.5,-75,6,1
2024/2/12 13:00,165.5,-75,1,0.165833333
2024/2/12 13:00,165.75,-75,2,0.332777778
2024/2/12 13:00,166,-75,3,0.500833333
2024/2/12 14:00,166.25,-75,2,0.333333333
2024/2/12 14:00,166.5,-75,1,0.165833333
2024/2/12 14:00,166.5,-74.75,1,0.167222222
2024/2/12 14:00,166.75,-74.75,2,0.335555556
2024/2/12 15:00,166.75,-74.75,2,0.331944444
2024/2/12 15:00,167,-74.75,3,0.499722222
2024/2/12 15:00,167.25,-74.75,1,0.167222222
2024/2/12 16:00,167.25,-74.75,1,0.166111111
2024/2/12 16:00,167.5,-74.75,2,0.332777778
2024/2/12 16:00,167.75,-74.75,2,0.333888889
2024/2/12 16:00,168,-74.75,1,0.167777778
2024/2/12 17:00,168,-74.75,1,0.165833333
2024/2/12 17:00,168.25,-74.75,3,0.5
2024/2/12 17:00,168.5,-74.5,2,0.333611111
2024/2/12 18:00,168.75,-74.5,2,0.332222222
2024/2/12 18:00,169,-74.5,3,0.499444444
2024/2/12 18:00,169.25,-74.5,1,0.167777778
2024/2/12 19:00,169.25,-74.5,1,0.166388889
2024/2/12 19:00,169.5,-74.5,3,0.500277778
2024/2/12 19:00,169.75,-74.5,2,0.333333333
2024/2/12 20:00,170,-74.5,2,0.332222222
2024/2/12 20:00,170.25,-74.5,2,0.334166667
2024/2/12 20:00,170.25,-74.25,1,0.166666667
2024/2/12 20:00,170.5,-74.25,1,0.1675
2024/2/12 21:00,170.5,-74.25,3,0.498888889
2024/2/12 21:00,170.75,-74.25,3,0.503055556
2024/2/12 22:00,170.75,-74.25,1,0.163055556
2024/2/12 22:00,171,-74,5,0.835277778
2024/2/12 23:00,171.25,-74,3,0.498333333
2024/2/12 23:00,171.25,-73.75,1,0.167222222
2024/2/12 23:00,171.5,-73.75,2,0.334444444
2024/2/13 0:00,171.5,-73.75,2,0.332222222
2024/2/13 0:00,171.75,-73.75,4,0.668611111
2024/2/13 1:00,171.75,-73.5,1,0.164166667
2024/2/13 1:00,172,-73.5,5,0.834444444
2024/2/13 2:00,172.25,-73.5,3,0.499166667
2024/2/13 2:00,172.25,-73.25,1,0.1675
2024/2/13 2:00,172.5,-73.25,2,0.333611111
2024/2/13 3:00,172.5,-73.25,3,0.498611111
2024/2/13 3:00,172.75,-73.25,3,0.501666667
2024/2/13 4:00,172.75,-73,2,0.331944444
2024/2/13 4:00,173,-73,4,0.667777778
2024/2/13 5:00,173,-73,2,0.3325
2024/2/13 5:00,173,-72.75,4,0.668333333
2024/2/13 6:00,173,-72.75,3,0.497777778
2024/2/13 6:00,173,-72.5,3,0.501111111
2024/2/13 7:00,173,-72.5,4,0.665277778
2024/2/13 7:00,173,-72.25,2,0.335833333
2024/2/13 8:00,173,-72.25,4,0.664444444
2024/2/13 8:00,173,-72,2,0.334722222
2024/2/13 9:00,173,-72,5,0.832222222
2024/2/13 9:00,173,-71.75,1,0.167222222
2024/2/13 10:00,173,-71.75,5,0.832777778
2024/2/13 10:00,173,-71.5,1,0.166944444
2024/2/13 11:00,173,-71.5,5,0.833611111
2024/2/13 11:00,173,-71.25,1,0.167222222
2024/2/13 12:00,173,-71.25,6,0.999166667
2024/2/13 13:00,172.75,-71,3,0.501388889
2024/2/13 13:00,173,-71,3,0.499444444
2024/2/13 14:00,172.25,-70.75,2,0.332777778
2024/2/13 14:00,172.5,-70.75,3,0.5
2024/2/13 14:00,172.75,-71,1,0.166111111
2024/2/13 15:00,171.75,-70.75,2,0.332222222
2024/2/13 15:00,171.75,-70.5,1,0.167777778
2024/2/13 15:00,172,-70.75,3,0.500555556
2024/2/13 16:00,171,-70.5,1,0.167777778
2024/2/13 16:00,171.25,-70.5,2,0.333055556
2024/2/13 16:00,171.5,-70.5,3,0.5
2024/2/13 17:00,170.5,-70.25,1,0.167222222
2024/2/13 17:00,170.75,-70.5,1,0.166666667
2024/2/13 17:00,170.75,-70.25,2,0.333611111
2024/2/13 17:00,171,-70.5,2,0.331944444
2024/2/13 18:00,170,-70.25,1,0.166944444
2024/2/13 18:00,170.25,-70.25,3,0.499722222
2024/2/13 18:00,170.5,-70.25,2,0.333611111
2024/2/13 19:00,169.5,-70,1,0.168333333
2024/2/13 19:00,169.75,-70,3,0.499444444
2024/2/13 19:00,170,-70.25,1,0.165833333
2024/2/13 19:00,170,-70,1,0.166666667
2024/2/13 20:00,169,-70,1,0.167777778
2024/2/13 20:00,169.25,-70,3,0.499722222
2024/2/13 20:00,169.5,-70,2,0.331944444
2024/2/13 21:00,168.5,-69.75,1,0.167777778
2024/2/13 21:00,168.75,-69.75,3,0.500833333
2024/2/13 21:00,169,-69.75,2,0.331944444
2024/2/13 22:00,168,-69.5,1,0.1675
2024/2/13 22:00,168.25,-69.75,2,0.332222222
2024/2/13 22:00,168.25,-69.5,1,0.167777778
2024/2/13 22:00,168.5,-69.75,2,0.333055556
2024/2/13 23:00,167.5,-69.5,1,0.167222222
2024/2/13 23:00,167.75,-69.5,3,0.500277778
2024/2/13 23:00,168,-69.5,2,0.330833333
2024/2/14 0:00,167,-69.25,1,0.168888889
2024/2/14 0:00,167.25,-69.25,3,0.499444444
2024/2/14 0:00,167.5,-69.5,2,0.333333333
2024/2/14 1:00,166.5,-69.25,1,0.167222222
2024/2/14 1:00,166.75,-69.25,3,0.500555556
2024/2/14 1:00,167,-69.25,2,0.330833333
2024/2/14 2:00,166,-69,1,0.168055556
2024/2/14 2:00,166.25,-69,3,0.499444444
2024/2/14 2:00,166.5,-69,2,0.333055556
2024/2/14 3:00,165.5,-68.75,1,0.167777778
2024/2/14 3:00,165.75,-69,1,0.166388889
2024/2/14 3:00,165.75,-68.75,2,0.331944444
2024/2/14 3:00,166,-69,2,0.333333333
2024/2/14 4:00,165,-68.75,1,0.168333333
2024/2/14 4:00,165.25,-68.75,3,0.498611111
2024/2/14 4:00,165.5,-68.75,2,0.333888889
2024/2/14 5:00,164.5,-68.5,1,0.168055556
2024/2/14 5:00,164.75,-68.5,3,0.5
2024/2/14 5:00,165,-68.75,1,0.166388889
2024/2/14 5:00,165,-68.5,1,0.165555556
2024/2/14 6:00,164,-68.25,1,0.168333333
2024/2/14 6:00,164.25,-68.5,3,0.500833333
2024/2/14 6:00,164.5,-68.5,2,0.331388889
2024/2/14 7:00,163.5,-68.25,1,0.166944444
2024/2/14 7:00,163.75,-68.25,3,0.499444444
2024/2/14 7:00,164,-68.25,2,0.331388889
2024/2/14 8:00,163.25,-68,3,0.5
2024/2/14 8:00,163.5,-68.25,3,0.500277778
2024/2/14 9:00,162.75,-68,1,0.166944444
2024/2/14 9:00,163,-68,4,0.666666667
2024/2/14 9:00,163.25,-68,1,0.166388889
2024/2/14 10:00,162.75,-68.25,3,0.500833333
2024/2/14 10:00,162.75,-68,3,0.500277778
2024/2/14 11:00,162.5,-68.25,5,0.833055556
2024/2/14 11:00,162.75,-68.25,1,0.166111111
2024/2/14 12:00,162.25,-68.25,2,0.333055556
2024/2/14 12:00,162.5,-68.25,4,0.666388889
2024/2/14 13:00,162.25,-68.25,6,1.001111111
2024/2/14 14:00,162.25,-68.25,6,1
2024/2/14 15:00,162.25,-68.25,6,0.999722222
2024/2/14 16:00,162.25,-68.25,6,1.000833333
2024/2/14 17:00,162.25,-68.25,6,0.999166667
2024/2/14 18:00,162.25,-68.25,6,1.000555556
2024/2/14 19:00,162,-68.25,2,0.335
2024/2/14 19:00,162.25,-68.25,4,0.665555556
2024/2/14 20:00,162,-68.25,6,0.999444444
2024/2/14 21:00,162,-68.25,6,1.000833333
2024/2/14 22:00,162,-68.25,6,0.999444444
2024/2/14 23:00,162,-68.25,6,0.999166667
2024/2/15 0:00,162,-68.25,6,0.999444444
2024/2/15 1:00,161.75,-68.25,6,1.001944444
2024/2/15 2:00,161.75,-68.25,6,0.999722222
2024/2/15 3:00,161.75,-68.25,6,1.000555556
2024/2/15 4:00,161.75,-68.25,6,1
2024/2/15 5:00,161.5,-68.25,1,0.166944444
2024/2/15 5:00,161.75,-68.25,5,0.8325
2024/2/15 6:00,161.5,-68.25,6,0.999166667
2024/2/15 7:00,161.5,-68.25,6,1
2024/2/15 8:00,161.5,-68.25,6,1.000277778
2024/2/15 9:00,161.5,-68.25,6,0.999444444
2024/2/15 10:00,161.5,-68.25,6,1.000277778
2024/2/15 11:00,161.25,-68.25,6,0.999722222
2024/2/15 12:00,161.25,-68.25,6,1.000833333
2024/2/15 13:00,161.25,-68.25,6,1
2024/2/15 14:00,161,-68.25,2,0.332777778
2024/2/15 14:00,161,-68,4,0.666388889
2024/2/15 15:00,161,-68,6,0.999166667
2024/2/15 16:00,160.75,-68,3,0.501388889
2024/2/15 16:00,161,-68,3,0.500277778
2024/2/15 17:00,160.5,-68,4,0.666944444
2024/2/15 17:00,160.75,-68,2,0.331944444
2024/2/15 18:00,160.25,-67.75,2,0.334722222
2024/2/15 18:00,160.5,-68,1,0.166111111
2024/2/15 18:00,160.5,-67.75,3,0.500555556
2024/2/15 19:00,160.25,-67.75,6,0.999722222
2024/2/15 20:00,160,-67.75,4,0.666666667
2024/2/15 20:00,160.25,-67.75,2,0.331666667
2024/2/15 21:00,159.75,-67.5,5,0.835
2024/2/15 21:00,160,-67.5,1,0.166388889
2024/2/15 22:00,159.75,-67.5,6,1.000555556
2024/2/15 23:00,159.5,-67.25,6,0.998611111
2024/2/16 0:00,159.25,-67.25,1,0.166388889
2024/2/16 0:00,159.25,-67,1,0.167222222
2024/2/16 0:00,159.5,-67.25,4,0.667222222
2024/2/16 1:00,159,-67,3,0.502222222
2024/2/16 1:00,159.25,-67,3,0.498333333
2024/2/16 2:00,158.75,-66.75,4,0.668055556
2024/2/16 2:00,159,-66.75,2,0.331111111
2024/2/16 3:00,158.25,-66.5,1,0.168888889
2024/2/16 3:00,158.5,-66.75,2,0.332777778
2024/2/16 3:00,158.5,-66.5,3,0.499444444
2024/2/16 4:00,158,-66.25,2,0.334166667
2024/2/16 4:00,158.25,-66.5,3,0.498055556
2024/2/16 4:00,158.25,-66.25,1,0.167777778
2024/2/16 5:00,157.75,-66.25,2,0.333055556
2024/2/16 5:00,157.75,-66,1,0.167222222
2024/2/16 5:00,158,-66.25,3,0.498888889
2024/2/16 6:00,157.5,-66,4,0.666944444
2024/2/16 6:00,157.75,-66,2,0.331666667
2024/2/16 7:00,157.5,-66,1,0.166388889
2024/2/16 7:00,157.5,-65.75,5,0.835833333
2024/2/16 8:00,157.5,-65.75,2,0.331111111
2024/2/16 8:00,157.5,-65.5,4,0.666944444
2024/2/16 9:00,157.5,-65.5,3,0.499444444
2024/2/16 9:00,157.5,-65.25,3,0.502777778
2024/2/16 10:00,157.5,-65.25,5,0.831111111
2024/2/16 10:00,157.5,-65,1,0.1675
2024/2/16 11:00,157.5,-65,5,0.832222222
2024/2/16 11:00,157.5,-64.75,1,0.167777778
2024/2/16 12:00,157.5,-64.75,6,1.000833333
2024/2/16 13:00,157.5,-64.5,6,0.999722222
2024/2/16 14:00,157.5,-64.25,6,0.999722222
2024/2/16 15:00,157.75,-64.25,1,0.165833333
2024/2/16 15:00,157.75,-64,5,0.833611111
2024/2/16 16:00,157.75,-64,2,0.3325
2024/2/16 16:00,157.75,-63.75,4,0.666944444
2024/2/16 17:00,157.75,-63.75,2,0.333888889
2024/2/16 17:00,157.75,-63.5,4,0.6675
2024/2/16 18:00,157.75,-63.5,3,0.498055556
2024/2/16 18:00,157.75,-63.25,3,0.501666667
2024/2/16 19:00,157.75,-63.25,3,0.499722222
2024/2/16 19:00,157.75,-63,3,0.500555556
2024/2/16 20:00,157.75,-63,4,0.665277778
2024/2/16 20:00,157.75,-62.75,2,0.334722222
2024/2/16 21:00,157.75,-62.75,5,0.832777778
2024/2/16 21:00,157.75,-62.5,1,0.168055556
2024/2/16 22:00,157.75,-62.5,5,0.831944444
2024/2/16 22:00,157.75,-62.25,1,0.168333333
2024/2/16 23:00,157.75,-62.25,6,0.999444444
2024/2/17 0:00,157.75,-62,6,0.997777778
2024/2/17 1:00,157.75,-61.75,6,1.001111111
2024/2/17 2:00,157.75,-61.5,6,1.000555556
2024/2/17 3:00,157.75,-61.5,1,0.166666667
2024/2/17 3:00,157.75,-61.25,5,0.8325
2024/2/17 4:00,157.75,-61.25,1,0.165555556
2024/2/17 4:00,157.75,-61,5,0.834722222
2024/2/17 5:00,157.75,-61,2,0.331944444
2024/2/17 5:00,157.75,-60.75,4,0.668888889
2024/2/17 6:00,157.75,-60.75,2,0.331944444
2024/2/17 6:00,157.75,-60.5,2,0.333333333
2024/2/17 6:00,158,-60.5,2,0.334444444
2024/2/17 7:00,158,-60.5,2,0.332777778
2024/2/17 7:00,158,-60.25,4,0.666666667
2024/2/17 8:00,158,-60.25,3,0.498888889
2024/2/17 8:00,158,-60,3,0.500555556
2024/2/17 9:00,158,-60,4,0.666666667
2024/2/17 9:00,158,-59.75,2,0.333333333
2024/2/17 10:00,158,-59.75,5,0.833055556
2024/2/17 10:00,158,-59.5,1,0.167777778
2024/2/17 11:00,158,-59.5,5,0.832222222
2024/2/17 11:00,158,-59.25,1,0.166944444
2024/2/17 12:00,158,-59.25,6,1.000277778
2024/2/17 13:00,158,-59,6,1.001666667
2024/2/17 14:00,158,-59,1,0.164722222
2024/2/17 14:00,158,-58.75,5,0.833333333
2024/2/17 15:00,158,-58.75,3,0.499444444
2024/2/17 15:00,158,-58.5,3,0.501944444
2024/2/17 16:00,158,-58.5,3,0.498611111
2024/2/17 16:00,158.25,-58.5,2,0.333333333
2024/2/17 16:00,158.25,-58.25,1,0.166944444
2024/2/17 17:00,158.25,-58.25,6,0.999444444
2024/2/17 18:00,158.25,-58.25,2,0.334166667
2024/2/17 18:00,158.25,-58,4,0.668055556
2024/2/17 19:00,158.25,-58,4,0.665555556
2024/2/17 19:00,158.25,-57.75,2,0.333611111
2024/2/17 20:00,158.25,-57.75,6,0.999722222
2024/2/17 21:00,158.25,-57.5,6,1
2024/2/17 22:00,158.5,-57.5,2,0.331944444
2024/2/17 22:00,158.5,-57.25,4,0.666944444
2024/2/17 23:00,158.5,-57.25,3,0.499444444
2024/2/17 23:00,158.5,-57,3,0.501944444
2024/2/18 0:00,158.5,-57,4,0.665555556
2024/2/18 0:00,158.5,-56.75,2,0.333333333
2024/2/18 1:00,158.5,-56.75,5,0.833333333
2024/2/18 1:00,158.5,-56.5,1,0.168055556
2024/2/18 2:00,158.75,-56.5,6,0.999444444
2024/2/18 3:00,158.75,-56.25,6,0.999166667
2024/2/18 4:00,158.75,-56,6,1.0025
2024/2/18 5:00,158.75,-55.75,6,0.999166667
2024/2/18 6:00,158.75,-55.5,6,0.999166667
2024/2/18 7:00,158.75,-55.25,2,0.3325
2024/2/18 7:00,159,-55.25,4,0.667777778
2024/2/18 8:00,159,-55,6,0.998888889
2024/2/18 9:00,159,-54.75,6,1.000555556
2024/2/18 10:00,159,-54.75,4,0.665833333
2024/2/18 10:00,159,-54.5,2,0.334166667
2024/2/18 11:00,159,-54.5,6,0.999444444
2024/2/18 12:00,159,-54.5,6,0.999722222
2024/2/18 13:00,159,-54.5,6,1.000555556
2024/2/18 14:00,159,-54.5,6,1.001111111
2024/2/18 15:00,159,-54.5,6,1.000277778
2024/2/18 16:00,159,-54.5,6,0.998055556
2024/2/18 17:00,159,-54.5,6,1.001388889
2024/2/18 18:00,159,-54.5,6,1.000555556
2024/2/18 19:00,159,-54.5,6,0.999166667
2024/2/18 20:00,159,-54.5,6,0.999722222
2024/2/18 21:00,159,-54.5,6,1.001944444
2024/2/18 22:00,159,-54.5,6,0.997777778
2024/2/18 23:00,159,-54.5,6,1
2024/2/19 0:00,159,-54.5,6,1.000555556
2024/2/19 1:00,159,-54.5,6,1.001111111
2024/2/19 2:00,159,-54.5,6,0.998055556
2024/2/19 3:00,159,-54.75,5,0.836111111
2024/2/19 3:00,159,-54.5,1,0.166111111
2024/2/19 4:00,159,-54.75,6,0.9975
2024/2/19 5:00,159,-54.75,1,0.166111111
2024/2/19 5:00,159,-54.5,5,0.835555556
2024/2/19 6:00,159,-54.5,6,0.998611111
2024/2/19 7:00,159,-54.75,6,0.999722222
2024/2/19 8:00,159,-54.75,6,1
2024/2/19 9:00,159,-54.75,2,0.332777778
2024/2/19 9:00,159,-54.5,4,0.668333333
2024/2/19 10:00,159,-54.5,6,0.999722222
2024/2/19 11:00,159,-54.5,6,1.001111111
2024/2/19 12:00,159,-54.75,6,0.998611111
2024/2/19 13:00,159,-54.75,6,1.000833333
2024/2/19 14:00,159,-54.75,2,0.331944444
2024/2/19 14:00,159,-54.5,4,0.668611111
2024/2/19 15:00,159,-54.5,6,1.000555556
2024/2/19 16:00,159,-54.75,1,0.1675
2024/2/19 16:00,159,-54.5,5,0.830277778
2024/2/19 17:00,159,-54.75,6,1.001111111
2024/2/19 18:00,159,-54.75,6,0.998611111
2024/2/19 19:00,159,-54.75,3,0.500555556
2024/2/19 19:00,159,-54.5,3,0.499722222
2024/2/19 20:00,159,-54.5,6,1.001944444
2024/2/19 21:00,159,-54.75,4,0.666111111
2024/2/19 21:00,159,-54.5,2,0.332222222
2024/2/19 22:00,159,-54.75,6,1
2024/2/19 23:00,159,-54.5,6,1.001111111
2024/2/20 0:00,159,-54.5,6,1
2024/2/20 1:00,159,-54.75,6,0.998611111
2024/2/20 2:00,159,-54.75,6,1.000833333
2024/2/20 3:00,159,-54.5,6,0.999166667
2024/2/20 4:00,159,-54.5,6,0.999722222
2024/2/20 5:00,159,-54.75,3,0.501111111
2024/2/20 5:00,159,-54.5,3,0.5
2024/2/20 6:00,159,-54.75,6,1.000555556
2024/2/20 7:00,159,-54.75,5,0.831111111
2024/2/20 7:00,159,-54.5,1,0.168333333
2024/2/20 8:00,159,-54.5,6,1
2024/2/20 9:00,159,-54.5,6,1.000833333
2024/2/20 10:00,159,-54.75,4,0.667222222
2024/2/20 10:00,159,-54.5,2,0.331388889
2024/2/20 11:00,159,-54.75,6,1.000277778
2024/2/20 12:00,159,-54.75,4,0.665555556
2024/2/20 12:00,159,-54.5,2,0.334444444
2024/2/20 13:00,159,-54.5,6,1
2024/2/20 14:00,159,-54.75,3,0.500555556
2024/2/20 14:00,159,-54.5,3,0.499166667
2024/2/20 15:00,159,-54.75,6,1.001388889
2024/2/20 16:00,159,-54.75,4,0.665555556
2024/2/20 16:00,159,-54.5,2,0.332777778
2024/2/20 17:00,159,-54.5,6,1
2024/2/20 18:00,159,-54.75,1,0.167222222
2024/2/20 18:00,159,-54.5,5,0.8325
2024/2/20 19:00,159,-54.75,6,1.000277778
2024/2/20 20:00,159,-54.75,6,1.000555556
2024/2/20 21:00,159,-54.75,3,0.499166667
2024/2/20 21:00,159,-54.5,3,0.500833333
2024/2/20 22:00,159,-54.5,6,1.001666667
2024/2/20 23:00,159.25,-54.5,6,0.998611111
2024/2/21 0:00,159.5,-54.25,6,1.000277778
2024/2/21 1:00,159.5,-54.25,1,0.165
2024/2/21 1:00,159.75,-54.25,3,0.500277778
2024/2/21 1:00,159.75,-54,2,0.335555556
2024/2/21 2:00,159.75,-54,1,0.165
2024/2/21 2:00,160,-54,5,0.834444444
2024/2/21 3:00,160,-54,2,0.331111111
2024/2/21 3:00,160.25,-53.75,4,0.67
2024/2/21 4:00,160.25,-53.75,2,0.331111111
2024/2/21 4:00,160.5,-53.75,4,0.668333333
2024/2/21 5:00,160.5,-53.5,3,0.497777778
2024/2/21 5:00,160.75,-53.5,3,0.501111111
2024/2/21 6:00,160.75,-53.5,4,0.666388889
2024/2/21 6:00,161,-53.25,2,0.333333333
2024/2/21 7:00,161,-53.25,5,0.8325
2024/2/21 7:00,161.25,-53.25,1,0.168611111
2024/2/21 8:00,161.25,-53.25,2,0.331666667
2024/2/21 8:00,161.25,-53,4,0.666944444
2024/2/21 9:00,161.5,-53,6,0.999166667
2024/2/21 10:00,161.5,-52.75,1,0.166944444
2024/2/21 10:00,161.75,-52.75,5,0.834166667
2024/2/21 11:00,161.75,-52.75,2,0.332777778
2024/2/21 11:00,162,-52.75,3,0.499166667
2024/2/21 11:00,162,-52.5,1,0.167222222
2024/2/21 12:00,162,-52.5,3,0.499722222
2024/2/21 12:00,162.25,-52.5,3,0.502222222
2024/2/21 13:00,162.25,-52.5,2,0.331666667
2024/2/21 13:00,162.25,-52.25,1,0.166388889
2024/2/21 13:00,162.5,-52.25,3,0.500277778
2024/2/21 14:00,162.5,-52.25,3,0.500277778
2024/2/21 14:00,162.75,-52.25,2,0.3325
2024/2/21 14:00,162.75,-52,1,0.167777778
2024/2/21 15:00,162.75,-52,3,0.499444444
2024/2/21 15:00,163,-52,3,0.501388889
2024/2/21 16:00,163,-52,2,0.331944444
2024/2/21 16:00,163,-51.75,1,0.166666667
2024/2/21 16:00,163.25,-51.75,3,0.501388889
2024/2/21 17:00,163.25,-51.75,3,0.498888889
2024/2/21 17:00,163.5,-51.75,1,0.165555556
2024/2/21 17:00,163.5,-51.5,2,0.335555556
2024/2/21 18:00,163.5,-51.5,4,0.665555556
2024/2/21 18:00,163.75,-51.5,2,0.333611111
2024/2/21 19:00,163.75,-51.5,2,0.333055556
2024/2/21 19:00,163.75,-51.25,3,0.499444444
2024/2/21 19:00,164,-51.25,1,0.167777778
2024/2/21 20:00,164,-51.25,6,1.001111111
2024/2/21 21:00,164.25,-51,6,0.998611111
2024/2/21 22:00,164.25,-51,1,0.166666667
2024/2/21 22:00,164.5,-51,3,0.499444444
2024/2/21 22:00,164.5,-50.75,2,0.334722222
2024/2/21 23:00,164.5,-50.75,2,0.331388889
2024/2/21 23:00,164.75,-50.75,4,0.667777778
2024/2/22 0:00,164.75,-50.75,2,0.332777778
2024/2/22 0:00,164.75,-50.5,1,0.1675
2024/2/22 0:00,165,-50.5,3,0.500555556
2024/2/22 1:00,165,-50.5,4,0.664722222
2024/2/22 1:00,165.25,-50.5,2,0.335833333
2024/2/22 2:00,165.25,-50.25,5,0.831666667
2024/2/22 2:00,165.5,-50.25,1,0.167222222
2024/2/22 3:00,165.5,-50.25,3,0.499722222
2024/2/22 3:00,165.5,-50,3,0.500555556
2024/2/22 4:00,165.75,-50,6,0.999166667
2024/2/22 5:00,165.75,-50,2,0.333888889
2024/2/22 5:00,166,-49.75,4,0.668611111
2024/2/22 6:00,166,-49.75,3,0.497222222
2024/2/22 6:00,166.25,-49.75,3,0.502222222
2024/2/22 7:00,166.25,-49.5,4,0.663888889
2024/2/22 7:00,166.5,-49.5,2,0.335
2024/2/22 8:00,166.5,-49.5,4,0.665
2024/2/22 8:00,166.5,-49.25,2,0.333888889
2024/2/22 9:00,166.75,-49.25,6,1.001111111
2024/2/22 10:00,166.75,-49.25,2,0.331388889
2024/2/22 10:00,167,-49.25,1,0.166944444
2024/2/22 10:00,167,-49,3,0.501388889
2024/2/22 11:00,167,-49,4,0.665277778
2024/2/22 11:00,167.25,-49,2,0.333611111
2024/2/22 12:00,167.25,-49,1,0.166944444
2024/2/22 12:00,167.25,-48.75,5,0.834722222
2024/2/22 13:00,167.5,-48.75,6,0.998888889
2024/2/22 14:00,167.5,-48.5,2,0.3325
2024/2/22 14:00,167.75,-48.5,4,0.668888889
2024/2/22 15:00,167.75,-48.5,3,0.498888889
2024/2/22 15:00,168,-48.5,1,0.165277778
2024/2/22 15:00,168,-48.25,2,0.334166667
2024/2/22 16:00,168,-48.25,5,0.8325
2024/2/22 16:00,168.25,-48.25,1,0.167777778
2024/2/22 17:00,168.25,-48.25,3,0.499444444
2024/2/22 17:00,168.25,-48,3,0.501666667
2024/2/22 18:00,168.25,-48,1,0.164444444
2024/2/22 18:00,168.5,-48,5,0.835
2024/2/22 19:00,168.5,-48,1,0.165
2024/2/22 19:00,168.5,-47.75,2,0.333888889
2024/2/22 19:00,168.75,-47.75,3,0.501666667
2024/2/22 20:00,168.75,-47.75,5,0.832222222
2024/2/22 20:00,169,-47.75,1,0.168055556
2024/2/22 21:00,169,-47.5,6,0.999444444
2024/2/22 22:00,169,-47.5,1,0.165555556
2024/2/22 22:00,169.25,-47.5,3,0.499166667
2024/2/22 22:00,169.25,-47.25,2,0.335833333
2024/2/22 23:00,169.25,-47.25,3,0.498333333
2024/2/22 23:00,169.5,-47.25,3,0.501666667
2024/2/23 0:00,169.5,-47.25,3,0.498888889
2024/2/23 0:00,169.5,-47,3,0.498888889
2024/2/23 1:00,169.75,-47,6,1.000833333
2024/2/23 2:00,169.75,-47,2,0.332777778
2024/2/23 2:00,170,-46.75,4,0.666666667
2024/2/23 3:00,170,-46.75,4,0.666111111
2024/2/23 3:00,170.25,-46.75,2,0.336666667
2024/2/23 4:00,170.25,-46.75,1,0.164444444
2024/2/23 4:00,170.25,-46.5,5,0.833611111
2024/2/23 5:00,170.5,-46.5,5,0.832777778
2024/2/23 5:00,170.5,-46.25,1,0.167222222
2024/2/23 6:00,170.5,-46.25,3,0.499166667
2024/2/23 6:00,170.75,-46.25,3,0.501388889
2024/2/23 7:00,170.75,-46.25,3,0.499722222
2024/2/23 7:00,170.75,-46,1,0.166111111
2024/2/23 7:00,171,-46,2,0.333888889
2024/2/23 8:00,171,-46,5,0.831944444
2024/2/23 8:00,171.25,-46,1,0.167222222
2024/2/23 9:00,171.25,-45.75,6,1.000277778
2024/2/23 10:00,171.25,-45.75,1,0.166111111
2024/2/23 10:00,171.5,-45.75,1,0.166944444
2024/2/23 10:00,171.5,-45.5,4,0.667222222
2024/2/23 11:00,171.5,-45.5,2,0.332777778
2024/2/23 11:00,171.75,-45.5,3,0.500277778
2024/2/23 11:00,171.75,-45.25,1,0.1675
2024/2/23 12:00,171.75,-45.25,4,0.665
2024/2/23 12:00,172,-45.25,2,0.335833333
2024/2/23 13:00,172,-45.25,3,0.497777778
2024/2/23 13:00,172,-45,3,0.500555556
2024/2/23 14:00,172,-45,1,0.165555556
2024/2/23 14:00,172.25,-45,5,0.834722222
2024/2/23 15:00,172.25,-45,1,0.165833333
2024/2/23 15:00,172.25,-44.75,3,0.500555556
2024/2/23 15:00,172.5,-44.75,2,0.333888889
2024/2/23 16:00,172.5,-44.75,5,0.8325
2024/2/23 16:00,172.5,-44.5,1,0.166666667
2024/2/23 17:00,172.5,-44.5,2,0.333055556
2024/2/23 17:00,172.75,-44.5,4,0.668055556
2024/2/23 18:00,172.75,-44.5,3,0.498055556
2024/2/23 18:00,172.75,-44.25,2,0.333888889
2024/2/23 18:00,173,-44.25,1,0.168055556
2024/2/23 19:00,173,-44.25,6,1.001388889
2024/2/23 20:00,173,-44.25,2,0.33
2024/2/23 20:00,173.25,-44,4,0.668333333
2024/2/23 21:00,173.25,-44,5,0.833055556
2024/2/23 21:00,173.25,-43.75,1,0.168055556
2024/2/23 22:00,173.25,-43.75,6,0.998333333
2024/2/23 23:00,173,-43.5,2,0.334166667
2024/2/23 23:00,173.25,-43.75,1,0.167222222
2024/2/23 23:00,173.25,-43.5,3,0.499444444
2024/2/24 0:00,172.75,-43.5,1,0.166944444
2024/2/24 0:00,173,-43.5,5,0.833055556
2024/2/24 1:00,172.75,-43.5,6,1.000555556
2024/2/24 2:00,172.75,-43.5,6,1.000555556
2024/2/24 3:00,172.75,-43.5,6,0.998611111
2024/2/24 4:00,172.75,-43.5,6,0.998888889
2024/2/24 5:00,172.75,-43.5,6,1.001666667
2024/2/24 6:00,172.75,-43.5,6,0.999444444
2024/2/24 7:00,172.75,-43.5,6,1
2024/2/24 8:00,172.75,-43.5,6,1
2024/2/24 9:00,172.75,-43.5,6,0.999722222
2024/2/24 10:00,172.75,-43.5,6,1
2024/2/24 11:00,172.75,-43.5,6,0.999444444
2024/2/24 12:00,172.75,-43.5,6,1.001111111
2024/2/24 13:00,172.75,-43.5,6,0.999444444
2024/2/24 14:00,172.75,-43.5,6,1.000277778
2024/2/24 15:00,172.75,-43.5,6,0.998611111
2024/2/24 16:00,172.75,-43.5,6,1.001666667
2024/2/24 17:00,172.75,-43.5,6,0.998611111
2024/2/24 18:00,172.75,-43.5,6,1.000833333
2024/2/24 19:00,172.75,-43.5,6,0.999444444
2024/2/24 20:00,172.75,-43.5,6,1.000833333
2024/2/24 21:00,172.75,-43.5,6,0.999444444
2024/2/24 22:00,172.75,-43.5,6,1.001666667
2024/2/24 23:00,172.75,-43.5,6,0.997777778
2024/2/25 0:00,172.75,-43.5,6,1.000833333
2024/2/25 1:00,172.75,-43.5,6,1.000833333
2024/2/25 2:00,172.75,-43.5,6,0.998611111
2024/2/25 3:00,172.75,-43.5,6,1.000833333
2024/2/25 4:00,172.75,-43.5,6,1.001388889
2024/2/25 5:00,172.75,-43.5,6,0.998888889
2024/2/25 6:00,172.75,-43.5,6,1.000833333
2024/2/25 7:00,172.75,-43.5,6,0.9975
2024/2/25 8:00,172.75,-43.5,6,1.001666667
2024/2/25 9:00,172.75,-43.5,6,1.000277778
2024/2/25 10:00,172.75,-43.5,6,0.998888889
2024/2/25 11:00,172.75,-43.5,6,1
2024/2/25 12:00,172.75,-43.5,6,1.000277778
2024/2/25 13:00,172.75,-43.5,6,1
2024/2/25 14:00,172.75,-43.5,6,0.998611111
2024/2/25 15:00,172.75,-43.5,6,1.000833333
2024/2/25 16:00,172.75,-43.5,6,0.999722222
2024/2/25 17:00,172.75,-43.5,6,1.001111111
2024/2/25 18:00,172.75,-43.5,6,1.000277778
2024/2/25 19:00,172.75,-43.5,6,0.999722222
2024/2/25 20:00,172.75,-43.5,6,0.998611111
2024/2/25 21:00,172.75,-43.5,6,1.0025
2024/2/25 22:00,172.75,-43.5,6,0.999166667
2024/2/25 23:00,172.75,-43.5,6,0.999722222
2024/2/26 0:00,172.75,-43.5,6,1.000277778
2024/2/26 1:00,172.75,-43.5,6,1.000555556
2024/2/26 2:00,172.75,-43.5,6,0.998055556
2024/2/26 3:00,172.75,-43.5,6,1.002222222
2024/2/26 4:00,172.75,-43.5,6,0.999444444
2024/2/26 5:00,172.75,-43.5,6,1.000277778
2024/2/26 6:00,172.75,-43.5,6,0.998888889
2024/2/26 7:00,172.75,-43.5,6,1.000277778
2024/2/26 8:00,172.75,-43.5,3,0.498888889
2024/2/26 8:00,173,-43.5,3,0.500833333
2024/2/26 9:00,173,-43.5,2,0.333333333
2024/2/26 9:00,173.25,-43.75,3,0.500833333
2024/2/26 9:00,173.25,-43.5,1,0.165555556
2024/2/26 10:00,173.25,-43.75,6,1.000555556
2024/2/26 11:00,173.25,-44,5,0.834444444
2024/2/26 11:00,173.25,-43.75,1,0.165
2024/2/26 12:00,173.25,-44,6,1.000555556
2024/2/26 13:00,173.25,-44.25,6,1.000833333
2024/2/26 14:00,173.25,-44.5,1,0.168333333
2024/2/26 14:00,173.25,-44.25,5,0.831666667
2024/2/26 15:00,173,-44.5,5,0.833055556
2024/2/26 15:00,173.25,-44.5,1,0.164444444
2024/2/26 16:00,173,-44.75,1,0.168055556
2024/2/26 16:00,173,-44.5,5,0.833888889
2024/2/26 17:00,173,-44.75,6,0.999722222
2024/2/26 18:00,173,-45,2,0.335277778
2024/2/26 18:00,173,-44.75,4,0.666388889
2024/2/26 19:00,172.75,-45,1,0.1675
2024/2/26 19:00,173,-45,5,0.83
2024/2/26 20:00,172.75,-45.25,5,0.833611111
2024/2/26 20:00,172.75,-45,1,0.166388889
2024/2/26 21:00,172.75,-45.5,3,0.499722222
2024/2/26 21:00,172.75,-45.25,3,0.500277778
2024/2/26 22:00,172.75,-45.75,1,0.166666667
2024/2/26 22:00,172.75,-45.5,5,0.834166667
2024/2/26 23:00,172.5,-45.75,6,1.001388889
2024/2/27 0:00,172.5,-46,6,0.999444444
2024/2/27 1:00,172.5,-46.25,4,0.668055556
2024/2/27 1:00,172.5,-46,2,0.331666667
2024/2/27 2:00,172.25,-46.5,2,0.332777778
2024/2/27 2:00,172.25,-46.25,3,0.500277778
2024/2/27 2:00,172.5,-46.25,1,0.165277778
2024/2/27 3:00,172.25,-46.5,6,1.001111111
2024/2/27 4:00,172.25,-46.75,6,1.001666667
2024/2/27 5:00,172,-47,4,0.667222222
2024/2/27 5:00,172.25,-46.75,2,0.331111111
2024/2/27 6:00,172,-47.25,3,0.501944444
2024/2/27 6:00,172,-47,3,0.498888889
2024/2/27 7:00,172,-47.5,1,0.166666667
2024/2/27 7:00,172,-47.25,5,0.830833333
2024/2/27 8:00,171.75,-47.5,2,0.334444444
2024/2/27 8:00,172,-47.5,4,0.666666667
2024/2/27 9:00,171.75,-47.5,6,1.001388889
2024/2/27 10:00,171.75,-47.75,6,0.998888889
2024/2/27 11:00,171.75,-47.75,6,0.999444444
2024/2/27 12:00,171.75,-47.75,6,1.001388889
2024/2/27 13:00,171.75,-48,2,0.333888889
2024/2/27 13:00,171.75,-47.75,4,0.665555556
2024/2/27 14:00,171.5,-48,1,0.166666667
2024/2/27 14:00,171.75,-48,5,0.832777778
2024/2/27 15:00,171.5,-48,6,0.999444444
2024/2/27 16:00,171.5,-48,6,1.001666667
2024/2/27 17:00,171.5,-48.25,3,0.499166667
2024/2/27 17:00,171.5,-48,3,0.498888889
2024/2/27 18:00,171.5,-48.25,6,1.001944444
2024/2/27 19:00,171.5,-48.25,6,0.998333333
2024/2/27 20:00,171.5,-48.25,6,1.001944444
2024/2/27 21:00,171.25,-48.5,2,0.333055556
2024/2/27 21:00,171.5,-48.5,3,0.499722222
2024/2/27 21:00,171.5,-48.25,1,0.165555556
2024/2/27 22:00,171.25,-48.5,6,1.000833333
2024/2/27 23:00,171.25,-48.5,6,1
2024/2/28 0:00,171.25,-48.5,6,1.000277778
2024/2/28 1:00,171.25,-48.75,6,1.000277778
2024/2/28 2:00,171.25,-48.75,6,0.998888889
2024/2/28 3:00,171.25,-48.75,6,1.001111111
2024/2/28 4:00,171,-49,2,0.334166667
2024/2/28 4:00,171,-48.75,2,0.335277778
2024/2/28 4:00,171.25,-48.75,2,0.331111111
2024/2/28 5:00,171,-49,6,0.998333333
2024/2/28 6:00,171,-49,6,0.999722222
2024/2/28 7:00,171,-49,6,1.000277778
2024/2/28 8:00,171,-49.25,4,0.666666667
2024/2/28 8:00,171,-49,2,0.332777778
2024/2/28 9:00,171,-49.25,6,1.000555556
2024/2/28 10:00,171,-49.25,6,0.999166667
2024/2/28 11:00,171,-49.5,1,0.167222222
2024/2/28 11:00,171,-49.25,5,0.833611111
2024/2/28 12:00,171,-49.5,6,0.999722222
2024/2/28 13:00,171,-49.5,6,1.000833333
2024/2/28 14:00,171,-49.5,6,1.000555556
2024/2/28 15:00,171,-49.75,4,0.668333333
2024/2/28 15:00,171,-49.5,2,0.331111111
2024/2/28 16:00,171,-49.75,6,1.001111111
2024/2/28 17:00,171,-49.75,3,0.497222222
2024/2/28 17:00,171.25,-49.75,3,0.501111111
2024/2/28 18:00,171.25,-50,1,0.167222222
2024/2/28 18:00,171.25,-49.75,5,0.832222222
2024/2/28 19:00,171.25,-50,6,1.002777778
2024/2/28 20:00,171.25,-50,6,0.9975
2024/2/28 21:00,171.25,-50,6,0.999722222
2024/2/28 22:00,171.25,-50.25,4,0.668333333
2024/2/28 22:00,171.25,-50,2,0.333055556
2024/2/28 23:00,171.25,-50.25,6,1.001111111
2024/2/29 0:00,171.25,-50.25,6,0.999166667
2024/2/29 1:00,171.25,-50.5,1,0.168055556
2024/2/29 1:00,171.25,-50.25,5,0.831388889
2024/2/29 2:00,171.25,-50.5,6,1.000277778
2024/2/29 3:00,171.25,-50.5,6,1.001388889
2024/2/29 4:00,171.25,-50.5,6,0.998333333
2024/2/29 5:00,171.25,-50.75,3,0.503333333
2024/2/29 5:00,171.25,-50.5,3,0.498888889
2024/2/29 6:00,171.25,-50.75,6,0.998888889
2024/2/29 7:00,171.25,-50.75,6,0.998611111
2024/2/29 8:00,171.25,-50.75,6,0.999722222
2024/2/29 9:00,171.25,-51,6,1
2024/2/29 10:00,171.25,-51,6,0.999444444
2024/2/29 11:00,171.25,-51,6,1.000277778
2024/2/29 12:00,171.25,-51.25,3,0.500833333
2024/2/29 12:00,171.25,-51,3,0.499722222
2024/2/29 13:00,171.25,-51.25,2,0.331944444
2024/2/29 13:00,171.5,-51.25,4,0.6675
2024/2/29 14:00,171.5,-51.25,6,1.001111111
2024/2/29 15:00,171.5,-51.25,6,0.999722222
2024/2/29 16:00,171.5,-51.5,6,1.000277778
2024/2/29 17:00,171.5,-51.5,6,1
2024/2/29 18:00,171.5,-51.5,6,0.998333333
2024/2/29 19:00,171.5,-51.5,3,0.501111111
2024/2/29 19:00,171.75,-51.5,3,0.500555556
2024/2/29 20:00,171.75,-51.75,5,0.833611111
2024/2/29 20:00,171.75,-51.5,1,0.166111111
2024/2/29 21:00,171.75,-51.75,6,1.000277778
2024/2/29 22:00,171.75,-51.75,5,0.833055556
2024/2/29 22:00,172,-51.75,1,0.168333333
2024/2/29 23:00,172,-51.75,6,0.997777778
2024/3/1 0:00,172,-52,6,1
2024/3/1 1:00,172,-52,4,0.666388889
2024/3/1 1:00,172.25,-52,2,0.335
2024/3/1 2:00,172.25,-52,6,0.998611111
2024/3/1 3:00,172.25,-52.25,4,0.667777778
2024/3/1 3:00,172.25,-52,2,0.332222222
2024/3/1 4:00,172.25,-52.25,4,0.666388889
2024/3/1 4:00,172.5,-52.25,2,0.334444444
2024/3/1 5:00,172.5,-52.25,6,0.999722222
2024/3/1 6:00,172.5,-52.25,6,1
2024/3/1 7:00,172.5,-52.5,3,0.500833333
2024/3/1 7:00,172.75,-52.5,3,0.498611111
2024/3/1 8:00,172.75,-52.5,6,0.999166667
2024/3/1 9:00,172.75,-52.5,6,0.999722222
2024/3/1 10:00,172.75,-52.5,5,0.834166667
2024/3/1 10:00,173,-52.75,1,0.167222222
2024/3/1 11:00,173,-52.75,6,1.000833333
2024/3/1 12:00,173,-52.75,6,0.999166667
2024/3/1 13:00,173,-52.75,6,0.999722222
2024/3/1 14:00,173,-52.75,1,0.166388889
2024/3/1 14:00,173.25,-53,2,0.335
2024/3/1 14:00,173.25,-52.75,3,0.499722222
2024/3/1 15:00,173.25,-53,6,0.999722222
2024/3/1 16:00,173.25,-53,6,0.998611111
2024/3/1 17:00,173.25,-53,4,0.666111111
2024/3/1 17:00,173.5,-53,2,0.334166667
2024/3/1 18:00,173.5,-53.25,3,0.499444444
2024/3/1 18:00,173.5,-53,3,0.500833333
2024/3/1 19:00,173.5,-53.25,6,1.001944444
2024/3/1 20:00,173.5,-53.25,6,0.998611111
2024/3/1 21:00,173.75,-53.25,6,1.000277778
2024/3/1 22:00,173.75,-53.5,5,0.837222222
2024/3/1 22:00,173.75,-53.25,1,0.165
2024/3/1 23:00,173.75,-53.5,6,0.9975
2024/3/2 0:00,173.75,-53.5,3,0.498888889
2024/3/2 0:00,174,-53.5,3,0.500277778
2024/3/2 1:00,174,-53.75,2,0.335
2024/3/2 1:00,174,-53.5,4,0.665833333
2024/3/2 2:00,174,-53.75,6,0.999444444
2024/3/2 3:00,174,-53.75,6,1.000555556
2024/3/2 4:00,174.25,-53.75,6,1.000833333
2024/3/2 5:00,174.25,-54,6,1
2024/3/2 6:00,174.25,-54,6,0.999166667
2024/3/2 7:00,174.25,-54,6,0.999166667
2024/3/2 8:00,174.25,-54.25,5,0.833888889
2024/3/2 8:00,174.25,-54,1,0.166111111
2024/3/2 9:00,174.25,-54.25,6,1.000833333
2024/3/2 10:00,174.25,-54.5,6,1
2024/3/2 11:00,174.25,-54.75,1,0.167222222
2024/3/2 11:00,174.25,-54.5,5,0.831944444
2024/3/2 12:00,174.25,-54.75,6,1
2024/3/2 13:00,174.25,-55,2,0.333888889
2024/3/2 13:00,174.25,-54.75,4,0.666111111
2024/3/2 14:00,174.25,-55,6,1.000277778
2024/3/2 15:00,174.25,-55.25,3,0.501666667
2024/3/2 15:00,174.25,-55,3,0.499166667
2024/3/2 16:00,174.25,-55.25,6,0.999166667
2024/3/2 17:00,174.25,-55.5,4,0.666944444
2024/3/2 17:00,174.25,-55.25,2,0.332222222
2024/3/2 18:00,174.25,-55.5,6,1.001666667
2024/3/2 19:00,174.25,-55.75,6,1
2024/3/2 20:00,174.25,-56,1,0.1675
2024/3/2 20:00,174.25,-55.75,5,0.831388889
2024/3/2 21:00,174.25,-56,6,1.001111111
2024/3/2 22:00,174.25,-56.25,2,0.333888889
2024/3/2 22:00,174.25,-56,4,0.665833333
2024/3/2 23:00,174.25,-56.25,6,0.998888889
2024/3/3 0:00,174,-56.5,1,0.166944444
2024/3/3 0:00,174.25,-56.5,2,0.333333333
2024/3/3 0:00,174.25,-56.25,3,0.501111111
2024/3/3 1:00,174,-56.5,6,1.000277778
2024/3/3 2:00,174,-56.75,4,0.668055556
2024/3/3 2:00,174,-56.5,2,0.332777778
2024/3/3 3:00,174,-56.75,6,0.998055556
2024/3/3 4:00,174,-57,6,1.001388889
2024/3/3 5:00,174,-57.25,3,0.499722222
2024/3/3 5:00,174,-57,3,0.498333333
2024/3/3 6:00,173.75,-57.5,1,0.166944444
2024/3/3 6:00,173.75,-57.25,5,0.833611111
2024/3/3 7:00,173.75,-57.5,6,1.000277778
2024/3/3 8:00,173.75,-57.75,5,0.835
2024/3/3 8:00,173.75,-57.5,1,0.165555556
2024/3/3 9:00,173.75,-58,5,0.833333333
2024/3/3 9:00,173.75,-57.75,1,0.165277778
2024/3/3 10:00,173.75,-58.25,4,0.668333333
2024/3/3 10:00,173.75,-58,2,0.333611111
2024/3/3 11:00,173.75,-58.5,4,0.668333333
2024/3/3 11:00,173.75,-58.25,2,0.331111111
2024/3/3 12:00,173.75,-58.75,3,0.501666667
2024/3/3 12:00,173.75,-58.5,3,0.498055556
2024/3/3 13:00,173.5,-59,2,0.333611111
2024/3/3 13:00,173.5,-58.75,1,0.166388889
2024/3/3 13:00,173.75,-58.75,3,0.499444444
2024/3/3 14:00,173.5,-59.25,2,0.335
2024/3/3 14:00,173.5,-59,4,0.665833333
2024/3/3 15:00,173.5,-59.5,1,0.166944444
2024/3/3 15:00,173.5,-59.25,5,0.831944444
2024/3/3 16:00,173.5,-59.5,6,0.999444444
2024/3/3 17:00,173.5,-59.75,6,1.002777778
2024/3/3 18:00,173.5,-60,5,0.833055556
2024/3/3 18:00,173.5,-59.75,1,0.164444444
2024/3/3 19:00,173.5,-60.25,4,0.666944444
2024/3/3 19:00,173.5,-60,2,0.332777778
2024/3/3 20:00,173.5,-60.5,4,0.668055556
2024/3/3 20:00,173.5,-60.25,2,0.334444444
2024/3/3 21:00,173.5,-60.75,3,0.500277778
2024/3/3 21:00,173.5,-60.5,3,0.498333333
2024/3/3 22:00,173.25,-61,3,0.501388889
2024/3/3 22:00,173.25,-60.75,2,0.333333333
2024/3/3 22:00,173.5,-60.75,1,0.165833333
2024/3/3 23:00,173.25,-61.25,3,0.500833333
2024/3/3 23:00,173.25,-61,3,0.498333333
2024/3/4 0:00,173.25,-61.5,3,0.501944444
2024/3/4 0:00,173.25,-61.25,3,0.499166667
2024/3/4 1:00,173.25,-61.75,2,0.335555556
2024/3/4 1:00,173.25,-61.5,4,0.664722222
2024/3/4 2:00,173.25,-62,2,0.3325
2024/3/4 2:00,173.25,-61.75,4,0.665833333
2024/3/4 3:00,173.25,-62.25,2,0.333611111
2024/3/4 3:00,173.25,-62,4,0.667222222
2024/3/4 4:00,173.25,-62.5,1,0.167777778
2024/3/4 4:00,173.25,-62.25,5,0.832222222
2024/3/4 5:00,173.25,-62.75,1,0.168333333
2024/3/4 5:00,173.25,-62.5,5,0.833333333
2024/3/4 6:00,173.25,-63,1,0.168333333
2024/3/4 6:00,173.25,-62.75,5,0.830555556
2024/3/4 7:00,173.25,-63.25,1,0.167777778
2024/3/4 7:00,173.25,-63,5,0.831944444
2024/3/4 8:00,173.25,-63.25,6,1
2024/3/4 9:00,173.25,-63.5,6,0.999444444
2024/3/4 10:00,173.25,-63.75,6,1
2024/3/4 11:00,173.25,-64,6,1
2024/3/4 12:00,173,-64.25,2,0.333888889
2024/3/4 12:00,173.25,-64.25,4,0.665833333
2024/3/4 13:00,173,-64.5,6,0.999722222
2024/3/4 14:00,173,-64.75,6,0.999444444
2024/3/4 15:00,173,-65,6,1.001388889
2024/3/4 16:00,173,-65.25,6,1.000555556
2024/3/4 17:00,173,-65.5,6,0.999444444
2024/3/4 18:00,173,-65.75,6,1.000277778
2024/3/4 19:00,173,-66,6,1.000833333
2024/3/4 20:00,173,-66.25,6,0.997777778
2024/3/4 21:00,172.75,-66.5,6,1.001388889
2024/3/4 22:00,172.75,-66.75,6,0.998333333
2024/3/4 23:00,172.75,-67,6,1.000555556
2024/3/5 0:00,172.75,-67.25,6,1.000277778
2024/3/5 1:00,172.75,-67.5,6,1.001666667
2024/3/5 2:00,172.75,-67.75,6,0.998611111
2024/3/5 3:00,172.75,-68,6,1.001111111
2024/3/5 4:00,172.75,-68.5,1,0.168055556
2024/3/5 4:00,172.75,-68.25,5,0.830833333
2024/3/5 5:00,172.75,-68.75,1,0.168055556
2024/3/5 5:00,172.75,-68.5,5,0.832222222
2024/3/5 6:00,172.75,-69,1,0.168055556
2024/3/5 6:00,172.75,-68.75,5,0.833333333
2024/3/5 7:00,172.75,-69.25,1,0.1675
2024/3/5 7:00,172.75,-69,5,0.830277778
2024/3/5 8:00,172.75,-69.5,1,0.166944444
2024/3/5 8:00,172.75,-69.25,5,0.832777778
2024/3/5 9:00,172.5,-69.75,1,0.166944444
2024/3/5 9:00,172.5,-69.5,1,0.166111111
2024/3/5 9:00,172.75,-69.5,4,0.666666667
2024/3/5 10:00,172.5,-69.75,6,1
2024/3/5 11:00,172.5,-70,6,1.001666667
2024/3/5 12:00,172.5,-70.25,6,0.998333333
2024/3/5 13:00,172.5,-70.5,6,1.001944444
2024/3/5 14:00,172.5,-70.75,6,0.999166667
2024/3/5 15:00,172.5,-71,6,1
2024/3/5 16:00,172.5,-71.25,6,1.000833333
2024/3/5 17:00,172.25,-71.5,5,0.8325
2024/3/5 17:00,172.5,-71.5,1,0.165555556
2024/3/5 18:00,172.25,-71.75,5,0.833888889
2024/3/5 18:00,172.25,-71.5,1,0.166944444
2024/3/5 19:00,172.25,-72,5,0.835277778
2024/3/5 19:00,172.25,-71.75,1,0.165833333
2024/3/5 20:00,172.25,-72.25,5,0.834444444
2024/3/5 20:00,172.25,-72,1,0.165833333
2024/3/5 21:00,172.25,-72.5,5,0.834444444
2024/3/5 21:00,172.25,-72.25,1,0.164444444
2024/3/5 22:00,172.25,-72.75,5,0.832777778
2024/3/5 22:00,172.25,-72.5,1,0.166388889
2024/3/5 23:00,172.25,-73,5,0.834722222
2024/3/5 23:00,172.25,-72.75,1,0.166666667
2024/3/6 0:00,172.25,-73.25,5,0.833888889
2024/3/6 0:00,172.25,-73,1,0.165833333
2024/3/6 1:00,172,-73.5,1,0.1675
2024/3/6 1:00,172.25,-73.5,4,0.668333333
2024/3/6 1:00,172.25,-73.25,1,0.165
2024/3/6 2:00,171.75,-73.75,3,0.502777778
2024/3/6 2:00,172,-73.75,2,0.3325
2024/3/6 2:00,172,-73.5,1,0.165
2024/3/6 3:00,171.25,-74,2,0.333611111
2024/3/6 3:00,171.5,-74,2,0.333888889
2024/3/6 3:00,171.5,-73.75,2,0.330833333
2024/3/6 4:00,170.75,-74.25,1,0.168611111
2024/3/6 4:00,171,-74.25,2,0.3325
2024/3/6 4:00,171,-74,1,0.166666667
2024/3/6 4:00,171.25,-74,2,0.333055556
2024/3/6 5:00,170,-74.25,1,0.167222222
2024/3/6 5:00,170.25,-74.25,2,0.333333333
2024/3/6 5:00,170.5,-74.25,2,0.334166667
2024/3/6 5:00,170.75,-74.25,1,0.165
2024/3/6 6:00,169.25,-74.5,2,0.335555556
2024/3/6 6:00,169.5,-74.5,2,0.332222222
2024/3/6 6:00,169.75,-74.25,1,0.168055556
2024/3/6 6:00,170,-74.25,1,0.165
2024/3/6 7:00,168.5,-74.5,1,0.1675
2024/3/6 7:00,168.75,-74.5,3,0.499166667
2024/3/6 7:00,169,-74.5,2,0.332777778
2024/3/6 8:00,168,-74.75,1,0.167222222
2024/3/6 8:00,168.25,-74.75,1,0.166388889
2024/3/6 8:00,168.25,-74.5,2,0.333611111
2024/3/6 8:00,168.5,-74.5,2,0.331666667
2024/3/6 9:00,167.75,-74.75,3,0.500833333
2024/3/6 9:00,168,-74.75,3,0.499444444
2024/3/6 10:00,167,-74.75,2,0.335833333
2024/3/6 10:00,167.25,-74.75,2,0.332777778
2024/3/6 10:00,167.5,-74.75,2,0.332777778
2024/3/6 11:00,166.25,-74.75,2,0.333888889
2024/3/6 11:00,166.5,-74.75,2,0.333611111
2024/3/6 11:00,166.75,-74.75,2,0.331111111
2024/3/6 12:00,165.5,-74.75,1,0.168333333
2024/3/6 12:00,165.75,-74.75,3,0.500277778
2024/3/6 12:00,166,-74.75,2,0.333055556
2024/3/6 13:00,164.75,-75,1,0.166666667
2024/3/6 13:00,165,-75,1,0.165277778
2024/3/6 13:00,165,-74.75,1,0.168055556
2024/3/6 13:00,165.25,-74.75,2,0.332777778
2024/3/6 13:00,165.5,-74.75,1,0.164444444
2024/3/6 14:00,164,-75,1,0.166944444
2024/3/6 14:00,164.25,-75,2,0.333055556
2024/3/6 14:00,164.5,-75,2,0.335
2024/3/6 14:00,164.75,-75,1,0.166666667
2024/3/6 15:00,163.75,-75,2,0.333055556
2024/3/6 15:00,164,-75,4,0.666111111
2024/3/6 16:00,163.75,-75,5,0.833611111
2024/3/6 16:00,164,-75,1,0.1675
2024/3/6 17:00,164,-75,6,0.999722222
2024/3/6 18:00,163.75,-75,4,0.666944444
2024/3/6 18:00,164,-75,2,0.332222222
2024/3/6 19:00,163.75,-75,1,0.165833333
2024/3/6 19:00,164,-75,5,0.834166667
2024/3/6 20:00,163.75,-75,3,0.502222222
2024/3/6 20:00,164,-75,3,0.499722222
2024/3/6 21:00,163.75,-75,4,0.665277778
2024/3/6 21:00,164,-75,2,0.335
2024/3/6 22:00,163.75,-75,1,0.168611111
2024/3/6 22:00,164,-75,5,0.830555556
2024/3/6 23:00,163.75,-75,4,0.664444444
2024/3/6 23:00,164,-75,2,0.335
2024/3/7 0:00,164,-75,6,1.000277778
2024/3/7 1:00,163.75,-75,4,0.670277778
2024/3/7 1:00,164,-75,2,0.331944444
2024/3/7 2:00,163.75,-75,2,0.330277778
2024/3/7 2:00,164,-75,4,0.669166667
2024/3/7 3:00,163.75,-75,3,0.502777778
2024/3/7 3:00,164,-75,3,0.496388889
2024/3/7 4:00,163.75,-75,4,0.665
2024/3/7 4:00,164,-75,2,0.334722222
2024/3/7 5:00,164,-75,6,1.000277778
2024/3/7 6:00,163.75,-75,3,0.501944444
2024/3/7 6:00,164,-75,3,0.497777778
2024/3/7 7:00,163.75,-75,3,0.498611111
2024/3/7 7:00,164,-75,3,0.501111111
2024/3/7 8:00,164,-75,6,0.999722222
2024/3/7 9:00,163.75,-75,5,0.834722222
2024/3/7 9:00,164,-75,1,0.165
2024/3/7 10:00,163.75,-75,2,0.331944444
2024/3/7 10:00,164,-75,4,0.668055556
2024/3/7 11:00,164,-75,6,0.998888889
2024/3/7 12:00,163.75,-75,1,0.168055556
2024/3/7 12:00,164,-75,5,0.832777778
2024/3/7 13:00,163.75,-75,6,0.999444444
2024/3/7 14:00,163.75,-75,2,0.3325
2024/3/7 14:00,164,-75,4,0.669166667
2024/3/7 15:00,163.75,-75,4,0.666944444
2024/3/7 15:00,164,-75,2,0.331666667
2024/3/7 16:00,163.75,-75,4,0.667222222
2024/3/7 16:00,164,-75,2,0.333055556
2024/3/7 17:00,163.75,-75,6,1.001111111
2024/3/7 18:00,164,-75,6,0.998888889
2024/3/7 19:00,164,-75,5,0.831944444
2024/3/7 19:00,164.25,-75,1,0.166944444
2024/3/7 20:00,164.25,-75,2,0.333055556
2024/3/7 20:00,164.5,-75,2,0.333333333
2024/3/7 20:00,164.75,-75,2,0.336388889
2024/3/7 21:00,165,-75,3,0.4975
2024/3/7 21:00,165.25,-75,2,0.333611111
2024/3/7 21:00,165.5,-75,1,0.168333333
2024/3/7 22:00,165.75,-75,1,0.165
2024/3/7 22:00,165.75,-74.75,2,0.333055556
2024/3/7 22:00,166,-74.75,2,0.332777778
2024/3/7 22:00,166.25,-74.75,1,0.167777778
2024/3/7 23:00,166.25,-74.75,2,0.3325
2024/3/7 23:00,166.5,-74.75,2,0.333055556
2024/3/7 23:00,166.75,-74.75,2,0.335277778
2024/3/8 0:00,166.75,-74.75,1,0.164722222
2024/3/8 0:00,167,-74.75,3,0.500555556
2024/3/8 0:00,167.25,-74.75,2,0.333611111
2024/3/8 1:00,167.5,-74.75,3,0.500555556
2024/3/8 1:00,167.75,-74.75,3,0.500277778
2024/3/8 2:00,168,-74.75,3,0.498611111
2024/3/8 2:00,168.25,-74.75,3,0.501111111
2024/3/8 3:00,168.5,-74.75,3,0.499444444
2024/3/8 3:00,168.75,-74.75,3,0.500833333
2024/3/8 4:00,169,-74.75,2,0.3325
2024/3/8 4:00,169.25,-74.75,3,0.499166667
2024/3/8 4:00,169.5,-74.75,1,0.168055556
2024/3/8 5:00,169.5,-74.75,1,0.165277778
2024/3/8 5:00,169.75,-74.75,2,0.334444444
2024/3/8 5:00,169.75,-74.5,1,0.166666667
2024/3/8 5:00,170,-74.5,2,0.333888889
2024/3/8 6:00,170,-74.5,1,0.166388889
2024/3/8 6:00,170.25,-74.5,4,0.665833333
2024/3/8 6:00,170.5,-74.5,1,0.168055556
2024/3/8 7:00,170.5,-74.5,1,0.164722222
2024/3/8 7:00,170.75,-74.5,2,0.334166667
2024/3/8 7:00,171,-74.5,2,0.332777778
2024/3/8 7:00,171,-74.25,1,0.168055556
2024/3/8 8:00,171.25,-74.25,2,0.331944444
2024/3/8 8:00,171.5,-74.25,3,0.5
2024/3/8 8:00,171.75,-74.25,1,0.167777778
2024/3/8 9:00,171.75,-74.25,1,0.165555556
2024/3/8 9:00,172,-74.25,3,0.499722222
2024/3/8 9:00,172.25,-74.25,1,0.1675
2024/3/8 9:00,172.25,-74,1,0.1675
2024/3/8 10:00,172.25,-74,6,0.999444444
2024/3/8 11:00,172.25,-74,1,0.166666667
2024/3/8 11:00,172.25,-73.75,1,0.165833333
2024/3/8 11:00,172.5,-73.75,4,0.666666667
2024/3/8 12:00,172.5,-73.75,2,0.334444444
2024/3/8 12:00,172.5,-73.5,4,0.665277778
2024/3/8 13:00,172.5,-73.5,4,0.667222222
2024/3/8 13:00,172.5,-73.25,2,0.334444444
2024/3/8 14:00,172.5,-73.25,4,0.665277778
2024/3/8 14:00,172.75,-73.25,2,0.334722222
2024/3/8 15:00,173,-73.25,4,0.665
2024/3/8 15:00,173.25,-73.25,2,0.334722222
2024/3/8 16:00,173.25,-73.25,3,0.498888889
2024/3/8 16:00,173.25,-73,3,0.500555556
2024/3/8 17:00,173,-73,1,0.167777778
2024/3/8 17:00,173.25,-73,5,0.833055556
2024/3/8 18:00,173,-72.75,6,0.999166667
2024/3/8 19:00,173,-72.75,2,0.333333333
2024/3/8 19:00,173,-72.5,4,0.668611111
2024/3/8 20:00,172.75,-72.5,6,0.999722222
2024/3/8 21:00,172.75,-72.25,6,0.998888889
2024/3/8 22:00,172.75,-72.25,2,0.332222222
2024/3/8 22:00,172.75,-72,4,0.668611111
2024/3/8 23:00,172.75,-72,4,0.664444444
2024/3/8 23:00,172.75,-71.75,2,0.334166667
2024/3/9 0:00,172.75,-71.75,2,0.336388889
2024/3/9 0:00,173,-71.75,4,0.665833333
2024/3/9 1:00,172.5,-71.5,1,0.168055556
2024/3/9 1:00,172.75,-71.5,5,0.830833333
2024/3/9 2:00,172.5,-71.5,1,0.165277778
2024/3/9 2:00,172.5,-71.25,5,0.835833333
2024/3/9 3:00,172.25,-71.25,1,0.166944444
2024/3/9 3:00,172.25,-71,3,0.5
2024/3/9 3:00,172.5,-71.25,2,0.330833333
2024/3/9 4:00,172,-71,1,0.168611111
2024/3/9 4:00,172,-70.75,1,0.168611111
2024/3/9 4:00,172.25,-71,4,0.665833333
2024/3/9 5:00,172,-70.75,6,0.999444444
2024/3/9 6:00,171.75,-70.5,4,0.668055556
2024/3/9 6:00,172,-70.5,2,0.33
2024/3/9 7:00,171.5,-70.5,2,0.334722222
2024/3/9 7:00,171.5,-70.25,3,0.499722222
2024/3/9 7:00,171.75,-70.5,1,0.165277778
2024/3/9 8:00,171,-70.25,1,0.167777778
2024/3/9 8:00,171.25,-70.25,4,0.665833333
2024/3/9 8:00,171.5,-70.25,1,0.166388889
2024/3/9 9:00,170.75,-70,1,0.167777778
2024/3/9 9:00,171,-70,5,0.832777778
2024/3/9 10:00,170.5,-69.75,2,0.335277778
2024/3/9 10:00,170.75,-70,3,0.498333333
2024/3/9 10:00,170.75,-69.75,1,0.166666667
2024/3/9 11:00,170.25,-69.75,3,0.500833333
2024/3/9 11:00,170.5,-69.75,3,0.498333333
2024/3/9 12:00,169.75,-69.5,2,0.333611111
2024/3/9 12:00,170,-69.5,3,0.499444444
2024/3/9 12:00,170.25,-69.5,1,0.166944444
2024/3/9 13:00,169.25,-69.5,2,0.3325
2024/3/9 13:00,169.5,-69.5,3,0.500833333
2024/3/9 13:00,169.75,-69.5,1,0.165833333
2024/3/9 14:00,168.75,-69.25,1,0.168055556
2024/3/9 14:00,169,-69.5,2,0.334444444
2024/3/9 14:00,169,-69.25,2,0.3325
2024/3/9 14:00,169.25,-69.5,1,0.166944444
2024/3/9 15:00,168.25,-69.25,1,0.167777778
2024/3/9 15:00,168.5,-69.25,3,0.501388889
2024/3/9 15:00,168.75,-69.25,2,0.331388889
2024/3/9 16:00,167.75,-69.25,1,0.166944444
2024/3/9 16:00,168,-69.25,3,0.500277778
2024/3/9 16:00,168.25,-69.25,2,0.331388889
2024/3/9 17:00,167.5,-69,4,0.668333333
2024/3/9 17:00,167.75,-69,2,0.332222222
2024/3/9 18:00,167,-69,3,0.499166667
2024/3/9 18:00,167.25,-69,3,0.499166667
2024/3/9 19:00,166.5,-68.75,3,0.501388889
2024/3/9 19:00,166.75,-69,2,0.333611111
2024/3/9 19:00,166.75,-68.75,1,0.166111111
2024/3/9 20:00,166,-68.75,1,0.167222222
2024/3/9 20:00,166.25,-68.75,4,0.666944444
2024/3/9 20:00,166.5,-68.75,1,0.166111111
2024/3/9 21:00,165.75,-68.5,3,0.5025
2024/3/9 21:00,166,-68.75,1,0.165555556
2024/3/9 21:00,166,-68.5,2,0.333055556
2024/3/9 22:00,165.25,-68.5,2,0.333888889
2024/3/9 22:00,165.5,-68.5,4,0.664722222
2024/3/9 23:00,164.75,-68.25,1,0.168055556
2024/3/9 23:00,165,-68.25,3,0.498888889
2024/3/9 23:00,165.25,-68.25,2,0.333055556
2024/3/10 0:00,164.5,-68.25,3,0.501111111
2024/3/10 0:00,164.75,-68.25,3,0.498888889
2024/3/10 1:00,164,-68,2,0.334166667
2024/3/10 1:00,164.25,-68,4,0.666944444
2024/3/10 2:00,163.5,-68,2,0.334444444
2024/3/10 2:00,163.75,-68,3,0.498611111
2024/3/10 2:00,164,-68,1,0.165833333
2024/3/10 3:00,163,-67.75,1,0.168055556
2024/3/10 3:00,163.25,-67.75,3,0.499722222
2024/3/10 3:00,163.5,-67.75,2,0.3325
2024/3/10 4:00,162.75,-67.75,4,0.669722222
2024/3/10 4:00,163,-67.75,2,0.331666667
2024/3/10 5:00,162.25,-67.5,3,0.499722222
2024/3/10 5:00,162.5,-67.5,3,0.498055556
2024/3/10 6:00,161.75,-67.5,2,0.333888889
2024/3/10 6:00,162,-67.5,4,0.6675
2024/3/10 7:00,161.25,-67.25,2,0.333888889
2024/3/10 7:00,161.5,-67.25,3,0.5
2024/3/10 7:00,161.75,-67.25,1,0.165277778
2024/3/10 8:00,160.75,-67.25,1,0.1675
2024/3/10 8:00,161,-67.25,3,0.499722222
2024/3/10 8:00,161.25,-67.25,2,0.3325
2024/3/10 9:00,160.25,-67,1,0.167222222
2024/3/10 9:00,160.5,-67,3,0.499722222
2024/3/10 9:00,160.75,-67.25,1,0.166111111
2024/3/10 9:00,160.75,-67,1,0.166388889
2024/3/10 10:00,160,-67,3,0.501944444
2024/3/10 10:00,160.25,-67,3,0.499444444
2024/3/10 11:00,159.5,-66.75,1,0.168333333
2024/3/10 11:00,159.75,-66.75,4,0.666388889
2024/3/10 11:00,160,-67,1,0.165277778
2024/3/10 12:00,159.25,-66.75,4,0.668055556
2024/3/10 12:00,159.5,-66.75,2,0.331666667
2024/3/10 13:00,158.75,-66.5,2,0.333611111
2024/3/10 13:00,159,-66.75,3,0.499444444
2024/3/10 13:00,159,-66.5,1,0.166666667
2024/3/10 14:00,158.5,-66.5,4,0.668055556
2024/3/10 14:00,158.75,-66.5,2,0.331944444
2024/3/10 15:00,158.25,-66.5,3,0.499722222
2024/3/10 15:00,158.25,-66.25,3,0.499722222
2024/3/10 16:00,158,-66.25,5,0.831944444
2024/3/10 16:00,158.25,-66.25,1,0.167777778
2024/3/10 17:00,157.75,-66.25,1,0.168055556
2024/3/10 17:00,158,-66.25,5,0.834166667
2024/3/10 18:00,157.75,-66.25,1,0.164444444
2024/3/10 18:00,157.75,-66,5,0.835
2024/3/10 19:00,157.5,-66,6,0.999722222
2024/3/10 20:00,157.25,-66,5,0.833611111
2024/3/10 20:00,157.5,-66,1,0.165833333
2024/3/10 21:00,157,-66,4,0.668611111
2024/3/10 21:00,157.25,-66,2,0.331944444
2024/3/10 22:00,156.75,-66,3,0.500555556
2024/3/10 22:00,157,-66,3,0.499444444
2024/3/10 23:00,156.5,-66,2,0.334722222
2024/3/10 23:00,156.75,-66,4,0.664722222
2024/3/11 0:00,156.25,-66,2,0.335277778
2024/3/11 0:00,156.5,-66,4,0.665833333
2024/3/11 1:00,156,-66,1,0.166944444
2024/3/11 1:00,156.25,-66,5,0.832222222
2024/3/11 2:00,156,-66,6,0.999166667
2024/3/11 3:00,155.75,-66,6,1.001944444
2024/3/11 4:00,155.5,-66,6,0.999444444
2024/3/11 5:00,155.25,-66,5,0.835555556
2024/3/11 5:00,155.5,-66,1,0.165
2024/3/11 6:00,155.25,-65.75,6,0.998611111
2024/3/11 7:00,155,-65.75,6,0.999722222
2024/3/11 8:00,155,-65.75,6,0.999722222
2024/3/11 9:00,154.75,-65.75,6,0.999722222
2024/3/11 10:00,154.5,-65.75,6,1.001111111
2024/3/11 11:00,154.25,-65.75,6,0.999722222
2024/3/11 12:00,154,-65.75,3,0.499444444
2024/3/11 12:00,154,-65.5,3,0.500555556
2024/3/11 13:00,153.75,-65.5,6,0.999444444
2024/3/11 14:00,153.5,-65.5,5,0.834166667
2024/3/11 14:00,153.75,-65.5,1,0.166111111
2024/3/11 15:00,153.25,-65.5,4,0.668333333
2024/3/11 15:00,153.5,-65.5,2,0.3325
2024/3/11 16:00,153,-65.5,3,0.500833333
2024/3/11 16:00,153.25,-65.5,3,0.498055556
2024/3/11 17:00,152.75,-65.5,2,0.335277778
2024/3/11 17:00,153,-65.5,4,0.665833333
2024/3/11 18:00,152.5,-65.5,2,0.333055556
2024/3/11 18:00,152.75,-65.5,4,0.666111111
2024/3/11 19:00,152.25,-65.5,1,0.167222222
2024/3/11 19:00,152.5,-65.5,5,0.832222222
2024/3/11 20:00,152.25,-65.5,1,0.166666667
2024/3/11 20:00,152.25,-65.25,5,0.834444444
2024/3/11 21:00,152,-65.25,4,0.667222222
2024/3/11 21:00,152.25,-65.25,2,0.332777778
2024/3/11 22:00,152,-65.25,6,1.000833333
2024/3/11 23:00,151.75,-65.25,4,0.667777778
2024/3/11 23:00,152,-65.25,2,0.331388889
2024/3/12 0:00,151.5,-65.25,4,0.668333333
2024/3/12 0:00,151.75,-65.25,2,0.332222222
2024/3/12 1:00,151.25,-65.25,4,0.666666667
2024/3/12 1:00,151.5,-65.25,2,0.332222222
2024/3/12 2:00,151,-65.25,3,0.5
2024/3/12 2:00,151.25,-65.25,3,0.500555556
2024/3/12 3:00,150.75,-65.25,3,0.5
2024/3/12 3:00,151,-65.25,3,0.499722222
2024/3/12 4:00,150.5,-65.25,2,0.333055556
2024/3/12 4:00,150.75,-65.25,4,0.666111111
2024/3/12 5:00,150.25,-65.25,2,0.333055556
2024/3/12 5:00,150.5,-65.25,4,0.668055556
2024/3/12 6:00,150,-65.25,2,0.335277778
2024/3/12 6:00,150.25,-65.25,4,0.666111111
2024/3/12 7:00,149.75,-65.25,4,0.667222222
2024/3/12 7:00,150,-65.25,2,0.331388889
2024/3/12 8:00,149.25,-65,1,0.167222222
2024/3/12 8:00,149.5,-65.25,1,0.165
2024/3/12 8:00,149.5,-65,4,0.666944444
2024/3/12 9:00,149,-65,2,0.333888889
2024/3/12 9:00,149.25,-65,4,0.666388889
2024/3/12 10:00,148.75,-65,2,0.334166667
2024/3/12 10:00,149,-65,4,0.665555556
2024/3/12 11:00,148.25,-64.75,2,0.333611111
2024/3/12 11:00,148.5,-64.75,3,0.5
2024/3/12 11:00,148.75,-64.75,1,0.166388889
2024/3/12 12:00,147.75,-64.75,2,0.334166667
2024/3/12 12:00,148,-64.75,3,0.499722222
2024/3/12 12:00,148.25,-64.75,1,0.166666667
2024/3/12 13:00,147.25,-64.75,2,0.333333333
2024/3/12 13:00,147.5,-64.75,3,0.500555556
2024/3/12 13:00,147.75,-64.75,1,0.165555556
2024/3/12 14:00,146.75,-64.5,2,0.334166667
2024/3/12 14:00,147,-64.75,1,0.165833333
2024/3/12 14:00,147,-64.5,2,0.334444444
2024/3/12 14:00,147.25,-64.75,1,0.166666667
2024/3/12 15:00,146.25,-64.5,2,0.335277778
2024/3/12 15:00,146.5,-64.5,3,0.499444444
2024/3/12 15:00,146.75,-64.5,1,0.165277778
2024/3/12 16:00,145.75,-64.5,3,0.500833333
2024/3/12 16:00,146,-64.5,2,0.333055556
2024/3/12 16:00,146.25,-64.5,1,0.165833333
2024/3/12 17:00,145.25,-64.5,3,0.500833333
2024/3/12 17:00,145.5,-64.5,3,0.498333333
2024/3/12 18:00,144.75,-64.25,3,0.500277778
2024/3/12 18:00,145,-64.5,1,0.165833333
2024/3/12 18:00,145,-64.25,2,0.333888889
2024/3/12 19:00,144.25,-64.25,3,0.5
2024/3/12 19:00,144.5,-64.25,3,0.500833333
2024/3/12 20:00,143.5,-64.25,1,0.168333333
2024/3/12 20:00,143.75,-64.25,3,0.499166667
2024/3/12 20:00,144,-64.25,2,0.3325
2024/3/12 21:00,143.25,-64,4,0.667777778
2024/3/12 21:00,143.5,-64,2,0.332222222
2024/3/12 22:00,142.75,-64,3,0.501666667
2024/3/12 22:00,143,-64,3,0.498333333
2024/3/12 23:00,142.25,-63.75,2,0.334722222
2024/3/12 23:00,142.5,-64,1,0.165277778
2024/3/12 23:00,142.5,-63.75,3,0.499722222
2024/3/13 0:00,142,-63.5,3,0.501388889
2024/3/13 0:00,142.25,-63.75,3,0.500555556
2024/3/13 1:00,141.75,-63.5,3,0.500555556
2024/3/13 1:00,141.75,-63.25,1,0.166944444
2024/3/13 1:00,142,-63.5,2,0.330555556
2024/3/13 2:00,141.25,-63.25,1,0.167222222
2024/3/13 2:00,141.5,-63.25,5,0.831944444
2024/3/13 3:00,141,-63,2,0.335555556
2024/3/13 3:00,141.25,-63.25,1,0.166944444
2024/3/13 3:00,141.25,-63,3,0.499444444
2024/3/13 4:00,140.75,-62.75,3,0.500277778
2024/3/13 4:00,141,-63,3,0.498888889
2024/3/13 5:00,140.5,-62.75,3,0.499444444
2024/3/13 5:00,140.5,-62.5,1,0.166944444
2024/3/13 5:00,140.75,-62.75,2,0.333333333
2024/3/13 6:00,140.25,-62.5,5,0.834166667
2024/3/13 6:00,140.5,-62.5,1,0.166111111
2024/3/13 7:00,139.75,-62.25,1,0.1675
2024/3/13 7:00,140,-62.5,2,0.332777778
2024/3/13 7:00,140,-62.25,3,0.500277778
2024/3/13 8:00,139.5,-62,1,0.166944444
2024/3/13 8:00,139.75,-62.25,4,0.664444444
2024/3/13 8:00,139.75,-62,1,0.1675
2024/3/13 9:00,139.25,-62,2,0.334722222
2024/3/13 9:00,139.5,-62,4,0.666111111
2024/3/13 10:00,139,-61.75,3,0.500555556
2024/3/13 10:00,139.25,-62,1,0.165
2024/3/13 10:00,139.25,-61.75,2,0.333611111
2024/3/13 11:00,138.75,-61.5,3,0.501111111
2024/3/13 11:00,139,-61.75,3,0.498888889
2024/3/13 12:00,138.75,-61.5,5,0.833055556
2024/3/13 12:00,138.75,-61.25,1,0.167777778
2024/3/13 13:00,138.75,-61.25,6,1
2024/3/13 14:00,138.75,-61,6,0.998611111
2024/3/13 15:00,138.75,-61,2,0.333333333
2024/3/13 15:00,138.75,-60.75,4,0.668888889
2024/3/13 16:00,138.75,-60.75,3,0.497222222
2024/3/13 16:00,138.75,-60.5,3,0.501666667
2024/3/13 17:00,138.75,-60.5,4,0.665
2024/3/13 17:00,138.75,-60.25,2,0.335555556
2024/3/13 18:00,138.75,-60.25,6,0.999166667
2024/3/13 19:00,138.75,-60,6,0.998888889
2024/3/13 20:00,138.75,-59.75,2,0.334166667
2024/3/13 20:00,139,-59.75,4,0.667777778
2024/3/13 21:00,139,-59.75,1,0.165555556
2024/3/13 21:00,139,-59.5,5,0.834722222
2024/3/13 22:00,139,-59.5,1,0.164166667
2024/3/13 22:00,139,-59.25,5,0.835555556
2024/3/13 23:00,139,-59.25,2,0.3325
2024/3/13 23:00,139.25,-59,4,0.666666667
2024/3/14 0:00,139.25,-59,2,0.332222222
2024/3/14 0:00,139.25,-58.75,4,0.668333333
2024/3/14 1:00,139.25,-58.75,2,0.3325
2024/3/14 1:00,139.25,-58.5,4,0.668333333
2024/3/14 2:00,139.25,-58.5,2,0.330555556
2024/3/14 2:00,139.5,-58.5,1,0.168333333
2024/3/14 2:00,139.5,-58.25,3,0.501388889
2024/3/14 3:00,139.5,-58.25,3,0.497222222
2024/3/14 3:00,139.5,-58,3,0.501111111
2024/3/14 4:00,139.5,-58,4,0.666111111
2024/3/14 4:00,139.5,-57.75,2,0.334722222
2024/3/14 5:00,139.5,-57.75,2,0.3325
2024/3/14 5:00,139.75,-57.75,2,0.331944444
2024/3/14 5:00,139.75,-57.5,2,0.334722222
2024/3/14 6:00,139.75,-57.5,4,0.666944444
2024/3/14 6:00,139.75,-57.25,2,0.333888889
2024/3/14 7:00,139.75,-57.25,5,0.8325
2024/3/14 7:00,139.75,-57,1,0.167777778
2024/3/14 8:00,139.75,-57,3,0.497777778
2024/3/14 8:00,140,-57,3,0.500277778
2024/3/14 9:00,140,-56.75,6,1.001111111
2024/3/14 10:00,140,-56.5,6,1.000277778
2024/3/14 11:00,140,-56.5,1,0.165
2024/3/14 11:00,140,-56.25,4,0.667222222
2024/3/14 11:00,140.25,-56.25,1,0.1675
2024/3/14 12:00,140.25,-56.25,1,0.165277778
2024/3/14 12:00,140.25,-56,5,0.833333333
2024/3/14 13:00,140.25,-56,2,0.333333333
2024/3/14 13:00,140.25,-55.75,4,0.667777778
2024/3/14 14:00,140.25,-55.75,2,0.332777778
2024/3/14 14:00,140.25,-55.5,4,0.6675
2024/3/14 15:00,140.5,-55.5,3,0.498333333
2024/3/14 15:00,140.5,-55.25,3,0.501388889
2024/3/14 16:00,140.5,-55.25,3,0.500555556
2024/3/14 16:00,140.5,-55,3,0.5
2024/3/14 17:00,140.5,-55,3,0.498055556
2024/3/14 17:00,140.5,-54.75,3,0.502222222
2024/3/14 18:00,140.5,-54.75,2,0.331666667
2024/3/14 18:00,140.75,-54.75,2,0.334166667
2024/3/14 18:00,140.75,-54.5,2,0.333888889
2024/3/14 19:00,140.75,-54.5,4,0.666111111
2024/3/14 19:00,140.75,-54.25,2,0.331944444
2024/3/14 20:00,140.75,-54.25,2,0.334166667
2024/3/14 20:00,141,-54.25,3,0.499722222
2024/3/14 20:00,141,-54,1,0.167222222
2024/3/14 21:00,141,-54,5,0.833611111
2024/3/14 21:00,141.25,-54,1,0.166944444
2024/3/14 22:00,141.25,-53.75,6,1.001388889
2024/3/14 23:00,141.5,-53.75,1,0.165
2024/3/14 23:00,141.5,-53.5,5,0.833611111
2024/3/15 0:00,141.5,-53.5,1,0.166111111
2024/3/15 0:00,141.75,-53.5,2,0.332222222
2024/3/15 0:00,141.75,-53.25,3,0.501111111
2024/3/15 1:00,141.75,-53.25,2,0.333333333
2024/3/15 1:00,142,-53.25,2,0.332777778
2024/3/15 1:00,142,-53,2,0.334166667
2024/3/15 2:00,142,-53,4,0.666388889
2024/3/15 2:00,142.25,-53,1,0.1675
2024/3/15 2:00,142.25,-52.75,1,0.166944444
2024/3/15 3:00,142.25,-52.75,5,0.832222222
2024/3/15 3:00,142.5,-52.75,1,0.168333333
2024/3/15 4:00,142.5,-52.75,1,0.163888889
2024/3/15 4:00,142.5,-52.5,5,0.834444444
2024/3/15 5:00,142.75,-52.5,2,0.333333333
2024/3/15 5:00,142.75,-52.25,4,0.668055556
2024/3/15 6:00,142.75,-52.25,2,0.332222222
2024/3/15 6:00,143,-52.25,2,0.333055556
2024/3/15 6:00,143,-52,2,0.335
2024/3/15 7:00,143,-52,3,0.4975
2024/3/15 7:00,143.25,-52,2,0.333333333
2024/3/15 7:00,143.25,-51.75,1,0.167777778
2024/3/15 8:00,143.25,-51.75,5,0.8325
2024/3/15 8:00,143.5,-51.75,1,0.1675
2024/3/15 9:00,143.5,-51.5,6,0.999166667
2024/3/15 10:00,143.75,-51.5,1,0.166944444
2024/3/15 10:00,143.75,-51.25,4,0.666388889
2024/3/15 10:00,144,-51.25,1,0.166944444
2024/3/15 11:00,144,-51.25,3,0.5
2024/3/15 11:00,144,-51,1,0.166388889
2024/3/15 11:00,144.25,-51,2,0.333611111
2024/3/15 12:00,144.25,-51,3,0.5
2024/3/15 12:00,144.25,-50.75,3,0.500277778
2024/3/15 13:00,144.25,-50.75,1,0.165833333
2024/3/15 13:00,144.5,-50.75,2,0.333611111
2024/3/15 13:00,144.5,-50.5,3,0.500555556
2024/3/15 14:00,144.5,-50.5,3,0.499722222
2024/3/15 14:00,144.5,-50.25,3,0.500555556
2024/3/15 15:00,144.5,-50.25,1,0.166111111
2024/3/15 15:00,144.75,-50.25,3,0.499166667
2024/3/15 15:00,144.75,-50,2,0.335833333
2024/3/15 16:00,144.75,-50,5,0.831388889
2024/3/15 16:00,144.75,-49.75,1,0.167777778
2024/3/15 17:00,144.75,-49.75,5,0.831666667
2024/3/15 17:00,145,-49.75,1,0.168055556
2024/3/15 18:00,145,-49.5,6,1.000277778
2024/3/15 19:00,145,-49.5,1,0.166388889
2024/3/15 19:00,145,-49.25,5,0.834444444
2024/3/15 20:00,145,-49.25,2,0.332222222
2024/3/15 20:00,145,-49,1,0.165833333
2024/3/15 20:00,145.25,-49,3,0.500555556
2024/3/15 21:00,145.25,-49,5,0.833611111
2024/3/15 21:00,145.25,-48.75,1,0.168055556
2024/3/15 22:00,145.25,-48.75,6,0.999722222
2024/3/15 23:00,145.25,-48.75,1,0.164166667
2024/3/15 23:00,145.25,-48.5,5,0.834166667
2024/3/16 0:00,145.5,-48.5,4,0.665833333
2024/3/16 0:00,145.5,-48.25,2,0.335
2024/3/16 1:00,145.5,-48.25,6,1.001111111
2024/3/16 2:00,145.5,-48,6,0.999166667
2024/3/16 3:00,145.5,-48,2,0.333055556
2024/3/16 3:00,145.75,-47.75,4,0.666666667
2024/3/16 4:00,145.75,-47.75,5,0.833055556
2024/3/16 4:00,145.75,-47.5,1,0.167777778
2024/3/16 5:00,145.75,-47.5,6,0.998055556
2024/3/16 6:00,145.75,-47.5,1,0.1675
2024/3/16 6:00,145.75,-47.25,2,0.333611111
2024/3/16 6:00,146,-47.25,3,0.501388889
2024/3/16 7:00,146,-47.25,3,0.498055556
2024/3/16 7:00,146,-47,3,0.500277778
2024/3/16 8:00,146,-47,6,1.000277778
2024/3/16 9:00,146,-47,1,0.165833333
2024/3/16 9:00,146.25,-46.75,5,0.833611111
2024/3/16 10:00,146.25,-46.75,4,0.665833333
2024/3/16 10:00,146.5,-46.5,2,0.334444444
2024/3/16 11:00,146.5,-46.5,6,0.999722222
2024/3/16 12:00,146.5,-46.5,2,0.3325
2024/3/16 12:00,146.75,-46.25,4,0.6675
2024/3/16 13:00,146.75,-46.25,6,1.000555556
2024/3/16 14:00,147,-46,6,0.999166667
2024/3/16 15:00,147,-46,4,0.666666667
2024/3/16 15:00,147.25,-45.75,2,0.333611111
2024/3/16 16:00,147.25,-45.75,6,1.001388889
2024/3/16 17:00,147.25,-45.75,2,0.331388889
2024/3/16 17:00,147.5,-45.5,4,0.6675
2024/3/16 18:00,147.5,-45.5,6,0.999166667
2024/3/16 19:00,147.75,-45.25,6,1.001111111
2024/3/16 20:00,147.75,-45.25,4,0.665
2024/3/16 20:00,147.75,-45,1,0.168333333
2024/3/16 20:00,148,-45,1,0.167222222
2024/3/16 21:00,148,-45,6,0.998888889
2024/3/16 22:00,148,-45,3,0.5
2024/3/16 22:00,148,-44.75,1,0.165833333
2024/3/16 22:00,148.25,-44.75,2,0.335833333
2024/3/16 23:00,148.25,-44.75,6,0.999166667
2024/3/17 0:00,148.25,-44.75,1,0.165833333
2024/3/17 0:00,148.25,-44.5,2,0.332222222
2024/3/17 0:00,148.5,-44.5,3,0.5025
2024/3/17 1:00,148.5,-44.5,6,0.998888889
2024/3/17 2:00,148.5,-44.25,2,0.331944444
2024/3/17 2:00,148.75,-44.25,4,0.67
2024/3/17 3:00,148.75,-44.25,4,0.664166667
2024/3/17 3:00,148.75,-44,2,0.3325
2024/3/17 4:00,148.75,-44,1,0.167222222
2024/3/17 4:00,149,-44,5,0.834722222
2024/3/17 5:00,149,-44,3,0.498611111
2024/3/17 5:00,149,-43.75,3,0.503055556
2024/3/17 6:00,149.25,-43.75,6,0.998611111
2024/3/17 7:00,149.25,-43.75,1,0.165833333
2024/3/17 7:00,149.25,-43.5,5,0.8325
2024/3/17 8:00,149.25,-43.5,4,0.666111111
2024/3/17 8:00,149.25,-43.25,1,0.1675
2024/3/17 8:00,149.5,-43.25,1,0.166944444
2024/3/17 9:00,149.5,-43.25,6,0.999444444
2024/3/17 10:00,149.5,-43.25,2,0.333055556
2024/3/17 10:00,149.5,-43,4,0.668333333
2024/3/17 11:00,149.5,-43,5,0.831388889
2024/3/17 11:00,149.5,-42.75,1,0.1675
2024/3/17 12:00,149.5,-42.75,3,0.499166667
2024/3/17 12:00,149.75,-42.75,3,0.501944444
2024/3/17 13:00,149.75,-42.75,2,0.331944444
2024/3/17 13:00,149.75,-42.5,4,0.668611111
2024/3/17 14:00,149.75,-42.5,5,0.830833333
2024/3/17 14:00,149.75,-42.25,1,0.167777778
2024/3/17 15:00,149.75,-42.25,6,0.999722222
2024/3/17 16:00,149.75,-42.25,2,0.3325
2024/3/17 16:00,150,-42,4,0.668611111
2024/3/17 17:00,150,-42,6,0.999444444
2024/3/17 18:00,150,-41.75,6,0.999444444
2024/3/17 19:00,150,-41.75,3,0.499444444
2024/3/17 19:00,150,-41.5,3,0.501666667
2024/3/17 20:00,150.25,-41.5,6,1.073333333
2024/3/17 21:00,150.25,-41.25,6,0.926388889
2024/3/17 22:00,150.25,-41.25,4,0.665833333
2024/3/17 22:00,150.25,-41,2,0.333611111
2024/3/17 23:00,150.25,-41,6,1.001111111
2024/3/18 0:00,150.5,-41,1,0.165
2024/3/18 0:00,150.5,-40.75,5,0.834444444
2024/3/18 1:00,150.5,-40.75,5,0.831666667
2024/3/18 1:00,150.5,-40.5,1,0.1675
2024/3/18 2:00,150.5,-40.5,6,1
2024/3/18 3:00,150.5,-40.5,3,0.500277778
2024/3/18 3:00,150.5,-40.25,2,0.332222222
2024/3/18 3:00,150.75,-40.25,1,0.166944444
2024/3/18 4:00,150.75,-40.25,6,1.000833333
2024/3/18 5:00,150.75,-40,6,1.002222222
2024/3/18 6:00,150.75,-40,3,0.497777778
2024/3/18 6:00,150.75,-39.75,3,0.501111111
2024/3/18 7:00,150.75,-39.75,6,0.998888889
2024/3/18 8:00,151,-39.75,1,0.165555556
2024/3/18 8:00,151,-39.5,5,0.834722222
2024/3/18 9:00,151,-39.5,4,0.665555556
2024/3/18 9:00,151,-39.25,2,0.334444444
2024/3/18 10:00,151,-39.25,6,1.000277778
2024/3/18 11:00,151,-39.25,2,0.331944444
2024/3/18 11:00,151,-39,4,0.6675
2024/3/18 12:00,151,-39,1,0.165555556
2024/3/18 12:00,151.25,-39,5,0.834166667
2024/3/18 13:00,151.25,-38.75,6,1
2024/3/18 14:00,151.25,-38.75,4,0.665833333
2024/3/18 14:00,151.25,-38.5,2,0.334722222
2024/3/18 15:00,151.25,-38.5,6,0.998611111
2024/3/18 16:00,151.25,-38.5,2,0.333333333
2024/3/18 16:00,151.25,-38.25,1,0.1675
2024/3/18 16:00,151.5,-38.25,3,0.500555556
2024/3/18 17:00,151.5,-38.25,6,1.000833333
2024/3/18 18:00,151.5,-38,6,0.999166667
2024/3/18 19:00,151.5,-38,4,0.666388889
2024/3/18 19:00,151.5,-37.75,2,0.333611111
2024/3/18 20:00,151.5,-37.75,3,0.499444444
2024/3/18 20:00,151.75,-37.75,3,0.501111111
2024/3/18 21:00,151.75,-37.75,2,0.3325
2024/3/18 21:00,151.75,-37.5,4,0.666666667
2024/3/18 22:00,151.75,-37.5,5,0.833055556
2024/3/18 22:00,151.75,-37.25,1,0.167222222
2024/3/18 23:00,151.75,-37.25,6,1.000555556
2024/3/19 0:00,151.75,-37.25,2,0.331944444
2024/3/19 0:00,151.75,-37,3,0.499444444
2024/3/19 0:00,152,-37,1,0.168333333
2024/3/19 1:00,152,-37,6,1.000833333
2024/3/19 2:00,152,-36.75,6,0.998333333
2024/3/19 3:00,152,-36.75,3,0.500277778
2024/3/19 3:00,152,-36.5,3,0.5
2024/3/19 4:00,152,-36.5,6,1.001111111
2024/3/19 5:00,152.25,-36.5,1,0.165555556
2024/3/19 5:00,152.25,-36.25,5,0.833888889
2024/3/19 6:00,152.25,-36.25,4,0.665277778
2024/3/19 6:00,152.25,-36,2,0.334166667
2024/3/19 7:00,152.25,-36,6,0.999722222
2024/3/19 8:00,152.25,-36,3,0.499722222
2024/3/19 8:00,152.25,-35.75,3,0.500555556
2024/3/19 9:00,152.25,-35.75,2,0.332222222
2024/3/19 9:00,152.5,-35.75,4,0.668055556
2024/3/19 10:00,152.5,-35.5,6,1
2024/3/19 11:00,152.5,-35.5,4,0.666111111
2024/3/19 11:00,152.5,-35.25,2,0.333333333
2024/3/19 12:00,152.5,-35.25,6,0.999722222
2024/3/19 13:00,152.5,-35.25,3,0.500277778
2024/3/19 13:00,152.5,-35,2,0.333055556
2024/3/19 13:00,152.75,-35,1,0.168055556
2024/3/19 14:00,152.75,-35,6,0.998888889
2024/3/19 15:00,152.75,-34.75,6,1.000555556
2024/3/19 16:00,152.75,-34.75,4,0.665833333
2024/3/19 16:00,152.75,-34.5,2,0.333333333
2024/3/19 17:00,152.75,-34.5,6,1.000277778
2024/3/19 18:00,152.5,-34.25,2,0.3325
2024/3/19 18:00,152.75,-34.5,1,0.166111111
2024/3/19 18:00,152.75,-34.25,3,0.501388889
2024/3/19 19:00,152.5,-34.25,4,0.666111111
2024/3/19 19:00,152.5,-34,2,0.334722222
2024/3/19 20:00,152.5,-34,6,0.999444444
2024/3/19 21:00,152.25,-33.75,2,0.335833333
2024/3/19 21:00,152.5,-34,3,0.498888889
2024/3/19 21:00,152.5,-33.75,1,0.166666667
2024/3/19 22:00,152.25,-33.75,6,0.998611111
2024/3/19 23:00,152.25,-33.75,2,0.333611111
2024/3/19 23:00,152.25,-33.5,4,0.666666667
2024/3/20 0:00,152,-33.5,2,0.333888889
2024/3/20 0:00,152.25,-33.5,4,0.666666667
2024/3/20 1:00,152,-33.5,3,0.499444444
2024/3/20 1:00,152,-33.25,3,0.500833333
2024/3/20 2:00,152,-33.25,6,0.999444444
2024/3/20 3:00,152,-33.25,3,0.498333333
2024/3/20 3:00,152,-33,3,0.501944444
2024/3/20 4:00,151.75,-33,1,0.168611111
2024/3/20 4:00,152,-33,5,0.832777778
2024/3/20 5:00,151.75,-33,6,0.998888889
2024/3/20 6:00,151.75,-33,6,0.999166667
2024/3/20 7:00,151.75,-33,6,0.999722222
2024/3/20 8:00,151.75,-33,6,0.999444444
2024/3/20 9:00,151.75,-33,6,1.000833333
2024/3/20 10:00,151.75,-33,6,1
2024/3/20 11:00,151.75,-33,6,0.999722222
2024/3/20 12:00,151.75,-33,6,0.999444444
2024/3/20 13:00,151.75,-33,6,1.000555556
2024/3/20 14:00,151.75,-33,6,1.000555556
2024/3/20 15:00,151.75,-33,6,1
2024/3/20 16:00,151.75,-33,6,0.998888889
2024/3/20 17:00,151.75,-33,6,1.001388889
2024/3/20 18:00,151.75,-33,6,1
2024/3/20 19:00,151.75,-33,6,0.999444444
2024/3/20 20:00,151.75,-33,6,0.998888889
2024/3/20 21:00,151.75,-33,6,1.000833333
2024/3/20 22:00,151.75,-33,6,1.001944444
2024/3/20 23:00,151.75,-33,6,0.999166667
2024/3/21 0:00,151.75,-33,6,0.998055556
2024/3/21 1:00,151.75,-33,6,1.001388889
2024/3/21 2:00,151.75,-33,6,0.998611111
2024/3/21 3:00,151.75,-33,6,1.001111111
2024/3/21 4:00,151.75,-33,6,0.998888889
2024/3/21 5:00,151.75,-33,6,1.002222222
2024/3/21 6:00,151.75,-33,6,0.999444444
2024/3/21 7:00,151.75,-33,6,0.999166667
2024/3/21 8:00,151.75,-33,6,1.000277778
2024/3/21 9:00,151.75,-33,6,1.000277778
2024/3/21 10:00,151.75,-33,6,0.999166667
2024/3/21 11:00,151.75,-33,6,1.000277778
2024/3/21 12:00,151.75,-33,6,1.000555556
2024/3/21 13:00,151.75,-33,6,0.998888889
2024/3/21 14:00,151.75,-33,6,1.001388889
2024/3/21 15:00,151.75,-33,6,1.001111111
2024/3/21 16:00,151.75,-33,6,0.998611111
2024/3/21 17:00,151.75,-33,6,1
2024/3/21 18:00,151.75,-33,6,1.001111111
2024/3/21 19:00,151.75,-33,6,0.999444444
2024/3/21 20:00,151.75,-33,6,0.999444444
2024/3/21 21:00,151.75,-33,6,1.000277778
2024/3/21 22:00,151.75,-33,6,1.000833333
2024/3/21 23:00,151.75,-33,6,0.998888889
2024/3/22 0:00,151.75,-33,6,1
2024/3/22 1:00,151.75,-33,6,1.000555556
2024/3/22 2:00,151.75,-33,6,1.001111111
2024/3/22 3:00,151.75,-33,6,1.000555556
2024/3/22 4:00,151.75,-33,6,0.999166667
2024/3/22 5:00,151.75,-33,6,0.996944444
2024/3/22 6:00,151.75,-33,6,1.001666667
2024/3/22 7:00,151.75,-33,6,0.999444444
2024/3/22 8:00,151.75,-33,6,1.000277778
2024/3/22 9:00,151.75,-33,6,0.999722222
2024/3/22 10:00,151.75,-33,6,0.999166667
2024/3/22 11:00,151.75,-33,6,1.000833333
2024/3/22 12:00,151.75,-33,3,0.499444444
2024/3/22 12:00,152,-33,3,0.500555556
2024/3/22 13:00,152,-33,3,0.499166667
2024/3/22 13:00,152.25,-33,3,0.501111111
2024/3/22 14:00,152.25,-33,4,0.665833333
2024/3/22 14:00,152.5,-33,1,0.166944444
2024/3/22 14:00,152.5,-32.75,1,0.167222222
2024/3/22 15:00,152.5,-32.75,4,0.665277778
2024/3/22 15:00,152.75,-32.75,2,0.335
2024/3/22 16:00,152.75,-32.75,6,1.000277778
2024/3/22 17:00,152.75,-32.75,1,0.166666667
2024/3/22 17:00,153,-32.75,5,0.831944444
2024/3/22 18:00,153,-32.75,3,0.5
2024/3/22 18:00,153,-32.5,3,0.501666667
2024/3/22 19:00,153.25,-32.5,6,1
2024/3/22 20:00,153.25,-32.5,1,0.166111111
2024/3/22 20:00,153.25,-32.25,4,0.665833333
2024/3/22 20:00,153.5,-32.25,1,0.168055556
2024/3/22 21:00,153.5,-32.25,4,0.665277778
2024/3/22 21:00,153.5,-32,2,0.333055556
2024/3/22 22:00,153.5,-32,5,0.833611111
2024/3/22 22:00,153.75,-32,1,0.1675
2024/3/22 23:00,153.75,-31.75,6,1.000833333
2024/3/23 0:00,153.75,-31.75,2,0.330833333
2024/3/23 0:00,153.75,-31.5,4,0.668055556
2024/3/23 1:00,153.75,-31.5,3,0.499166667
2024/3/23 1:00,153.75,-31.25,3,0.500833333
2024/3/23 2:00,153.75,-31.25,4,0.665833333
2024/3/23 2:00,153.75,-31,2,0.336388889
2024/3/23 3:00,153.75,-31,2,0.330833333
2024/3/23 3:00,154,-31,2,0.333333333
2024/3/23 3:00,154,-30.75,2,0.335277778
2024/3/23 4:00,154,-30.75,5,0.831111111
2024/3/23 4:00,154,-30.5,1,0.168055556
2024/3/23 5:00,154,-30.5,6,0.999722222
2024/3/23 6:00,154,-30.25,6,0.998888889
2024/3/23 7:00,154,-30,6,0.999444444
2024/3/23 8:00,154,-30,1,0.166666667
2024/3/23 8:00,154,-29.75,2,0.333611111
2024/3/23 8:00,154.25,-29.75,3,0.5
2024/3/23 9:00,154.25,-29.75,1,0.166666667
2024/3/23 9:00,154.25,-29.5,5,0.834722222
2024/3/23 10:00,154.25,-29.5,2,0.331388889
2024/3/23 10:00,154.25,-29.25,4,0.668055556
2024/3/23 11:00,154.25,-29.25,2,0.332222222
2024/3/23 11:00,154.25,-29,4,0.668888889
2024/3/23 12:00,154.25,-29,2,0.331388889
2024/3/23 12:00,154.25,-28.75,4,0.668611111
2024/3/23 13:00,154.25,-28.75,2,0.331388889
2024/3/23 13:00,154.25,-28.5,4,0.666944444
2024/3/23 14:00,154.25,-28.5,2,0.332777778
2024/3/23 14:00,154.25,-28.25,4,0.666944444
2024/3/23 15:00,154.25,-28.25,3,0.499722222
2024/3/23 15:00,154.25,-28,3,0.501111111
2024/3/23 16:00,154.25,-28,4,0.665555556
2024/3/23 16:00,154.25,-27.75,2,0.334722222
2024/3/23 17:00,154.25,-27.75,6,1
2024/3/23 18:00,154.25,-27.5,6,1.001388889
2024/3/23 19:00,154.25,-27.5,1,0.164166667
2024/3/23 19:00,154.25,-27.25,5,0.834722222
2024/3/23 20:00,154.25,-27.25,1,0.164722222
2024/3/23 20:00,154.25,-27,5,0.835277778
2024/3/23 21:00,154.25,-27,2,0.331388889
2024/3/23 21:00,154.25,-26.75,4,0.666666667
2024/3/23 22:00,154.25,-26.75,3,0.500277778
2024/3/23 22:00,154.25,-26.5,3,0.502222222
2024/3/23 23:00,154.25,-26.5,4,0.664444444
2024/3/23 23:00,154.25,-26.25,2,0.336111111
2024/3/24 0:00,154.25,-26.25,4,0.664722222
2024/3/24 0:00,154.25,-26,2,0.333888889
2024/3/24 1:00,154.25,-26,5,0.833055556
2024/3/24 1:00,154.25,-25.75,1,0.168055556
2024/3/24 2:00,154,-25.75,1,0.168611111
2024/3/24 2:00,154.25,-25.75,5,0.8325
2024/3/24 3:00,154,-25.5,6,1
2024/3/24 4:00,154,-25.25,6,0.996111111
2024/3/24 5:00,154,-25.25,1,0.168611111
2024/3/24 5:00,154,-25,5,0.833611111
2024/3/24 6:00,154,-25,1,0.165555556
2024/3/24 6:00,154,-24.75,5,0.833888889
2024/3/24 7:00,154,-24.75,1,0.165555556
2024/3/24 7:00,154,-24.5,5,0.833888889
2024/3/24 8:00,154,-24.5,2,0.333333333
2024/3/24 8:00,154,-24.25,4,0.666944444
2024/3/24 9:00,154,-24.25,2,0.332222222
2024/3/24 9:00,154,-24,4,0.667777778
2024/3/24 10:00,154,-24,2,0.331944444
2024/3/24 10:00,154,-23.75,4,0.668333333
2024/3/24 11:00,154,-23.75,2,0.331666667
2024/3/24 11:00,154,-23.5,4,0.668055556
2024/3/24 12:00,154,-23.5,2,0.333055556
2024/3/24 12:00,154,-23.25,4,0.666388889
2024/3/24 13:00,154,-23.25,2,0.333333333
2024/3/24 13:00,154,-23,4,0.666944444
2024/3/24 14:00,154,-23,3,0.5
2024/3/24 14:00,154,-22.75,3,0.501111111
2024/3/24 15:00,154,-22.75,3,0.498333333
2024/3/24 15:00,154,-22.5,3,0.501111111
2024/3/24 16:00,154,-22.5,3,0.499444444
2024/3/24 16:00,154,-22.25,3,0.499444444
2024/3/24 17:00,154,-22.25,4,0.6675
2024/3/24 17:00,154,-22,2,0.334722222
2024/3/24 18:00,154,-22,5,0.831944444
2024/3/24 18:00,154,-21.75,1,0.168055556
2024/3/24 19:00,154,-21.75,5,0.830833333
2024/3/24 19:00,154,-21.5,1,0.166944444
2024/3/24 20:00,154,-21.5,5,0.832777778
2024/3/24 20:00,154,-21.25,1,0.166944444
2024/3/24 21:00,154,-21.25,6,1.000833333
2024/3/24 22:00,154,-21,6,0.998888889
2024/3/24 23:00,154,-20.75,6,1.001111111
2024/3/25 0:00,154,-20.5,6,1.000277778
2024/3/25 1:00,154,-20.25,6,1.001388889
2024/3/25 2:00,154,-20.25,1,0.164166667
2024/3/25 2:00,154,-20,5,0.834166667
2024/3/25 3:00,154,-20,1,0.165833333
2024/3/25 3:00,154,-19.75,5,0.835277778
2024/3/25 4:00,154,-19.75,1,0.165833333
2024/3/25 4:00,154,-19.5,5,0.835
2024/3/25 5:00,154,-19.5,1,0.165277778
2024/3/25 5:00,154,-19.25,4,0.665555556
2024/3/25 5:00,154.25,-19.25,1,0.166944444
2024/3/25 6:00,154.25,-19.25,2,0.334444444
2024/3/25 6:00,154.25,-19,4,0.665555556
2024/3/25 7:00,154.25,-19,2,0.333888889
2024/3/25 7:00,154.25,-18.75,4,0.666944444
2024/3/25 8:00,154.25,-18.75,3,0.498888889
2024/3/25 8:00,154.25,-18.5,3,0.500555556
2024/3/25 9:00,154.25,-18.5,3,0.499444444
2024/3/25 9:00,154.25,-18.25,3,0.501388889
2024/3/25 10:00,154.25,-18.25,3,0.498055556
2024/3/25 10:00,154.25,-18,3,0.501111111
2024/3/25 11:00,154.25,-18,4,0.666388889
2024/3/25 11:00,154.25,-17.75,2,0.334444444
2024/3/25 12:00,154.25,-17.75,4,0.664722222
2024/3/25 12:00,154.25,-17.5,2,0.334722222
2024/3/25 13:00,154.25,-17.5,4,0.666111111
2024/3/25 13:00,154.25,-17.25,2,0.335277778
2024/3/25 14:00,154.25,-17.25,5,0.831388889
2024/3/25 14:00,154.25,-17,1,0.167222222
2024/3/25 15:00,154.25,-17,5,0.832222222
2024/3/25 15:00,154.25,-16.75,1,0.167777778
2024/3/25 16:00,154.25,-16.75,5,0.833055556
2024/3/25 16:00,154.25,-16.5,1,0.168055556
2024/3/25 17:00,154.25,-16.5,6,0.999444444
2024/3/25 18:00,154.25,-16.25,6,1
2024/3/25 19:00,154.25,-16,6,0.999722222
2024/3/25 20:00,154.25,-15.75,4,0.665833333
2024/3/25 20:00,154.5,-15.75,2,0.333333333
2024/3/25 21:00,154.5,-15.75,1,0.165833333
2024/3/25 21:00,154.5,-15.5,5,0.835833333
2024/3/25 22:00,154.5,-15.5,1,0.165555556
2024/3/25 22:00,154.5,-15.25,5,0.834166667
2024/3/25 23:00,154.5,-15.25,1,0.164722222
2024/3/25 23:00,154.5,-15,5,0.834722222
2024/3/26 0:00,154.5,-15,2,0.331666667
2024/3/26 0:00,154.5,-14.75,4,0.666666667
2024/3/26 1:00,154.5,-14.75,2,0.333611111
2024/3/26 1:00,154.5,-14.5,4,0.668333333
2024/3/26 2:00,154.5,-14.5,3,0.499722222
2024/3/26 2:00,154.5,-14.25,3,0.500277778
2024/3/26 3:00,154.5,-14.25,3,0.498055556
2024/3/26 3:00,154.5,-14,3,0.502777778
2024/3/26 4:00,154.5,-14,4,0.665277778
2024/3/26 4:00,154.5,-13.75,2,0.333888889
2024/3/26 5:00,154.5,-13.75,4,0.665277778
2024/3/26 5:00,154.5,-13.5,2,0.333333333
2024/3/26 6:00,154.5,-13.5,4,0.6675
2024/3/26 6:00,154.5,-13.25,2,0.334444444
2024/3/26 7:00,154.5,-13.25,5,0.831944444
2024/3/26 7:00,154.5,-13,1,0.167777778
2024/3/26 8:00,154.5,-13,5,0.831388889
2024/3/26 8:00,154.5,-12.75,1,0.167777778
2024/3/26 9:00,154.5,-12.75,5,0.832777778
2024/3/26 9:00,154.5,-12.5,1,0.167777778
2024/3/26 10:00,154.5,-12.5,5,0.831666667
2024/3/26 10:00,154.5,-12.25,1,0.167777778
2024/3/26 11:00,154.5,-12.25,6,1.000555556
2024/3/26 12:00,154.75,-12,6,0.998611111
2024/3/26 13:00,154.75,-11.75,6,1
2024/3/26 14:00,154.75,-11.5,6,1.000277778
2024/3/26 15:00,154.5,-11.25,1,0.168333333
2024/3/26 15:00,154.75,-11.5,1,0.165833333
2024/3/26 15:00,154.75,-11.25,4,0.667222222
2024/3/26 16:00,154.5,-11.25,1,0.165
2024/3/26 16:00,154.5,-11,5,0.834722222
2024/3/26 17:00,154.5,-11,2,0.331944444
2024/3/26 17:00,154.5,-10.75,4,0.6675
2024/3/26 18:00,154.5,-10.75,2,0.3325
2024/3/26 18:00,154.5,-10.5,4,0.668055556
2024/3/26 19:00,154.5,-10.5,2,0.331666667
2024/3/26 19:00,154.5,-10.25,4,0.667222222
2024/3/26 20:00,154.5,-10.25,3,0.499722222
2024/3/26 20:00,154.5,-10,3,0.5
2024/3/26 21:00,154.25,-10,1,0.166666667
2024/3/26 21:00,154.25,-9.75,3,0.501111111
2024/3/26 21:00,154.5,-10,2,0.332777778
2024/3/26 22:00,154.25,-9.75,4,0.666388889
2024/3/26 22:00,154.25,-9.5,2,0.334444444
2024/3/26 23:00,154.25,-9.5,4,0.666388889
2024/3/26 23:00,154.25,-9.25,2,0.333333333
2024/3/27 0:00,154.25,-9.25,5,0.833055556
2024/3/27 0:00,154.25,-9,1,0.167777778
2024/3/27 1:00,154.25,-9,5,0.831388889
2024/3/27 1:00,154.25,-8.75,1,0.166666667
2024/3/27 2:00,154.25,-8.75,6,1.003611111
2024/3/27 3:00,154,-8.5,3,0.5
2024/3/27 3:00,154.25,-8.5,3,0.496944444
2024/3/27 4:00,154,-8.25,6,1.0025
2024/3/27 5:00,154,-8.25,1,0.164166667
2024/3/27 5:00,154,-8,5,0.835277778
2024/3/27 6:00,154,-8,1,0.164722222
2024/3/27 6:00,154,-7.75,5,0.835833333
2024/3/27 7:00,154,-7.75,2,0.330833333
2024/3/27 7:00,154,-7.5,4,0.6675
2024/3/27 8:00,154,-7.5,2,0.332222222
2024/3/27 8:00,154,-7.25,4,0.666666667
2024/3/27 9:00,153.75,-7,3,0.500555556
2024/3/27 9:00,154,-7.25,3,0.499722222
2024/3/27 10:00,153.75,-7,3,0.498888889
2024/3/27 10:00,153.75,-6.75,3,0.501111111
2024/3/27 11:00,153.75,-6.75,4,0.665555556
2024/3/27 11:00,153.75,-6.5,2,0.334444444
2024/3/27 12:00,153.75,-6.5,4,0.665833333
2024/3/27 12:00,153.75,-6.25,2,0.334444444
2024/3/27 13:00,153.75,-6.25,5,0.832777778
2024/3/27 13:00,153.75,-6,1,0.1675
2024/3/27 14:00,153.75,-6,6,0.998611111
2024/3/27 15:00,153.5,-5.75,3,0.500277778
2024/3/27 15:00,153.75,-5.75,3,0.500277778
2024/3/27 16:00,153.5,-5.5,6,1.001388889
2024/3/27 17:00,153.5,-5.5,1,0.165
2024/3/27 17:00,153.5,-5.25,5,0.835277778
2024/3/27 18:00,153.5,-5.25,1,0.166111111
2024/3/27 18:00,153.5,-5,5,0.833611111
2024/3/27 19:00,153.5,-5,2,0.332777778
2024/3/27 19:00,153.5,-4.75,4,0.665833333
2024/3/27 20:00,153.5,-4.75,3,0.5
2024/3/27 20:00,153.5,-4.5,3,0.499444444
2024/3/27 21:00,153.25,-4.25,2,0.333611111
2024/3/27 21:00,153.5,-4.5,3,0.500277778
2024/3/27 21:00,153.5,-4.25,1,0.1675
2024/3/27 22:00,153.25,-4.25,4,0.665833333
2024/3/27 22:00,153.25,-4,2,0.335555556
2024/3/27 23:00,153,-4,1,0.168611111
2024/3/27 23:00,153.25,-4,5,0.831666667
2024/3/28 0:00,153,-4,2,0.331388889
2024/3/28 0:00,153,-3.75,4,0.668055556
2024/3/28 1:00,152.75,-3.75,5,0.834166667
2024/3/28 1:00,153,-3.75,1,0.163888889
2024/3/28 2:00,152.5,-3.5,3,0.499722222
2024/3/28 2:00,152.75,-3.5,3,0.5
2024/3/28 3:00,152.25,-3.25,1,0.167222222
2024/3/28 3:00,152.5,-3.5,5,0.834166667
2024/3/28 4:00,152.25,-3.25,6,0.999722222
2024/3/28 5:00,152,-3.25,2,0.334166667
2024/3/28 5:00,152,-3,3,0.499166667
2024/3/28 5:00,152.25,-3.25,1,0.165277778
2024/3/28 6:00,151.75,-3,3,0.501388889
2024/3/28 6:00,152,-3,3,0.500555556
2024/3/28 7:00,151.5,-2.75,1,0.1675
2024/3/28 7:00,151.75,-3,1,0.164722222
2024/3/28 7:00,151.75,-2.75,4,0.666388889
2024/3/28 8:00,151.5,-2.75,6,1.001111111
2024/3/28 9:00,151.25,-2.5,4,0.667222222
2024/3/28 9:00,151.5,-2.5,2,0.332222222
2024/3/28 10:00,151,-2.5,1,0.166666667
2024/3/28 10:00,151,-2.25,1,0.1675
2024/3/28 10:00,151.25,-2.5,4,0.665555556
2024/3/28 11:00,151,-2.25,6,1.000277778
2024/3/28 12:00,150.75,-2.25,4,0.665833333
2024/3/28 12:00,150.75,-2,2,0.333055556
2024/3/28 13:00,150.5,-2,3,0.500555556
2024/3/28 13:00,150.75,-2,3,0.5
2024/3/28 14:00,150.5,-2,2,0.333333333
2024/3/28 14:00,150.5,-1.75,4,0.666944444
2024/3/28 15:00,150.25,-1.75,3,0.500277778
2024/3/28 15:00,150.25,-1.5,1,0.1675
2024/3/28 15:00,150.5,-1.75,2,0.3325
2024/3/28 16:00,150.25,-1.5,6,1
2024/3/28 17:00,150,-1.25,4,0.668055556
2024/3/28 17:00,150.25,-1.5,2,0.332222222
2024/3/28 18:00,150,-1.25,5,0.831944444
2024/3/28 18:00,150,-1,1,0.168055556
2024/3/28 19:00,149.75,-1,6,1.001111111
2024/3/28 20:00,149.5,-1,1,0.166111111
2024/3/28 20:00,149.5,-0.75,3,0.500277778
2024/3/28 20:00,149.75,-1,2,0.331944444
2024/3/28 21:00,149.25,-0.75,1,0.167222222
2024/3/28 21:00,149.5,-0.75,5,0.833055556
2024/3/28 22:00,149.25,-0.75,2,0.332222222
2024/3/28 22:00,149.25,-0.5,4,0.669166667
2024/3/28 23:00,149,-0.5,5,0.834444444
2024/3/28 23:00,149.25,-0.5,1,0.164722222
2024/3/29 0:00,148.75,-0.25,2,0.334722222
2024/3/29 0:00,149,-0.5,1,0.166111111
2024/3/29 0:00,149,-0.25,3,0.499444444
2024/3/29 1:00,148.75,-0.25,6,0.998611111
2024/3/29 2:00,148.5,0,5,0.834166667
2024/3/29 2:00,148.75,0,1,0.166944444
2024/3/29 3:00,148.25,0,1,0.166944444
2024/3/29 3:00,148.25,0.25,1,0.168611111
2024/3/29 3:00,148.5,0,4,0.664722222
2024/3/29 4:00,148.25,0.25,6,0.999444444
2024/3/29 5:00,148,0.25,2,0.332777778
2024/3/29 5:00,148,0.5,3,0.501111111
2024/3/29 5:00,148.25,0.25,1,0.166111111
2024/3/29 6:00,147.75,0.5,2,0.335277778
2024/3/29 6:00,148,0.5,4,0.665555556
2024/3/29 7:00,147.75,0.5,2,0.331666667
2024/3/29 7:00,147.75,0.75,4,0.667777778
2024/3/29 8:00,147.5,0.75,4,0.666666667
2024/3/29 8:00,147.75,0.75,2,0.332222222
2024/3/29 9:00,147.25,1,1,0.166666667
2024/3/29 9:00,147.5,0.75,1,0.166388889
2024/3/29 9:00,147.5,1,4,0.666666667
2024/3/29 10:00,147.25,1,5,0.833611111
2024/3/29 10:00,147.25,1.25,1,0.167222222
2024/3/29 11:00,147,1.25,4,0.666388889
2024/3/29 11:00,147.25,1.25,2,0.333055556
2024/3/29 12:00,146.75,1.5,1,0.167777778
2024/3/29 12:00,147,1.25,4,0.666388889
2024/3/29 12:00,147,1.5,1,0.166944444
2024/3/29 13:00,146.75,1.5,6,1
2024/3/29 14:00,146.5,1.75,3,0.500555556
2024/3/29 14:00,146.75,1.5,3,0.498611111
2024/3/29 15:00,146.5,1.75,6,1.001388889
2024/3/29 16:00,146.25,1.75,2,0.330833333
2024/3/29 16:00,146.25,2,4,0.668888889
2024/3/29 17:00,146,2,3,0.499722222
2024/3/29 17:00,146.25,2,3,0.499444444
2024/3/29 18:00,146,2.25,6,1
2024/3/29 19:00,145.75,2.25,5,0.832777778
2024/3/29 19:00,145.75,2.5,1,0.168333333
2024/3/29 20:00,145.5,2.5,3,0.501388889
2024/3/29 20:00,145.75,2.5,3,0.498611111
2024/3/29 21:00,145.5,2.5,4,0.664444444
2024/3/29 21:00,145.5,2.75,2,0.334166667
2024/3/29 22:00,145.25,2.75,6,1.000833333
2024/3/29 23:00,145,3,2,0.334166667
2024/3/29 23:00,145.25,2.75,2,0.332222222
2024/3/29 23:00,145.25,3,2,0.3325
2024/3/30 0:00,145,3,6,1.000555556
2024/3/30 1:00,144.75,3.25,5,0.834444444
2024/3/30 1:00,145,3,1,0.166666667
2024/3/30 2:00,144.5,3.25,2,0.333888889
2024/3/30 2:00,144.75,3.25,4,0.665555556
2024/3/30 3:00,144.5,3.5,6,1.000833333
2024/3/30 4:00,144.25,3.5,3,0.500833333
2024/3/30 4:00,144.25,3.75,2,0.334722222
2024/3/30 4:00,144.5,3.5,1,0.164166667
2024/3/30 5:00,144,3.75,2,0.336111111
2024/3/30 5:00,144.25,3.75,4,0.664722222
2024/3/30 6:00,144,3.75,3,0.497777778
2024/3/30 6:00,144,4,3,0.501388889
2024/3/30 7:00,143.75,4,4,0.666666667
2024/3/30 7:00,144,4,2,0.3325
2024/3/30 8:00,143.5,4.25,1,0.1675
2024/3/30 8:00,143.75,4,2,0.3325
2024/3/30 8:00,143.75,4.25,3,0.499722222
2024/3/30 9:00,143.5,4.25,6,1.000833333
2024/3/30 10:00,143.25,4.5,3,0.501111111
2024/3/30 10:00,143.5,4.25,2,0.331388889
2024/3/30 10:00,143.5,4.5,1,0.1675
2024/3/30 11:00,143.25,4.5,6,0.998333333
2024/3/30 12:00,143,4.75,5,0.834166667
2024/3/30 12:00,143.25,4.5,1,0.166388889
2024/3/30 13:00,142.75,4.75,2,0.333888889
2024/3/30 13:00,143,4.75,4,0.666111111
2024/3/30 14:00,142.75,5,6,1
2024/3/30 15:00,142.5,5,3,0.500833333
2024/3/30 15:00,142.5,5.25,1,0.166944444
2024/3/30 15:00,142.75,5,2,0.332222222
2024/3/30 16:00,142.25,5.25,1,0.166666667
2024/3/30 16:00,142.5,5.25,5,0.833333333
2024/3/30 17:00,142.25,5.25,4,0.666111111
2024/3/30 17:00,142.25,5.5,2,0.335833333
2024/3/30 18:00,142,5.5,3,0.501388889
2024/3/30 18:00,142.25,5.5,3,0.498055556
2024/3/30 19:00,142,5.5,3,0.498333333
2024/3/30 19:00,142,5.75,3,0.501388889
2024/3/30 20:00,141.75,5.75,6,1.000277778
2024/3/30 21:00,141.5,6,2,0.333055556
2024/3/30 21:00,141.75,5.75,2,0.331666667
2024/3/30 21:00,141.75,6,2,0.333611111
2024/3/30 22:00,141.5,6,6,1.001666667
2024/3/30 23:00,141.25,6.25,5,0.835555556
2024/3/30 23:00,141.5,6,1,0.164444444
2024/3/31 0:00,141,6.25,2,0.334444444
2024/3/31 0:00,141.25,6.25,4,0.666111111
2024/3/31 1:00,141,6.5,6,0.999722222
2024/3/31 2:00,140.75,6.5,4,0.666944444
2024/3/31 2:00,141,6.5,2,0.332222222
2024/3/31 3:00,140.75,6.75,6,0.999722222
2024/3/31 4:00,140.5,6.75,5,0.8325
2024/3/31 4:00,140.5,7,1,0.168333333
2024/3/31 5:00,140.25,7,3,0.503055556
2024/3/31 5:00,140.5,7,3,0.4975
2024/3/31 6:00,140.25,7,4,0.663611111
2024/3/31 6:00,140.25,7.25,2,0.334722222
2024/3/31 7:00,140,7.25,5,0.834166667
2024/3/31 7:00,140.25,7.25,1,0.167222222
2024/3/31 8:00,139.75,7.5,2,0.333888889
2024/3/31 8:00,140,7.25,3,0.497777778
2024/3/31 8:00,140,7.5,1,0.166111111
2024/3/31 9:00,139.75,7.5,6,1
2024/3/31 10:00,139.5,7.5,2,0.333055556
2024/3/31 10:00,139.5,7.75,3,0.501666667
2024/3/31 10:00,139.75,7.5,1,0.166388889
2024/3/31 11:00,139.25,7.75,1,0.166944444
2024/3/31 11:00,139.5,7.75,5,0.832777778
2024/3/31 12:00,139.25,7.75,2,0.3325
2024/3/31 12:00,139.25,8,4,0.667777778
2024/3/31 13:00,139,8,4,0.666944444
2024/3/31 13:00,139.25,8,2,0.332222222
2024/3/31 14:00,139,8.25,6,1.001111111
2024/3/31 15:00,138.75,8.25,5,0.831944444
2024/3/31 15:00,138.75,8.5,1,0.168055556
2024/3/31 16:00,138.5,8.5,3,0.500833333
2024/3/31 16:00,138.75,8.5,3,0.498611111
2024/3/31 17:00,138.5,8.5,4,0.665277778
2024/3/31 17:00,138.5,8.75,2,0.334722222
2024/3/31 18:00,138.25,8.75,6,1.000555556
2024/3/31 19:00,138,9,3,0.501388889
2024/3/31 19:00,138.25,8.75,3,0.498888889
2024/3/31 20:00,138,9,6,0.998333333
2024/3/31 21:00,137.75,9,2,0.334444444
2024/3/31 21:00,137.75,9.25,4,0.666388889
2024/3/31 22:00,137.5,9.25,3,0.501666667
2024/3/31 22:00,137.75,9.25,3,0.498888889
2024/3/31 23:00,137.25,9.5,1,0.167222222
2024/3/31 23:00,137.5,9.25,3,0.499166667
2024/3/31 23:00,137.5,9.5,2,0.332777778
2024/4/1 0:00,137.25,9.5,6,1.000277778
2024/4/1 1:00,137,9.5,2,0.334722222
2024/4/1 1:00,137,9.75,3,0.501666667
2024/4/1 1:00,137.25,9.5,1,0.165277778
2024/4/1 2:00,136.75,9.75,3,0.501388889
2024/4/1 2:00,137,9.75,3,0.497222222
2024/4/1 3:00,136.75,9.75,3,0.499166667
2024/4/1 3:00,136.75,10,3,0.500833333
2024/4/1 4:00,136.5,10,6,1.001388889
2024/4/1 5:00,136.25,10,1,0.167222222
2024/4/1 5:00,136.25,10.25,3,0.501666667
2024/4/1 5:00,136.5,10,2,0.330555556
2024/4/1 6:00,136,10.25,2,0.333055556
2024/4/1 6:00,136.25,10.25,4,0.665833333
2024/4/1 7:00,136,10.25,3,0.499444444
2024/4/1 7:00,136,10.5,3,0.500555556
2024/4/1 8:00,135.75,10.5,6,0.999722222
2024/4/1 9:00,135.5,10.5,2,0.333888889
2024/4/1 9:00,135.5,10.75,2,0.334166667
2024/4/1 9:00,135.75,10.5,2,0.332222222
2024/4/1 10:00,135.25,10.75,2,0.334166667
2024/4/1 10:00,135.5,10.75,4,0.665277778
2024/4/1 11:00,135.25,10.75,4,0.665833333
2024/4/1 11:00,135.25,11,2,0.333888889
2024/4/1 12:00,135,11,6,1.001388889
2024/4/1 13:00,134.75,11,1,0.167222222
2024/4/1 13:00,134.75,11.25,2,0.333055556
2024/4/1 13:00,135,11,3,0.498333333
2024/4/1 14:00,134.5,11.25,1,0.166944444
2024/4/1 14:00,134.75,11.25,5,0.833888889
2024/4/1 15:00,134.5,11.25,4,0.665277778
2024/4/1 15:00,134.5,11.5,2,0.334722222
2024/4/1 16:00,134.25,11.5,5,0.833888889
2024/4/1 16:00,134.5,11.5,1,0.166388889
2024/4/1 17:00,134,11.75,3,0.500277778
2024/4/1 17:00,134.25,11.5,3,0.499166667
2024/4/1 18:00,133.75,11.75,2,0.332222222
2024/4/1 18:00,134,11.75,4,0.667222222
2024/4/1 19:00,133.75,11.75,3,0.499722222
2024/4/1 19:00,133.75,12,3,0.501111111
2024/4/1 20:00,133.5,12,6,0.999166667
2024/4/1 21:00,133.25,12,1,0.166944444
2024/4/1 21:00,133.25,12.25,3,0.500555556
2024/4/1 21:00,133.5,12,2,0.333333333
2024/4/1 22:00,133,12.25,3,0.501388889
2024/4/1 22:00,133.25,12.25,3,0.500277778
2024/4/1 23:00,132.75,12.5,1,0.168055556
2024/4/1 23:00,133,12.25,2,0.331666667
2024/4/1 23:00,133,12.5,3,0.5
2024/4/2 0:00,132.75,12.5,6,0.999722222
2024/4/2 1:00,132.5,12.5,1,0.166111111
2024/4/2 1:00,132.5,12.75,5,0.834166667
2024/4/2 2:00,132.25,12.75,4,0.668888889
2024/4/2 2:00,132.5,12.75,2,0.331111111
2024/4/2 3:00,132,13,2,0.334444444
2024/4/2 3:00,132.25,12.75,1,0.165277778
2024/4/2 3:00,132.25,13,3,0.499722222
2024/4/2 4:00,132,13,6,0.999166667
2024/4/2 5:00,131.75,13,1,0.166666667
2024/4/2 5:00,131.75,13.25,5,0.834444444
2024/4/2 6:00,131.5,13.25,4,0.669166667
2024/4/2 6:00,131.75,13.25,2,0.3325
2024/4/2 7:00,131.25,13.5,2,0.333888889
2024/4/2 7:00,131.5,13.25,1,0.163333333
2024/4/2 7:00,131.5,13.5,3,0.500277778
2024/4/2 8:00,131.25,13.5,6,1
2024/4/2 9:00,131,13.5,1,0.166111111
2024/4/2 9:00,131,13.75,5,0.832777778
2024/4/2 10:00,130.75,13.75,4,0.667777778
2024/4/2 10:00,131,13.75,2,0.333055556
2024/4/2 11:00,130.5,14,2,0.333888889
2024/4/2 11:00,130.75,13.75,1,0.165555556
2024/4/2 11:00,130.75,14,3,0.499722222
2024/4/2 12:00,130.25,14,1,0.166944444
2024/4/2 12:00,130.5,14,5,0.833055556
2024/4/2 13:00,130.25,14,1,0.166111111
2024/4/2 13:00,130.25,14.25,5,0.834722222
2024/4/2 14:00,130,14.25,5,0.833611111
2024/4/2 14:00,130.25,14.25,1,0.166388889
2024/4/2 15:00,129.75,14.5,3,0.500833333
2024/4/2 15:00,130,14.25,1,0.166388889
2024/4/2 15:00,130,14.5,2,0.3325
2024/4/2 16:00,129.5,14.5,1,0.167222222
2024/4/2 16:00,129.75,14.5,5,0.8325
2024/4/2 17:00,129.5,14.5,1,0.166666667
2024/4/2 17:00,129.5,14.75,5,0.834444444
2024/4/2 18:00,129.25,14.75,5,0.833888889
2024/4/2 18:00,129.5,14.75,1,0.165555556
2024/4/2 19:00,129,15,3,0.501944444
2024/4/2 19:00,129.25,14.75,1,0.166111111
2024/4/2 19:00,129.25,15,2,0.332777778
2024/4/2 20:00,128.75,15,1,0.166944444
2024/4/2 20:00,129,15,5,0.831111111
2024/4/2 21:00,128.75,15,1,0.166666667
2024/4/2 21:00,128.75,15.25,5,0.833611111
2024/4/2 22:00,128.5,15.25,4,0.666944444
2024/4/2 22:00,128.75,15.25,2,0.334166667
2024/4/2 23:00,128.25,15.5,2,0.336111111
2024/4/2 23:00,128.5,15.25,1,0.166666667
2024/4/2 23:00,128.5,15.5,3,0.498888889
2024/4/3 0:00,128.25,15.5,6,0.998611111
2024/4/3 1:00,128,15.5,2,0.331666667
2024/4/3 1:00,128,15.75,4,0.6675
2024/4/3 2:00,127.75,15.75,4,0.665833333
2024/4/3 2:00,128,15.75,2,0.333611111
2024/4/3 3:00,127.5,16,1,0.167222222
2024/4/3 3:00,127.75,15.75,2,0.333888889
2024/4/3 3:00,127.75,16,3,0.499444444
2024/4/3 4:00,127.5,16,6,0.999722222
2024/4/3 5:00,127.25,16.25,5,0.834444444
2024/4/3 5:00,127.5,16,1,0.166944444
2024/4/3 6:00,127,16.25,3,0.502777778
2024/4/3 6:00,127.25,16.25,3,0.497777778
2024/4/3 7:00,126.75,16.5,1,0.166666667
2024/4/3 7:00,127,16.25,1,0.163888889
2024/4/3 7:00,127,16.5,4,0.668055556
2024/4/3 8:00,126.75,16.5,6,0.998888889
2024/4/3 9:00,126.5,16.75,5,0.8325
2024/4/3 9:00,126.75,16.5,1,0.167222222
2024/4/3 10:00,126.25,16.75,3,0.500555556
2024/4/3 10:00,126.5,16.75,3,0.500555556
2024/4/3 11:00,126,17,1,0.167222222
2024/4/3 11:00,126.25,16.75,1,0.165555556
2024/4/3 11:00,126.25,17,4,0.666666667
2024/4/3 12:00,126,17,6,1.000277778
2024/4/3 13:00,125.75,17.25,5,0.834444444
2024/4/3 13:00,126,17,1,0.166111111
2024/4/3 14:00,125.5,17.25,3,0.5
2024/4/3 14:00,125.75,17.25,3,0.499444444
2024/4/3 15:00,125.25,17.5,1,0.168333333
2024/4/3 15:00,125.5,17.5,5,0.8325
2024/4/3 16:00,125.25,17.5,6,0.999166667
2024/4/3 17:00,125,17.75,5,0.833611111
2024/4/3 17:00,125.25,17.75,1,0.167222222
2024/4/3 18:00,124.75,17.75,3,0.500833333
2024/4/3 18:00,125,17.75,3,0.498611111
2024/4/3 19:00,124.5,18,1,0.168055556
2024/4/3 19:00,124.75,18,5,0.832777778
2024/4/3 20:00,124.5,18,6,0.999722222
2024/4/3 21:00,124.25,18.25,5,0.834444444
2024/4/3 21:00,124.5,18.25,1,0.166111111
2024/4/3 22:00,124,18.25,3,0.499722222
2024/4/3 22:00,124.25,18.25,3,0.499722222
2024/4/3 23:00,123.75,18.5,1,0.1675
2024/4/3 23:00,124,18.5,5,0.832777778
2024/4/4 0:00,123.75,18.5,5,0.831666667
2024/4/4 0:00,123.75,18.75,1,0.168333333
2024/4/4 1:00,123.5,18.75,5,0.835277778
2024/4/4 1:00,123.75,18.75,1,0.164722222
2024/4/4 2:00,123.25,18.75,2,0.332777778
2024/4/4 2:00,123.25,19,2,0.335833333
2024/4/4 2:00,123.5,18.75,2,0.331944444
2024/4/4 3:00,123,19,2,0.332777778
2024/4/4 3:00,123.25,19,4,0.665833333
2024/4/4 4:00,123,19,4,0.666388889
2024/4/4 4:00,123,19.25,2,0.334166667
2024/4/4 5:00,122.75,19.25,6,1
2024/4/4 6:00,122.5,19.25,2,0.333333333
2024/4/4 6:00,122.5,19.5,2,0.336388889
2024/4/4 6:00,122.75,19.25,2,0.331944444
2024/4/4 7:00,122.25,19.5,3,0.501111111
2024/4/4 7:00,122.5,19.5,3,0.4975
2024/4/4 8:00,122,19.75,1,0.166944444
2024/4/4 8:00,122.25,19.5,3,0.499166667
2024/4/4 8:00,122.25,19.75,2,0.333055556
2024/4/4 9:00,121.75,19.75,1,0.166666667
2024/4/4 9:00,122,19.75,5,0.8325
2024/4/4 10:00,121.75,19.75,3,0.500277778
2024/4/4 10:00,121.75,20,3,0.500555556
2024/4/4 11:00,121.5,20,6,0.999722222
2024/4/4 12:00,121.25,20,4,0.6675
2024/4/4 12:00,121.5,20,2,0.3325
2024/4/4 13:00,121,20.25,1,0.167777778
2024/4/4 13:00,121.25,20,1,0.165833333
2024/4/4 13:00,121.25,20.25,4,0.666944444
2024/4/4 14:00,121,20.25,6,1.000277778
2024/4/4 15:00,120.75,20.25,5,0.834166667
2024/4/4 15:00,121,20.25,1,0.166388889
2024/4/4 16:00,120.5,20.5,3,0.501388889
2024/4/4 16:00,120.75,20.25,1,0.165
2024/4/4 16:00,120.75,20.5,2,0.334166667
2024/4/4 17:00,120.25,20.5,1,0.166944444
2024/4/4 17:00,120.5,20.5,5,0.831388889
2024/4/4 18:00,120.25,20.5,6,0.999166667
2024/4/4 19:00,120,20.5,6,1.003888889
2024/4/4 20:00,119.75,20.5,4,0.670277778
2024/4/4 20:00,120,20.5,2,0.33
2024/4/4 21:00,119.5,20.75,2,0.335277778
2024/4/4 21:00,119.75,20.5,3,0.495833333
2024/4/4 21:00,119.75,20.75,1,0.166388889
2024/4/4 22:00,119.25,20.75,1,0.1675
2024/4/4 22:00,119.5,20.75,5,0.833055556
2024/4/4 23:00,119.25,20.75,6,0.999444444
2024/4/5 0:00,119,20.75,6,0.999166667
2024/4/5 1:00,118.75,20.75,4,0.666388889
2024/4/5 1:00,119,20.75,2,0.333611111
2024/4/5 2:00,118.5,20.75,1,0.165833333
2024/4/5 2:00,118.5,21,2,0.336111111
2024/4/5 2:00,118.75,20.75,3,0.499722222
2024/4/5 3:00,118.25,21,3,0.499722222
2024/4/5 3:00,118.5,21,3,0.498611111
2024/4/5 4:00,118,21,1,0.167222222
2024/4/5 4:00,118.25,21,5,0.833611111
2024/4/5 5:00,118,21,6,1.001111111
2024/4/5 6:00,117.75,21,6,0.999722222
2024/4/5 7:00,117.5,21,1,0.167777778
2024/4/5 7:00,117.5,21.25,4,0.6675
2024/4/5 7:00,117.75,21,1,0.163888889
2024/4/5 8:00,117.25,21.25,3,0.501111111
2024/4/5 8:00,117.5,21.25,3,0.498055556
2024/4/5 9:00,117.25,21.25,6,0.999444444
2024/4/5 10:00,117.25,21.25,6,1.000555556
2024/4/5 11:00,117.25,21.25,6,0.999444444
2024/4/5 12:00,117,21.25,2,0.334722222
2024/4/5 12:00,117.25,21.25,4,0.666111111
2024/4/5 13:00,117,21.25,6,1.001388889
2024/4/5 14:00,117,21.25,6,0.998611111
2024/4/5 15:00,117,21.25,6,1.000555556
2024/4/5 16:00,117,21.25,6,1
2024/4/5 17:00,116.75,21.5,5,0.834722222
2024/4/5 17:00,117,21.25,1,0.165277778
2024/4/5 18:00,116.75,21.5,6,1.001111111
2024/4/5 19:00,116.5,21.5,2,0.330277778
2024/4/5 19:00,116.5,21.75,4,0.668055556
2024/4/5 20:00,116.25,21.75,3,0.5025
2024/4/5 20:00,116.5,21.75,3,0.499444444
2024/4/5 21:00,116.25,21.75,5,0.830555556
2024/4/5 21:00,116.25,22,1,0.168333333
2024/4/5 22:00,116,22,5,0.835277778
2024/4/5 22:00,116.25,22,1,0.164444444
2024/4/5 23:00,115.75,22,4,0.666388889
2024/4/5 23:00,116,22,2,0.332777778
2024/4/6 0:00,115.5,22,2,0.335555556
2024/4/6 0:00,115.75,22,4,0.666388889
2024/4/6 1:00,115.5,22,6,0.998888889
2024/4/6 2:00,115.25,22,6,0.999722222
2024/4/6 3:00,115,22,4,0.666944444
2024/4/6 3:00,115.25,22,2,0.332222222
2024/4/6 4:00,114.75,22,2,0.3325
2024/4/6 4:00,115,22,4,0.6675
2024/4/6 5:00,114.75,22,6,0.999722222
2024/4/6 6:00,114.5,22,6,1.001666667
2024/4/6 7:00,114.25,22.25,3,0.501388889
2024/4/6 7:00,114.5,22,2,0.332222222
2024/4/6 7:00,114.5,22.25,1,0.166388889
2024/4/6 8:00,114.25,22.25,6,0.998888889
2024/4/6 9:00,114.25,22.25,6,1.000833333
2024/4/6 10:00,114.25,22.25,6,0.998333333
2024/4/6 11:00,114.25,22.25,6,1.000555556
2024/4/6 12:00,114.25,22.25,6,1.000277778
2024/4/6 13:00,114.25,22.25,6,0.999444444
2024/4/6 14:00,114.25,22.25,6,1.000555556
2024/4/6 15:00,114.25,22.25,6,1
2024/4/6 16:00,114.25,22.25,6,1.000277778
2024/4/6 17:00,114.25,22.25,6,1.001111111
2024/4/6 18:00,114.25,22.25,6,0.998888889
2024/4/6 19:00,114.25,22.25,6,0.999722222
2024/4/6 20:00,114.25,22.25,6,0.999166667
2024/4/6 21:00,114.25,22.25,6,1.001388889
2024/4/6 22:00,114.25,22.25,6,1
2024/4/6 23:00,114.25,22.25,6,1
2024/4/7 0:00,114.25,22.25,6,1.000277778
2024/4/7 1:00,114.25,22.25,6,0.999444444
2024/4/7 2:00,114.25,22.25,6,1.001111111
2024/4/7 3:00,114.25,22.25,6,0.998333333
2024/4/7 4:00,114.25,22.25,6,1.000555556
2024/4/7 5:00,114.25,22.25,6,0.998888889
2024/4/7 6:00,114.25,22.25,6,1.001388889
2024/4/7 7:00,114.25,22.25,6,1.000555556
2024/4/7 8:00,114.25,22.25,6,0.999444444
2024/4/7 9:00,114.25,22.25,6,1.000277778
2024/4/7 10:00,114.25,22.25,6,0.998611111
2024/4/7 11:00,114.25,22.25,6,1.000555556
2024/4/7 12:00,114.25,22.25,6,1.000555556
2024/4/7 13:00,114.25,22.25,6,1
2024/4/7 14:00,114.25,22.25,6,1.000277778
2024/4/7 15:00,114.25,22.25,6,1
2024/4/7 16:00,114.25,22.25,6,0.998611111
2024/4/7 17:00,114.25,22.25,6,1.001388889
2024/4/7 18:00,114.25,22.25,6,0.999166667
2024/4/7 19:00,114.25,22.25,6,1.000555556
2024/4/7 20:00,114.25,22.25,6,0.999444444
2024/4/7 21:00,114.25,22.25,6,1.000833333
2024/4/7 22:00,114.25,22.25,6,1.001111111
2024/4/7 23:00,114.25,22.25,6,1
2024/4/8 0:00,114.25,22.25,6,0.998333333
2024/4/8 1:00,114.25,22.25,6,1.001111111
2024/4/8 2:00,114.25,22.25,6,0.999166667
2024/4/8 3:00,114.25,22.25,6,0.999444444
2024/4/8 4:00,114.25,22.25,6,1.001944444
2024/4/8 5:00,114.25,22.25,6,0.999166667
2024/4/8 6:00,114.25,22.25,6,0.998888889
2024/4/8 7:00,114.25,22.25,6,1
2024/4/8 8:00,114.25,22.25,6,1.000833333
2024/4/8 9:00,114.25,22.25,6,0.999166667
2024/4/8 10:00,114.25,22.25,6,1
2024/4/8 11:00,114.25,22.25,6,1.000555556
2024/4/8 12:00,114.25,22.25,6,0.998611111
2024/4/8 13:00,114.25,22.25,6,1.002222222
2024/4/8 14:00,114.25,22.25,6,0.999722222
2024/4/8 15:00,114.25,22.25,6,0.999722222
2024/4/8 16:00,114.25,22.25,6,1.000555556
2024/4/8 17:00,114.25,22.25,6,0.999722222
2024/4/8 18:00,114.25,22.25,6,0.998611111
2024/4/8 19:00,114.25,22.25,6,1.000555556
2024/4/8 20:00,114.25,22.25,6,1.000833333
2024/4/8 21:00,114.25,22.25,6,1
2024/4/8 22:00,114.25,22.25,6,1
2024/4/8 23:00,114.25,22.25,6,0.998333333
2024/4/9 0:00,114.25,22.25,6,1.003055556
2024/4/9 1:00,114.25,22.25,6,0.996666667
2024/4/9 2:00,114.25,22.25,6,1.001111111
2024/4/9 3:00,114.25,22.25,6,1
2024/4/9 4:00,114.25,22.25,6,0.999722222
2024/4/9 5:00,114.25,22.25,6,1.000555556
2024/4/9 6:00,114.25,22.25,6,0.999166667
2024/4/9 7:00,114.25,22.25,6,0.999722222
2024/4/9 8:00,114.25,22.25,6,1.000833333
2024/4/9 9:00,114.25,22.25,6,0.999722222
2024/4/9 10:00,114.25,22.25,6,0.998888889
2024/4/9 11:00,114.25,22.25,6,1.001388889
2024/4/9 12:00,114.25,22.25,6,1.001111111
2024/4/9 13:00,114.25,22.25,6,0.998055556
2024/4/9 14:00,114.25,22.25,6,1.001388889
2024/4/9 15:00,114.25,22.25,6,1.000277778
2024/4/9 16:00,114.25,22.25,6,0.999722222
2024/4/9 17:00,114.25,22.25,6,1.000277778
2024/4/9 18:00,114.25,22.25,6,0.999722222
2024/4/9 19:00,114.25,22.25,6,0.999166667
2024/4/9 20:00,114.25,22.25,6,1
2024/4/9 21:00,114.25,22.25,6,0.999722222
2024/4/9 22:00,114.25,22.25,6,1.000277778
2024/4/9 23:00,114.25,22.25,6,1.000555556
2024/4/10 0:00,114.25,22.25,6,1
2024/4/10 1:00,114.25,22.25,6,1.001666667
2024/4/10 2:00,114.25,22.25,6,0.999444444
2024/4/10 3:00,114.25,22.25,6,0.999166667
2024/4/10 4:00,114.25,22.25,6,0.999722222
2024/4/10 5:00,114.25,22.25,6,1
2024/4/10 6:00,114.25,22.25,6,1.001388889
2024/4/10 7:00,114.25,22.25,6,0.998333333
2024/4/10 8:00,114.25,22.25,6,1.000555556
2024/4/10 9:00,114.25,22.25,6,0.999166667
2024/4/10 10:00,114.25,22.25,6,1.002222222
2024/4/10 11:00,114.25,22.25,6,0.998055556
2024/4/10 12:00,114.25,22.25,6,1
2024/4/10 13:00,114.25,22.25,6,1.000277778
2024/4/10 14:00,114.25,22.25,6,0.998611111
2024/4/10 15:00,114.25,22.25,6,1.001388889
2024/4/10 16:00,114.25,22.25,6,1.000277778
2024/4/10 17:00,114.25,22.25,6,0.999444444
2024/4/10 18:00,114.25,22.25,6,1.000555556
2024/4/10 19:00,114.25,22.25,6,1
2024/4/10 20:00,114.25,22.25,6,0.999722222
2024/4/10 21:00,114.25,22.25,6,1
2024/4/10 22:00,114.25,22.25,6,1.000277778
2024/4/10 23:00,114.25,22.25,6,1.001388889
2024/4/11 0:00,114.25,22.25,6,0.999444444
2024/4/11 1:00,114.25,22.25,6,1.000277778
2024/4/11 2:00,114.25,22.25,6,1.000277778
2024/4/11 3:00,114.25,22.25,6,0.998611111
2024/4/11 4:00,114.25,22.25,6,1.000277778
2024/4/11 5:00,114.25,22.25,6,0.998611111
2024/4/11 6:00,114.25,22.25,6,1.003055556
2024/4/11 7:00,114.25,22.25,6,0.998055556
2024/4/11 8:00,114.25,22.25,6,0.998333333
2024/4/11 9:00,114.25,22.25,6,1.001666667
2024/4/11 10:00,114.25,22.25,6,0.999166667
2024/4/11 11:00,114.25,22.25,6,0.999722222
2024/4/11 12:00,114.25,22.25,6,1
2024/4/11 13:00,114.25,22.25,6,1.000555556
2024/4/11 14:00,114.25,22.25,6,0.999722222
2024/4/11 15:00,114.25,22.25,6,1
2024/4/11 16:00,114.25,22.25,6,0.999166667
2024/4/11 17:00,114.25,22.25,6,1.001111111
2024/4/11 18:00,114.25,22.25,6,1.000833333
2024/4/11 19:00,114.25,22.25,6,0.998055556
2024/4/11 20:00,114.25,22.25,6,1.001666667
2024/4/11 21:00,114.25,22.25,6,1.001111111
2024/4/11 22:00,114.25,22.25,6,0.998333333
2024/4/11 23:00,114.25,22.25,6,1.000555556
2024/4/12 0:00,114.25,22.25,6,0.998888889
2024/4/12 1:00,114.25,22.25,6,1.000277778
2024/4/12 2:00,114.25,22.25,6,1.001111111
2024/4/12 3:00,114.25,22.25,6,0.998611111
2024/4/12 4:00,114.25,22.25,6,1.001111111
2024/4/12 5:00,114.25,22.25,6,0.999722222
2024/4/12 6:00,114.25,22.25,6,1.001111111
2024/4/12 7:00,114.25,22.25,6,1
2024/4/12 8:00,114.25,22.25,6,0.999444444
2024/4/12 9:00,114.25,22.25,6,0.999166667
2024/4/12 10:00,114.25,22.25,6,1
2024/4/12 11:00,114.25,22.25,6,1.000277778
2024/4/12 12:00,114.25,22.25,6,0.999166667
2024/4/12 13:00,114.25,22.25,6,1.000277778
2024/4/12 14:00,114.25,22.25,6,1.000833333
2024/4/12 15:00,114.25,22.25,6,0.999444444
2024/4/12 16:00,114.5,22.25,6,1.000277778
2024/4/12 17:00,114.5,22.25,1,0.166388889
2024/4/12 17:00,114.75,22.25,5,0.834444444
2024/4/12 18:00,114.75,22.25,3,0.498333333
2024/4/12 18:00,115,22.25,3,0.500277778
2024/4/12 19:00,115,22.25,5,0.832222222
2024/4/12 19:00,115.25,22.25,1,0.166944444
2024/4/12 20:00,115.25,22.25,6,1.001388889
2024/4/12 21:00,115.25,22.25,1,0.165277778
2024/4/12 21:00,115.5,22.25,5,0.836388889
2024/4/12 22:00,115.5,22,1,0.166388889
2024/4/12 22:00,115.5,22.25,2,0.330833333
2024/4/12 22:00,115.75,22,3,0.501666667
2024/4/12 23:00,115.75,22,4,0.666111111
2024/4/12 23:00,115.75,22.25,1,0.166666667
2024/4/12 23:00,116,22.25,1,0.168333333
2024/4/13 0:00,116,22.25,6,0.999166667
2024/4/13 1:00,116,22.25,1,0.165277778
2024/4/13 1:00,116.25,22.25,5,0.833055556
2024/4/13 2:00,116.25,22.25,6,1.001388889
2024/4/13 3:00,116.5,22.5,6,1.001666667
2024/4/13 4:00,116.5,22.5,4,0.663611111
2024/4/13 4:00,116.75,22.5,2,0.334166667
2024/4/13 5:00,116.75,22.5,3,0.499166667
2024/4/13 5:00,116.75,22.75,3,0.502222222
2024/4/13 6:00,116.75,22.75,1,0.163611111
2024/4/13 6:00,117,22.75,5,0.835555556
2024/4/13 7:00,117,22.75,5,0.833333333
2024/4/13 7:00,117.25,22.75,1,0.167222222
2024/4/13 8:00,117.25,23,6,0.998611111
2024/4/13 9:00,117.25,23,4,0.665555556
2024/4/13 9:00,117.5,23,2,0.334444444
2024/4/13 10:00,117.5,23,1,0.165555556
2024/4/13 10:00,117.5,23.25,5,0.833611111
2024/4/13 11:00,117.5,23.25,2,0.333611111
2024/4/13 11:00,117.75,23.25,4,0.6675
2024/4/13 12:00,117.75,23.25,1,0.165833333
2024/4/13 12:00,117.75,23.5,4,0.666944444
2024/4/13 12:00,118,23.5,1,0.167777778
2024/4/13 13:00,118,23.5,6,0.999166667
2024/4/13 14:00,118,23.5,2,0.333055556
2024/4/13 14:00,118.25,23.5,1,0.165833333
2024/4/13 14:00,118.25,23.75,3,0.501944444
2024/4/13 15:00,118.25,23.75,6,1.000555556
2024/4/13 16:00,118.5,23.75,3,0.498333333
2024/4/13 16:00,118.5,24,3,0.501388889
2024/4/13 17:00,118.5,24,4,0.664722222
2024/4/13 17:00,118.75,24,2,0.334166667
2024/4/13 18:00,118.75,24,4,0.666111111
2024/4/13 18:00,118.75,24.25,2,0.333333333
2024/4/13 19:00,118.75,24.25,3,0.5
2024/4/13 19:00,119,24.25,3,0.501388889
2024/4/13 20:00,119,24.25,4,0.665555556
2024/4/13 20:00,119,24.5,2,0.335
2024/4/13 21:00,119,24.5,1,0.163888889
2024/4/13 21:00,119.25,24.5,5,0.835
2024/4/13 22:00,119.25,24.5,4,0.666388889
2024/4/13 22:00,119.25,24.75,2,0.333055556
2024/4/13 23:00,119.5,24.75,6,1.000555556
2024/4/14 0:00,119.5,24.75,5,0.832777778
2024/4/14 0:00,119.75,24.75,1,0.168055556
2024/4/14 1:00,119.75,24.75,1,0.164166667
2024/4/14 1:00,119.75,25,5,0.836111111
2024/4/14 2:00,119.75,25,4,0.664444444
2024/4/14 2:00,120,25,2,0.333333333
2024/4/14 3:00,120,25,4,0.666111111
2024/4/14 3:00,120,25.25,2,0.335833333
2024/4/14 4:00,120,25.25,4,0.665277778
2024/4/14 4:00,120.25,25.25,2,0.334444444
2024/4/14 5:00,120.25,25.25,2,0.333055556
2024/4/14 5:00,120.25,25.5,4,0.665277778
2024/4/14 6:00,120.25,25.5,6,1.001666667
2024/4/14 7:00,120.5,25.75,6,0.998888889
2024/4/14 8:00,120.5,25.75,5,0.832222222
2024/4/14 8:00,120.5,26,1,0.167222222
2024/4/14 9:00,120.5,26,1,0.166111111
2024/4/14 9:00,120.75,26,5,0.834722222
2024/4/14 10:00,120.75,26,3,0.498888889
2024/4/14 10:00,120.75,26.25,3,0.501111111
2024/4/14 11:00,120.75,26.25,1,0.165833333
2024/4/14 11:00,121,26.25,5,0.833888889
2024/4/14 12:00,121,26.25,3,0.499166667
2024/4/14 12:00,121,26.5,3,0.5
2024/4/14 13:00,121,26.5,5,0.833611111
2024/4/14 13:00,121.25,26.5,1,0.1675
2024/4/14 14:00,121.25,26.5,6,0.999722222
2024/4/14 15:00,121.25,26.5,2,0.332777778
2024/4/14 15:00,121.5,26.75,4,0.6675
2024/4/14 16:00,121.5,26.75,6,1.001111111
2024/4/14 17:00,121.5,26.75,2,0.330833333
2024/4/14 17:00,121.75,27,4,0.668333333
2024/4/14 18:00,121.75,27,6,1.001388889
2024/4/14 19:00,121.75,27.25,6,0.998611111
2024/4/14 20:00,121.75,27.25,3,0.498611111
2024/4/14 20:00,121.75,27.5,3,0.501388889
2024/4/14 21:00,121.75,27.5,6,1.000833333
2024/4/14 22:00,121.75,27.75,2,0.331944444
2024/4/14 22:00,122,27.75,4,0.666944444
2024/4/14 23:00,122,27.75,5,0.833055556
2024/4/14 23:00,122,28,1,0.167777778
2024/4/15 0:00,122,28,6,0.999722222
2024/4/15 1:00,122,28,1,0.165277778
2024/4/15 1:00,122.25,28,2,0.333055556
2024/4/15 1:00,122.25,28.25,3,0.501944444
2024/4/15 2:00,122.25,28.25,6,1
2024/4/15 3:00,122.25,28.25,2,0.331666667
2024/4/15 3:00,122.25,28.5,3,0.499722222
2024/4/15 3:00,122.5,28.5,1,0.167777778
2024/4/15 4:00,122.5,28.5,6,1.000555556
2024/4/15 5:00,122.5,28.5,1,0.165833333
2024/4/15 5:00,122.5,28.75,5,0.835833333
2024/4/15 6:00,122.5,28.75,6,0.998333333
2024/4/15 7:00,122.5,28.75,1,0.166666667
2024/4/15 7:00,122.5,29,5,0.833611111
2024/4/15 8:00,122.5,29,3,0.498055556
2024/4/15 8:00,122.75,29,3,0.500833333
2024/4/15 9:00,122.75,29.25,6,0.999722222
2024/4/15 10:00,122.75,29.25,4,0.665833333
2024/4/15 10:00,122.75,29.5,2,0.334166667
2024/4/15 11:00,122.75,29.5,6,1.000833333
2024/4/15 12:00,122.75,29.5,2,0.331666667
2024/4/15 12:00,122.75,29.75,4,0.668055556
2024/4/15 13:00,122.75,29.75,3,0.498611111
2024/4/15 13:00,123,29.75,3,0.500833333
2024/4/15 14:00,123,29.75,1,0.165833333
2024/4/15 14:00,123,30,5,0.835555556
2024/4/15 15:00,123,30,5,0.831666667
2024/4/15 15:00,123,30.25,1,0.166944444
2024/4/15 16:00,123,30.25,6,1
2024/4/15 17:00,123,30.25,6,1.000833333
2024/4/15 18:00,123.25,30.5,6,1.000277778
2024/4/15 19:00,123,30.75,2,0.333611111
2024/4/15 19:00,123.25,30.5,4,0.665555556
2024/4/15 20:00,123,30.75,6,1
2024/4/15 21:00,123,30.75,3,0.498888889
2024/4/15 21:00,123,31,3,0.501666667
2024/4/15 22:00,123,31,6,0.999722222
2024/4/15 23:00,122.75,31,3,0.500277778
2024/4/15 23:00,123,31,3,0.499722222
2024/4/16 0:00,122.5,31,1,0.168055556
2024/4/16 0:00,122.75,31,5,0.833055556
2024/4/16 1:00,122.5,31,2,0.331111111
2024/4/16 1:00,122.5,31.25,4,0.667777778
2024/4/16 2:00,122.5,31.25,6,1.000555556
2024/4/16 3:00,122.5,31.25,6,0.998888889
2024/4/16 4:00,122.5,31.25,6,0.999444444
2024/4/16 5:00,122.25,31,3,0.498888889
2024/4/16 5:00,122.25,31.25,2,0.335
2024/4/16 5:00,122.5,31,1,0.1675
2024/4/16 6:00,122,31.25,3,0.502777778
2024/4/16 6:00,122.25,31.25,3,0.498333333
2024/4/16 7:00,121.75,31.25,3,0.501111111
2024/4/16 7:00,122,31.25,3,0.498055556
2024/4/16 8:00,121.75,31.25,6,0.999166667
2024/4/16 9:00,121.75,31.25,6,0.999166667
2024/4/16 10:00,121.75,31.25,6,1.001388889
2024/4/16 11:00,121.75,31.25,6,1
2024/4/16 12:00,121.75,31.25,6,1.000833333
2024/4/16 13:00,121.75,31.25,2,0.331666667
